No,Family,Category,Stroke,Classifications,Keywords,Styles,Variable Axes,Subsets,Designers,Popularity Rank,Trending Rank,Is Noto,Date Added,Last Modified,Google Fonts URL
1,ABeeZee,Sans Serif,Sans Serif,,clean modern minimal professional readable neutral geometric humanist grotesque italic english western european extended-latin european well-known common,400 | 400i,,latin | latin-ext,Anja Meiners,182,1805,No,2012-09-30,2025-09-08,https://fonts.google.com/specimen/ABeeZee
2,ADLaM Display,Display,,Display,bold decorative headline attention-grabbing creative expressive  headline hero decorative large-text attention english western european extended-latin european,400,,adlam | latin | latin-ext,Mark Jamra | Neil Patel | Andrew Footit,666,364,No,2023-08-14,2025-05-30,https://fonts.google.com/specimen/ADLaM+Display
3,AR One Sans,Sans Serif,Sans Serif,,clean modern minimal professional readable neutral geometric humanist grotesque variable variable-font responsive variable-weight english western european extended-latin european vietnamese,400 | 500 | 600 | 700,ARRR: - | wght: -,latin | latin-ext | vietnamese,Niteesh Yadav,746,616,No,2023-09-05,2025-09-16,https://fonts.google.com/specimen/AR+One+Sans
4,Abel,Sans Serif,Sans Serif,,clean modern minimal professional readable neutral geometric humanist grotesque english western european popular widely-used,400,,latin,MADType,134,1223,No,2011-08-03,2025-05-30,https://fonts.google.com/specimen/Abel
5,Abhaya Libre,Serif,Serif,,elegant traditional classic refined literary editorial transitional oldstyle didone english western european extended-latin european sinhala sri-lankan,400 | 500 | 600 | 700 | 800,,latin | latin-ext | sinhala,Mooniak,410,1601,No,2016-08-30,2025-09-16,https://fonts.google.com/specimen/Abhaya+Libre
6,Aboreto,Display,,Display,bold decorative headline attention-grabbing creative expressive  headline hero decorative large-text attention english western european extended-latin european,400,,latin | latin-ext,Dominik Jáger,485,186,No,2022-05-26,2025-05-30,https://fonts.google.com/specimen/Aboreto
7,Abril Fatface,Display,Serif,Display,bold decorative headline attention-grabbing creative expressive transitional oldstyle didone headline hero decorative large-text attention english western european extended-latin european well-known common,400,,latin | latin-ext,TypeTogether,161,1860,No,2011-08-31,2025-09-16,https://fonts.google.com/specimen/Abril+Fatface
8,Abyssinica SIL,Serif,Serif,,elegant traditional classic refined literary editorial transitional oldstyle didone ethiopic amharic english western european extended-latin european,400,,ethiopic | latin | latin-ext,SIL International,1123,788,No,2016-01-20,2025-09-10,https://fonts.google.com/specimen/Abyssinica+SIL
9,Aclonica,Sans Serif,Sans Serif,Display,clean modern minimal professional readable neutral geometric humanist grotesque headline hero decorative large-text attention english western european extended-latin european,400,,latin | latin-ext,Astigmatic,588,1970,No,2011-04-27,2025-09-08,https://fonts.google.com/specimen/Aclonica
10,Acme,Sans Serif,Sans Serif,Display,clean modern minimal professional readable neutral geometric humanist grotesque headline hero decorative large-text attention english western european well-known common,400,,latin,Juan Pablo del Peral | Huerta Tipográfica,227,1803,No,2011-12-19,2025-09-16,https://fonts.google.com/specimen/Acme
11,Actor,Sans Serif,Sans Serif,,clean modern minimal professional readable neutral geometric humanist grotesque english western european well-known common,400,,latin,Thomas Junold,287,1886,No,2011-08-03,2025-09-10,https://fonts.google.com/specimen/Actor
12,Adamina,Serif,Serif,,elegant traditional classic refined literary editorial transitional oldstyle didone english western european,400,,latin,Cyreal,517,829,No,2011-09-07,2025-09-16,https://fonts.google.com/specimen/Adamina
13,Advent Pro,Sans Serif,Sans Serif,Display,clean modern minimal professional readable neutral geometric humanist grotesque headline hero decorative large-text attention versatile multi-weight flexible italic variable variable-font responsive variable-weight variable-width russian cyrillic slavic cyrillic extended greek english western european extended-latin european well-known common,100 | 100i | 200 | 200i | 300 | 300i | 400 | 400i | 500 | 500i | 600 | 600i | 700 | 700i | 800 | 800i | 900 | 900i,wdth: - | wght: -,cyrillic | cyrillic-ext | greek | latin | latin-ext,VivaRado,258,2192,No,2012-02-29,2025-09-16,https://fonts.google.com/specimen/Advent+Pro
14,Afacad,Sans Serif,Sans Serif,,clean modern minimal professional readable neutral geometric humanist grotesque italic variable variable-font responsive variable-weight cyrillic extended english western european extended-latin european vietnamese multilingual international,400 | 400i | 500 | 500i | 600 | 600i | 700 | 700i,wght: -,cyrillic-ext | latin | latin-ext | math | symbols | vietnamese,Kristian Möller | Dicotype,475,1797,No,2023-12-04,2025-09-04,https://fonts.google.com/specimen/Afacad
15,Afacad Flux,Sans Serif,Sans Serif,,clean modern minimal professional readable neutral geometric humanist grotesque versatile multi-weight flexible variable variable-font responsive variable-weight variable-slant english western european extended-latin european vietnamese,100 | 1000 | 200 | 300 | 400 | 500 | 600 | 700 | 800 | 900,slnt: - | wght: -,latin | latin-ext | vietnamese,Kristian Möller | Dicotype,745,128,No,2024-09-23,2025-09-08,https://fonts.google.com/specimen/Afacad+Flux
16,Agbalumo,Display,,Display,bold decorative headline attention-grabbing creative expressive  headline hero decorative large-text attention cyrillic extended ethiopic amharic english western european extended-latin european vietnamese,400,,cyrillic-ext | ethiopic | latin | latin-ext | vietnamese,Raphael Alẹ́gbẹ́lẹ́yẹ̀ | Sorkin Type | Eben Sorkin,775,1986,No,2023-10-05,2025-06-25,https://fonts.google.com/specimen/Agbalumo
17,Agdasima,Sans Serif,Sans Serif,Display,clean modern minimal professional readable neutral geometric humanist grotesque headline hero decorative large-text attention english western european extended-latin european,400 | 700,,latin | latin-ext,The DocRepair Project | Patric King,812,1723,No,2023-04-02,2025-06-02,https://fonts.google.com/specimen/Agdasima
18,Agu Display,Display,Serif,Display,bold decorative headline attention-grabbing creative expressive transitional oldstyle didone headline hero decorative large-text attention variable variable-font responsive english western european extended-latin european vietnamese,400,MORF: -,latin | latin-ext | vietnamese,Seun Badejo,1582,1604,No,2024-12-09,2025-09-04,https://fonts.google.com/specimen/Agu+Display
19,Aguafina Script,Handwriting,,Handwriting | Display,personal casual friendly warm handwritten script organic  script cursive hand-drawn artistic informal headline hero decorative large-text attention english western european extended-latin european,400,,latin | latin-ext,Sudtipos,813,205,No,2011-11-30,2025-09-02,https://fonts.google.com/specimen/Aguafina+Script
20,Akatab,Sans Serif,Sans Serif,,clean modern minimal professional readable neutral geometric humanist grotesque versatile multi-weight flexible english western european extended-latin european,400 | 500 | 600 | 700 | 800 | 900,,latin | latin-ext | tifinagh,SIL International,966,58,No,2023-06-21,2025-09-10,https://fonts.google.com/specimen/Akatab
21,Akaya Kanadaka,Display,,Display,bold decorative headline attention-grabbing creative expressive  headline hero decorative large-text attention kannada indian english western european extended-latin european,400,,kannada | latin | latin-ext,Vaishnavi Murthy | Juan Luis Blanco,996,72,No,2021-01-14,2025-09-16,https://fonts.google.com/specimen/Akaya+Kanadaka
22,Akaya Telivigala,Display,,Display,bold decorative headline attention-grabbing creative expressive  headline hero decorative large-text attention english western european extended-latin european telugu indian,400,,latin | latin-ext | telugu,Vaishnavi Murthy | Juan Luis Blanco,1366,1498,No,2016-06-15,2025-09-02,https://fonts.google.com/specimen/Akaya+Telivigala
23,Akronim,Display,,Display,bold decorative headline attention-grabbing creative expressive  headline hero decorative large-text attention english western european extended-latin european,400,,latin | latin-ext,Grzegorz Klimczewski,1222,693,No,2012-09-23,2025-05-30,https://fonts.google.com/specimen/Akronim
24,Akshar,Sans Serif,Sans Serif,,clean modern minimal professional readable neutral geometric humanist grotesque variable variable-font responsive variable-weight hindi devanagari indian english western european extended-latin european,300 | 400 | 500 | 600 | 700,wght: -,devanagari | latin | latin-ext,Tall Chai,316,48,No,2022-03-21,2025-09-08,https://fonts.google.com/specimen/Akshar
25,Aladin,Display,,Display,bold decorative headline attention-grabbing creative expressive  headline hero decorative large-text attention english western european extended-latin european,400,,latin | latin-ext,Sudtipos,988,1299,No,2011-11-30,2025-09-11,https://fonts.google.com/specimen/Aladin
26,Alan Sans,Sans Serif,Sans Serif,,clean modern minimal professional readable neutral geometric humanist grotesque versatile multi-weight flexible variable variable-font responsive variable-weight english western european extended-latin european,300 | 400 | 500 | 600 | 700 | 800 | 900,wght: -,latin | latin-ext,Raphaël Ronot,1379,1378,No,2025-09-17,2025-11-20,https://fonts.google.com/specimen/Alan+Sans
27,Alata,Sans Serif,Sans Serif,,clean modern minimal professional readable neutral geometric humanist grotesque english western european extended-latin european vietnamese well-known common,400,,latin | latin-ext | vietnamese,Spyros Zevelakis | Eben Sorkin,262,1520,No,2019-11-08,2025-09-04,https://fonts.google.com/specimen/Alata
28,Alatsi,Sans Serif,Sans Serif,,clean modern minimal professional readable neutral geometric humanist grotesque cyrillic extended english western european extended-latin european vietnamese,400,,cyrillic-ext | latin | latin-ext | vietnamese,Spyros Zevelakis | Eben Sorkin,635,1838,No,2019-11-07,2025-09-10,https://fonts.google.com/specimen/Alatsi
29,Albert Sans,Sans Serif,Sans Serif,,clean modern minimal professional readable neutral geometric humanist grotesque versatile multi-weight flexible italic variable variable-font responsive variable-weight english western european extended-latin european well-known common,100 | 100i | 200 | 200i | 300 | 300i | 400 | 400i | 500 | 500i | 600 | 600i | 700 | 700i | 800 | 800i | 900 | 900i,wght: -,latin | latin-ext,Andreas Rasmussen,171,550,No,2022-06-08,2025-09-11,https://fonts.google.com/specimen/Albert+Sans
30,Aldrich,Sans Serif,Sans Serif,Display,clean modern minimal professional readable neutral geometric humanist grotesque headline hero decorative large-text attention english western european,400,,latin,MADType,620,1641,No,2011-08-17,2025-06-02,https://fonts.google.com/specimen/Aldrich
31,Alef,Sans Serif,Sans Serif,,clean modern minimal professional readable neutral geometric humanist grotesque hebrew RTL israeli english western european,400 | 700,,hebrew | latin,Hagilda | Mushon Zer-Aviv,522,727,No,2013-05-21,2025-09-04,https://fonts.google.com/specimen/Alef
32,Alegreya,Serif,Serif,,elegant traditional classic refined literary editorial transitional oldstyle didone versatile multi-weight flexible italic variable variable-font responsive variable-weight russian cyrillic slavic cyrillic extended greek greek extended english western european extended-latin european vietnamese multilingual international well-known common,400 | 400i | 500 | 500i | 600 | 600i | 700 | 700i | 800 | 800i | 900 | 900i,wght: -,cyrillic | cyrillic-ext | greek | greek-ext | latin | latin-ext | vietnamese,Juan Pablo del Peral | Huerta Tipográfica,220,1915,No,2011-12-19,2025-09-08,https://fonts.google.com/specimen/Alegreya
33,Alegreya SC,Serif,Serif,,elegant traditional classic refined literary editorial transitional oldstyle didone italic russian cyrillic slavic cyrillic extended greek greek extended english western european extended-latin european vietnamese multilingual international,400 | 400i | 500 | 500i | 700 | 700i | 800 | 800i | 900 | 900i,,cyrillic | cyrillic-ext | greek | greek-ext | latin | latin-ext | vietnamese,Juan Pablo del Peral | Huerta Tipográfica,735,1820,No,2011-12-19,2025-09-04,https://fonts.google.com/specimen/Alegreya+SC
34,Alegreya Sans,Sans Serif,Sans Serif,,clean modern minimal professional readable neutral geometric humanist grotesque versatile multi-weight flexible italic russian cyrillic slavic cyrillic extended greek greek extended english western european extended-latin european vietnamese multilingual international well-known common,100 | 100i | 300 | 300i | 400 | 400i | 500 | 500i | 700 | 700i | 800 | 800i | 900 | 900i,,cyrillic | cyrillic-ext | greek | greek-ext | latin | latin-ext | vietnamese,Juan Pablo del Peral | Huerta Tipográfica,213,1458,No,2013-12-04,2025-09-10,https://fonts.google.com/specimen/Alegreya+Sans
35,Alegreya Sans SC,Sans Serif,Sans Serif,,clean modern minimal professional readable neutral geometric humanist grotesque versatile multi-weight flexible italic russian cyrillic slavic cyrillic extended greek greek extended english western european extended-latin european vietnamese multilingual international,100 | 100i | 300 | 300i | 400 | 400i | 500 | 500i | 700 | 700i | 800 | 800i | 900 | 900i,,cyrillic | cyrillic-ext | greek | greek-ext | latin | latin-ext | vietnamese,Juan Pablo del Peral | Huerta Tipográfica,527,344,No,2013-12-04,2025-09-16,https://fonts.google.com/specimen/Alegreya+Sans+SC
36,Aleo,Serif,Slab Serif,,elegant traditional classic refined literary editorial slab mechanical sturdy strong versatile multi-weight flexible italic variable variable-font responsive variable-weight english western european extended-latin european vietnamese well-known common,100 | 100i | 200 | 200i | 300 | 300i | 400 | 400i | 500 | 500i | 600 | 600i | 700 | 700i | 800 | 800i | 900 | 900i,wght: -,latin | latin-ext | vietnamese,Alessio Laiso,285,820,No,2018-12-11,2025-09-16,https://fonts.google.com/specimen/Aleo
37,Alex Brush,Handwriting,,Handwriting,personal casual friendly warm handwritten script organic  script cursive hand-drawn artistic informal english western european extended-latin european vietnamese,400,,latin | latin-ext | vietnamese,Robert Leuschke,374,1187,No,2011-12-19,2025-09-11,https://fonts.google.com/specimen/Alex+Brush
38,Alexandria,Sans Serif,Sans Serif,,clean modern minimal professional readable neutral geometric humanist grotesque versatile multi-weight flexible variable variable-font responsive variable-weight arabic RTL middle-east english western european extended-latin european vietnamese,100 | 200 | 300 | 400 | 500 | 600 | 700 | 800 | 900,wght: -,arabic | latin | latin-ext | vietnamese,Mohamed Gaber | Julieta Ulanovsky,341,934,No,2022-11-03,2025-09-04,https://fonts.google.com/specimen/Alexandria
39,Alfa Slab One,Display,Serif,Display,bold decorative headline attention-grabbing creative expressive transitional oldstyle didone headline hero decorative large-text attention english western european extended-latin european vietnamese popular widely-used,400,,latin | latin-ext | vietnamese,JM Solé,105,615,No,2011-12-19,2025-09-04,https://fonts.google.com/specimen/Alfa+Slab+One
40,Alice,Serif,Serif,,elegant traditional classic refined literary editorial transitional oldstyle didone russian cyrillic slavic cyrillic extended english western european extended-latin european,400,,cyrillic | cyrillic-ext | latin | latin-ext,Ksenya Erulevich | Cyreal,413,1692,No,2011-08-10,2025-09-08,https://fonts.google.com/specimen/Alice
41,Alike,Serif,Serif,,elegant traditional classic refined literary editorial transitional oldstyle didone english western european extended-latin european,400,,latin | latin-ext | math | symbols,Sveta Sebyakina | Cyreal,883,1974,No,2011-08-24,2025-09-04,https://fonts.google.com/specimen/Alike
42,Alike Angular,Serif,Serif,Display,elegant traditional classic refined literary editorial transitional oldstyle didone headline hero decorative large-text attention english western european extended-latin european,400,,latin | latin-ext | math | symbols,Sveta Sebyakina | Cyreal,1027,1528,No,2011-09-28,2025-09-04,https://fonts.google.com/specimen/Alike+Angular
43,Alkalami,Serif,Serif,,elegant traditional classic refined literary editorial transitional oldstyle didone arabic RTL middle-east english western european extended-latin european,400,,arabic | latin | latin-ext,SIL International,1232,939,No,2022-06-09,2025-09-16,https://fonts.google.com/specimen/Alkalami
44,Alkatra,Display,,Display,bold decorative headline attention-grabbing creative expressive  headline hero decorative large-text attention variable variable-font responsive variable-weight bengali bangladeshi indian hindi devanagari indian english western european extended-latin european odia oriya indian,400 | 500 | 600 | 700,wght: -,bengali | devanagari | latin | latin-ext | oriya,Suman Bhandary,1197,1951,No,2023-01-27,2025-09-08,https://fonts.google.com/specimen/Alkatra
45,Allan,Display,Serif,Display,bold decorative headline attention-grabbing creative expressive transitional oldstyle didone headline hero decorative large-text attention english western european extended-latin european,400 | 700,,latin | latin-ext,Anton Koovit,884,837,No,2010-12-15,2025-09-16,https://fonts.google.com/specimen/Allan
46,Allerta,Sans Serif,Sans Serif,,clean modern minimal professional readable neutral geometric humanist grotesque english western european,400,,latin,Matt McInerney,681,677,No,2010-11-30,2025-09-04,https://fonts.google.com/specimen/Allerta
47,Allerta Stencil,Sans Serif,Sans Serif,Display,clean modern minimal professional readable neutral geometric humanist grotesque headline hero decorative large-text attention english western european,400,,latin,Matt McInerney,590,1873,No,2010-11-30,2025-09-11,https://fonts.google.com/specimen/Allerta+Stencil
48,Allison,Handwriting,,Display | Handwriting,personal casual friendly warm handwritten script organic  headline hero decorative large-text attention script cursive hand-drawn artistic informal english western european extended-latin european vietnamese,400,,latin | latin-ext | vietnamese,Robert Leuschke,674,214,No,2021-07-02,2025-09-16,https://fonts.google.com/specimen/Allison
49,Allkin,Display,,Display,bold decorative headline attention-grabbing creative expressive  headline hero decorative large-text attention,400,,,Monotype Imaging Inc.,1311,9,No,2026-02-18,2026-02-19,https://fonts.google.com/specimen/Allkin
50,Allura,Handwriting,,Handwriting | Display,personal casual friendly warm handwritten script organic  script cursive hand-drawn artistic informal headline hero decorative large-text attention english western european extended-latin european vietnamese well-known common,400,,latin | latin-ext | vietnamese,Robert Leuschke,271,1629,No,2012-02-08,2025-09-02,https://fonts.google.com/specimen/Allura
51,Almarai,Sans Serif,Sans Serif,,clean modern minimal professional readable neutral geometric humanist grotesque arabic RTL middle-east english western european popular widely-used,300 | 400 | 700 | 800,,arabic | latin,Boutros Fonts | Mourad Boutros,132,208,No,2019-06-04,2025-09-02,https://fonts.google.com/specimen/Almarai
52,Almendra,Serif,Serif,Display,elegant traditional classic refined literary editorial transitional oldstyle didone headline hero decorative large-text attention italic english western european extended-latin european,400 | 400i | 700 | 700i,,latin | latin-ext,Ana Sanfelippo,909,238,No,2011-12-19,2025-09-04,https://fonts.google.com/specimen/Almendra
53,Almendra Display,Display,Serif,Display,bold decorative headline attention-grabbing creative expressive transitional oldstyle didone headline hero decorative large-text attention english western european extended-latin european,400,,latin | latin-ext,Ana Sanfelippo,1427,1901,No,2012-11-12,2025-09-04,https://fonts.google.com/specimen/Almendra+Display
54,Almendra SC,Serif,Serif,Display,elegant traditional classic refined literary editorial transitional oldstyle didone headline hero decorative large-text attention english western european,400,,latin,Ana Sanfelippo,1378,1475,No,2011-12-19,2025-09-10,https://fonts.google.com/specimen/Almendra+SC
55,Alumni Sans,Sans Serif,Sans Serif,Display,clean modern minimal professional readable neutral geometric humanist grotesque headline hero decorative large-text attention versatile multi-weight flexible italic variable variable-font responsive variable-weight russian cyrillic slavic cyrillic extended english western european extended-latin european vietnamese well-known common,100 | 100i | 200 | 200i | 300 | 300i | 400 | 400i | 500 | 500i | 600 | 600i | 700 | 700i | 800 | 800i | 900 | 900i,wght: -,cyrillic | cyrillic-ext | latin | latin-ext | vietnamese,Robert Leuschke,228,234,No,2021-06-19,2025-09-02,https://fonts.google.com/specimen/Alumni+Sans
56,Alumni Sans Collegiate One,Sans Serif,Sans Serif,Display,clean modern minimal professional readable neutral geometric humanist grotesque headline hero decorative large-text attention italic russian cyrillic slavic english western european extended-latin european vietnamese,400 | 400i,,cyrillic | latin | latin-ext | vietnamese,Robert Leuschke,1469,352,No,2022-04-09,2025-09-16,https://fonts.google.com/specimen/Alumni+Sans+Collegiate+One
57,Alumni Sans Inline One,Display,Sans Serif,Display,bold decorative headline attention-grabbing creative expressive geometric humanist grotesque headline hero decorative large-text attention italic english western european extended-latin european vietnamese,400 | 400i,,latin | latin-ext | vietnamese,Robert Leuschke,1648,2243,No,2022-02-24,2025-09-04,https://fonts.google.com/specimen/Alumni+Sans+Inline+One
58,Alumni Sans Pinstripe,Sans Serif,Sans Serif,Display,clean modern minimal professional readable neutral geometric humanist grotesque headline hero decorative large-text attention italic russian cyrillic slavic cyrillic extended english western european extended-latin european vietnamese,400 | 400i,,cyrillic | cyrillic-ext | latin | latin-ext | vietnamese,Robert Leuschke,1471,1835,No,2022-06-08,2025-09-16,https://fonts.google.com/specimen/Alumni+Sans+Pinstripe
59,Alumni Sans SC,Sans Serif,Sans Serif,Display,clean modern minimal professional readable neutral geometric humanist grotesque headline hero decorative large-text attention versatile multi-weight flexible italic variable variable-font responsive variable-weight russian cyrillic slavic cyrillic extended english western european extended-latin european vietnamese,100 | 100i | 200 | 200i | 300 | 300i | 400 | 400i | 500 | 500i | 600 | 600i | 700 | 700i | 800 | 800i | 900 | 900i,wght: -,cyrillic | cyrillic-ext | latin | latin-ext | vietnamese,Robert Leuschke,1715,316,No,2025-05-28,2025-09-08,https://fonts.google.com/specimen/Alumni+Sans+SC
60,Alyamama,Serif,Serif,,elegant traditional classic refined literary editorial transitional oldstyle didone versatile multi-weight flexible variable variable-font responsive variable-weight arabic RTL middle-east greek english western european extended-latin european,300 | 400 | 500 | 600 | 700 | 800 | 900,wght: -,arabic | greek | latin | latin-ext,Yazeed Omar,1730,40,No,2026-02-18,2026-02-19,https://fonts.google.com/specimen/Alyamama
61,Amarante,Display,Serif,Display,bold decorative headline attention-grabbing creative expressive transitional oldstyle didone headline hero decorative large-text attention english western european extended-latin european,400,,latin | latin-ext,Karolina Lach,857,1824,No,2012-07-10,2025-09-11,https://fonts.google.com/specimen/Amarante
62,Amaranth,Sans Serif,Sans Serif,,clean modern minimal professional readable neutral geometric humanist grotesque italic english western european,400 | 400i | 700 | 700i,,latin,Gesine Todt,344,1535,No,2011-05-04,2025-09-04,https://fonts.google.com/specimen/Amaranth
63,Amarna,Sans Serif,Sans Serif,,clean modern minimal professional readable neutral geometric humanist grotesque versatile multi-weight flexible italic variable variable-font responsive variable-weight english western european extended-latin european,100 | 100i | 200 | 200i | 300 | 300i | 400 | 400i | 500 | 500i | 600 | 600i | 700 | 700i,wght: -,latin | latin-ext,Ishtār van Looy,1895,762,No,2025-12-08,2026-02-26,https://fonts.google.com/specimen/Amarna
64,Amatic SC,Handwriting,Sans Serif,Display,personal casual friendly warm handwritten script organic geometric humanist grotesque headline hero decorative large-text attention russian cyrillic slavic hebrew RTL israeli english western european extended-latin european vietnamese well-known common,400 | 700,,cyrillic | hebrew | latin | latin-ext | vietnamese,Vernon Adams | Ben Nathan | Thomas Jockin,226,1725,No,2011-10-12,2025-09-16,https://fonts.google.com/specimen/Amatic+SC
65,Amethysta,Serif,Serif,,elegant traditional classic refined literary editorial transitional oldstyle didone english western european,400,,latin,Cyreal,1063,1457,No,2012-01-18,2025-09-10,https://fonts.google.com/specimen/Amethysta
66,Amiko,Sans Serif,Sans Serif,,clean modern minimal professional readable neutral geometric humanist grotesque hindi devanagari indian english western european extended-latin european,400 | 600 | 700,,devanagari | latin | latin-ext,Impallari Type,697,1966,No,2016-03-01,2025-09-16,https://fonts.google.com/specimen/Amiko
67,Amiri,Serif,Serif,,elegant traditional classic refined literary editorial transitional oldstyle didone italic arabic RTL middle-east english western european extended-latin european well-known common,400 | 400i | 700 | 700i,,arabic | latin | latin-ext,Khaled Hosny | Sebastian Kosch,200,270,No,2012-07-30,2025-08-26,https://fonts.google.com/specimen/Amiri
68,Amiri Quran,Serif,Serif,,elegant traditional classic refined literary editorial transitional oldstyle didone arabic RTL middle-east english western european,400,,arabic | latin,Khaled Hosny | Sebastian Kosch,1344,141,No,2022-08-10,2025-08-26,https://fonts.google.com/specimen/Amiri+Quran
69,Amita,Handwriting,Serif,Display,personal casual friendly warm handwritten script organic transitional oldstyle didone headline hero decorative large-text attention hindi devanagari indian english western european extended-latin european,400 | 700,,devanagari | latin | latin-ext,Eduardo Tunni | Brian Bonislawsky,388,1302,No,2015-05-20,2025-09-11,https://fonts.google.com/specimen/Amita
70,Anaheim,Sans Serif,Sans Serif,,clean modern minimal professional readable neutral geometric humanist grotesque variable variable-font responsive variable-weight english western european extended-latin european vietnamese,400 | 500 | 600 | 700 | 800,wght: -,latin | latin-ext | vietnamese,Vernon Adams,1083,2157,No,2012-10-31,2025-09-04,https://fonts.google.com/specimen/Anaheim
71,Ancizar Sans,Sans Serif,Sans Serif,,clean modern minimal professional readable neutral geometric humanist grotesque versatile multi-weight flexible italic variable variable-font responsive variable-weight greek english western european extended-latin european,100 | 1000 | 1000i | 100i | 200 | 200i | 300 | 300i | 400 | 400i | 500 | 500i | 600 | 600i | 700 | 700i | 800 | 800i | 900 | 900i,wght: -,greek | latin | latin-ext,Universidad Nacional de Colombia (UNAL) | César Puertas | Viviana Monsalve | Julián Moncada,1607,2169,No,2025-05-08,2025-09-11,https://fonts.google.com/specimen/Ancizar+Sans
72,Ancizar Serif,Serif,Serif,,elegant traditional classic refined literary editorial transitional oldstyle didone versatile multi-weight flexible italic variable variable-font responsive variable-weight greek english western european extended-latin european,300 | 300i | 400 | 400i | 500 | 500i | 600 | 600i | 700 | 700i | 800 | 800i | 900 | 900i,wght: -,greek | latin | latin-ext,Universidad Nacional de Colombia (UNAL) | César Puertas | Viviana Monsalve | Julián Moncada,1595,215,No,2025-05-08,2025-09-16,https://fonts.google.com/specimen/Ancizar+Serif
73,Andada Pro,Serif,Serif,,elegant traditional classic refined literary editorial transitional oldstyle didone italic variable variable-font responsive variable-weight english western european extended-latin european vietnamese well-known common,400 | 400i | 500 | 500i | 600 | 600i | 700 | 700i | 800 | 800i,wght: -,latin | latin-ext | vietnamese,Huerta Tipográfica | Carolina Giovagnoli,273,686,No,2021-05-19,2025-09-10,https://fonts.google.com/specimen/Andada+Pro
74,Andika,Sans Serif,Sans Serif,,clean modern minimal professional readable neutral geometric humanist grotesque italic russian cyrillic slavic cyrillic extended english western european extended-latin european vietnamese,400 | 400i | 700 | 700i,,cyrillic | cyrillic-ext | latin | latin-ext | vietnamese,SIL International,409,932,No,2011-08-10,2025-09-10,https://fonts.google.com/specimen/Andika
75,Anek Bangla,Sans Serif,Sans Serif,,clean modern minimal professional readable neutral geometric humanist grotesque versatile multi-weight flexible variable variable-font responsive variable-weight variable-width bengali bangladeshi indian english western european extended-latin european,100 | 200 | 300 | 400 | 500 | 600 | 700 | 800,wdth: - | wght: -,bengali | latin | latin-ext,Ek Type,332,45,No,2022-02-08,2025-09-16,https://fonts.google.com/specimen/Anek+Bangla
76,Anek Devanagari,Sans Serif,Sans Serif,,clean modern minimal professional readable neutral geometric humanist grotesque versatile multi-weight flexible variable variable-font responsive variable-weight variable-width hindi devanagari indian english western european extended-latin european,100 | 200 | 300 | 400 | 500 | 600 | 700 | 800,wdth: - | wght: -,devanagari | latin | latin-ext,Ek Type,509,28,No,2022-02-08,2025-09-16,https://fonts.google.com/specimen/Anek+Devanagari
77,Anek Gujarati,Sans Serif,Sans Serif,,clean modern minimal professional readable neutral geometric humanist grotesque versatile multi-weight flexible variable variable-font responsive variable-weight variable-width gujarati indian english western european extended-latin european,100 | 200 | 300 | 400 | 500 | 600 | 700 | 800,wdth: - | wght: -,gujarati | latin | latin-ext,Ek Type,1240,235,No,2022-02-08,2025-09-11,https://fonts.google.com/specimen/Anek+Gujarati
78,Anek Gurmukhi,Sans Serif,Sans Serif,,clean modern minimal professional readable neutral geometric humanist grotesque versatile multi-weight flexible variable variable-font responsive variable-weight variable-width punjabi gurmukhi indian english western european extended-latin european,100 | 200 | 300 | 400 | 500 | 600 | 700 | 800,wdth: - | wght: -,gurmukhi | latin | latin-ext,Ek Type,1523,1696,No,2022-02-15,2025-09-04,https://fonts.google.com/specimen/Anek+Gurmukhi
79,Anek Kannada,Sans Serif,Sans Serif,,clean modern minimal professional readable neutral geometric humanist grotesque versatile multi-weight flexible variable variable-font responsive variable-weight variable-width kannada indian english western european extended-latin european,100 | 200 | 300 | 400 | 500 | 600 | 700 | 800,wdth: - | wght: -,kannada | latin | latin-ext,Ek Type,1343,793,No,2022-02-15,2025-09-11,https://fonts.google.com/specimen/Anek+Kannada
80,Anek Latin,Sans Serif,Sans Serif,,clean modern minimal professional readable neutral geometric humanist grotesque versatile multi-weight flexible variable variable-font responsive variable-weight variable-width english western european extended-latin european vietnamese,100 | 200 | 300 | 400 | 500 | 600 | 700 | 800,wdth: - | wght: -,latin | latin-ext | vietnamese,Ek Type,630,1713,No,2022-02-15,2025-09-16,https://fonts.google.com/specimen/Anek+Latin
81,Anek Malayalam,Sans Serif,Sans Serif,,clean modern minimal professional readable neutral geometric humanist grotesque versatile multi-weight flexible variable variable-font responsive variable-weight variable-width english western european extended-latin european malayalam indian,100 | 200 | 300 | 400 | 500 | 600 | 700 | 800,wdth: - | wght: -,latin | latin-ext | malayalam,Ek Type,986,1745,No,2022-02-15,2025-09-16,https://fonts.google.com/specimen/Anek+Malayalam
82,Anek Odia,Sans Serif,Sans Serif,,clean modern minimal professional readable neutral geometric humanist grotesque versatile multi-weight flexible variable variable-font responsive variable-weight variable-width english western european extended-latin european odia oriya indian,100 | 200 | 300 | 400 | 500 | 600 | 700 | 800,wdth: - | wght: -,latin | latin-ext | oriya,Ek Type,1519,782,No,2022-02-08,2025-09-11,https://fonts.google.com/specimen/Anek+Odia
83,Anek Tamil,Sans Serif,Sans Serif,,clean modern minimal professional readable neutral geometric humanist grotesque versatile multi-weight flexible variable variable-font responsive variable-weight variable-width english western european extended-latin european tamil indian,100 | 200 | 300 | 400 | 500 | 600 | 700 | 800,wdth: - | wght: -,latin | latin-ext | tamil,Ek Type,1147,713,No,2022-02-08,2025-09-16,https://fonts.google.com/specimen/Anek+Tamil
84,Anek Telugu,Sans Serif,Sans Serif,,clean modern minimal professional readable neutral geometric humanist grotesque versatile multi-weight flexible variable variable-font responsive variable-weight variable-width english western european extended-latin european telugu indian popular widely-used,100 | 200 | 300 | 400 | 500 | 600 | 700 | 800,wdth: - | wght: -,latin | latin-ext | telugu,Ek Type,103,1009,No,2022-02-15,2025-09-08,https://fonts.google.com/specimen/Anek+Telugu
85,Angkor,Display,Serif,Display,bold decorative headline attention-grabbing creative expressive transitional oldstyle didone headline hero decorative large-text attention khmer cambodian english western european,400,,khmer | latin,Danh Hong,1088,505,No,2011-03-02,2025-09-08,https://fonts.google.com/specimen/Angkor
86,Annapurna SIL,Serif,Serif,,elegant traditional classic refined literary editorial transitional oldstyle didone hindi devanagari indian english western european extended-latin european,400 | 700,,devanagari | latin | latin-ext | math | symbols,SIL International,1602,781,No,2024-02-14,2025-05-30,https://fonts.google.com/specimen/Annapurna+SIL
87,Annie Use Your Telescope,Handwriting,,Handwriting,personal casual friendly warm handwritten script organic  script cursive hand-drawn artistic informal english western european extended-latin european,400,,latin | latin-ext,Kimberly Geswein,675,1129,No,2011-04-14,2025-09-10,https://fonts.google.com/specimen/Annie+Use+Your+Telescope
88,Anonymous Pro,Monospace,,Monospace,code developer technical fixed-width terminal programming  mono fixed-width tabular data code italic russian cyrillic slavic greek english western european extended-latin european,400 | 400i | 700 | 700i,,cyrillic | greek | latin | latin-ext,Mark Simonson,435,1374,No,2010-12-15,2025-09-08,https://fonts.google.com/specimen/Anonymous+Pro
89,Anta,Sans Serif,Sans Serif,,clean modern minimal professional readable neutral geometric humanist grotesque english western european extended-latin european,400,,latin | latin-ext | math | symbols,Sergej Lebedev,1202,1897,No,2024-02-14,2025-05-30,https://fonts.google.com/specimen/Anta
90,Antic,Sans Serif,Sans Serif,,clean modern minimal professional readable neutral geometric humanist grotesque english western european,400,,latin,Santiago Orozco,710,1518,No,2011-08-31,2025-09-04,https://fonts.google.com/specimen/Antic
91,Antic Didone,Serif,Serif,,elegant traditional classic refined literary editorial transitional oldstyle didone english western european,400,,latin,Santiago Orozco,713,1229,No,2012-03-14,2025-09-04,https://fonts.google.com/specimen/Antic+Didone
92,Antic Slab,Serif,Serif,,elegant traditional classic refined literary editorial transitional oldstyle didone english western european well-known common,400,,latin,Santiago Orozco,233,744,No,2012-03-14,2025-09-10,https://fonts.google.com/specimen/Antic+Slab
93,Anton,Sans Serif,Sans Serif,Display,clean modern minimal professional readable neutral geometric humanist grotesque headline hero decorative large-text attention english western european extended-latin european vietnamese popular widely-used,400,,latin | latin-ext | vietnamese,Vernon Adams,89,1376,No,2011-02-23,2025-09-16,https://fonts.google.com/specimen/Anton
94,Anton SC,Sans Serif,Sans Serif,Display,clean modern minimal professional readable neutral geometric humanist grotesque headline hero decorative large-text attention english western european extended-latin european vietnamese,400,,latin | latin-ext | vietnamese,Vernon Adams,788,566,No,2024-06-25,2025-05-30,https://fonts.google.com/specimen/Anton+SC
95,Antonio,Sans Serif,Sans Serif,Display,clean modern minimal professional readable neutral geometric humanist grotesque headline hero decorative large-text attention versatile multi-weight flexible variable variable-font responsive variable-weight english western european extended-latin european,100 | 200 | 300 | 400 | 500 | 600 | 700,wght: -,latin | latin-ext,Vernon Adams,340,463,No,2013-03-05,2025-09-04,https://fonts.google.com/specimen/Antonio
96,Anuphan,Sans Serif,Sans Serif,,clean modern minimal professional readable neutral geometric humanist grotesque versatile multi-weight flexible variable variable-font responsive variable-weight english western european extended-latin european thai southeast-asia vietnamese,100 | 200 | 300 | 400 | 500 | 600 | 700,wght: -,latin | latin-ext | thai | vietnamese,Cadson Demak,628,2246,No,2023-02-22,2025-09-10,https://fonts.google.com/specimen/Anuphan
97,Anybody,Display,Sans Serif,Display,bold decorative headline attention-grabbing creative expressive geometric humanist grotesque headline hero decorative large-text attention versatile multi-weight flexible italic variable variable-font responsive variable-weight variable-width english western european extended-latin european vietnamese,100 | 100i | 200 | 200i | 300 | 300i | 400 | 400i | 500 | 500i | 600 | 600i | 700 | 700i | 800 | 800i | 900 | 900i,wdth: - | wght: -,latin | latin-ext | vietnamese,Tyler Finck,916,1933,No,2022-03-02,2025-09-16,https://fonts.google.com/specimen/Anybody
98,Aoboshi One,Serif,Serif,,elegant traditional classic refined literary editorial transitional oldstyle didone japanese kanji hiragana katakana english western european extended-latin european,400,,japanese | latin | latin-ext,Natsumi Matsuba,1084,584,No,2023-05-23,2025-09-11,https://fonts.google.com/specimen/Aoboshi+One
99,Arapey,Serif,Serif,,elegant traditional classic refined literary editorial transitional oldstyle didone italic english western european,400 | 400i,,latin,Eduardo Tunni,480,947,No,2011-11-02,2025-09-02,https://fonts.google.com/specimen/Arapey
100,Arbutus,Serif,Slab Serif,Display,elegant traditional classic refined literary editorial slab mechanical sturdy strong headline hero decorative large-text attention english western european extended-latin european,400,,latin | latin-ext,Karolina Lach,1400,162,No,2011-12-07,2025-09-11,https://fonts.google.com/specimen/Arbutus
101,Arbutus Slab,Serif,Serif,,elegant traditional classic refined literary editorial transitional oldstyle didone english western european extended-latin european,400,,latin | latin-ext,Karolina Lach,553,765,No,2012-09-18,2025-09-11,https://fonts.google.com/specimen/Arbutus+Slab
102,Architects Daughter,Handwriting,,Handwriting,personal casual friendly warm handwritten script organic  script cursive hand-drawn artistic informal english western european extended-latin european,400,,latin | latin-ext,Kimberly Geswein,330,469,No,2011-03-09,2025-09-16,https://fonts.google.com/specimen/Architects+Daughter
103,Archivo,Sans Serif,Sans Serif,,clean modern minimal professional readable neutral geometric humanist grotesque versatile multi-weight flexible italic variable variable-font responsive variable-weight variable-width english western european extended-latin european vietnamese top-popular trending most-used,100 | 100i | 200 | 200i | 300 | 300i | 400 | 400i | 500 | 500i | 600 | 600i | 700 | 700i | 800 | 800i | 900 | 900i,wdth: - | wght: -,latin | latin-ext | vietnamese,Omnibus-Type,35,242,No,2016-12-03,2025-09-08,https://fonts.google.com/specimen/Archivo
104,Archivo Black,Sans Serif,Sans Serif,Display,clean modern minimal professional readable neutral geometric humanist grotesque headline hero decorative large-text attention english western european extended-latin european top-popular trending most-used,400,,latin | latin-ext,Omnibus-Type,46,567,No,2012-09-18,2025-09-11,https://fonts.google.com/specimen/Archivo+Black
105,Archivo Narrow,Sans Serif,Sans Serif,,clean modern minimal professional readable neutral geometric humanist grotesque italic variable variable-font responsive variable-weight english western european extended-latin european vietnamese well-known common,400 | 400i | 500 | 500i | 600 | 600i | 700 | 700i,wght: -,latin | latin-ext | vietnamese,Omnibus-Type,170,854,No,2012-09-18,2025-09-11,https://fonts.google.com/specimen/Archivo+Narrow
106,Are You Serious,Handwriting,,Display | Handwriting,personal casual friendly warm handwritten script organic  headline hero decorative large-text attention script cursive hand-drawn artistic informal english western european extended-latin european vietnamese,400,,latin | latin-ext | vietnamese,Robert Leuschke,1650,1350,No,2021-08-27,2025-09-16,https://fonts.google.com/specimen/Are+You+Serious
107,Aref Ruqaa,Serif,Serif,,elegant traditional classic refined literary editorial transitional oldstyle didone arabic RTL middle-east english western european extended-latin european,400 | 700,,arabic | latin | latin-ext,Abdullah Aref | Khaled Hosny | Hermann Zapf,957,1750,No,2016-06-20,2025-09-11,https://fonts.google.com/specimen/Aref+Ruqaa
108,Aref Ruqaa Ink,Serif,Serif,Display,elegant traditional classic refined literary editorial transitional oldstyle didone headline hero decorative large-text attention arabic RTL middle-east english western european extended-latin european,400 | 700,,arabic | latin | latin-ext,Abdullah Aref | Khaled Hosny | Hermann Zapf,1573,1176,No,2022-02-26,2025-05-30,https://fonts.google.com/specimen/Aref+Ruqaa+Ink
109,Arima,Display,,Display,bold decorative headline attention-grabbing creative expressive  headline hero decorative large-text attention versatile multi-weight flexible variable variable-font responsive variable-weight greek greek extended english western european extended-latin european malayalam indian tamil indian vietnamese multilingual international,100 | 200 | 300 | 400 | 500 | 600 | 700,wght: -,greek | greek-ext | latin | latin-ext | malayalam | tamil | vietnamese,Natanael Gama | Joana Correia | Rosalie Wagner,958,56,No,2022-05-24,2025-09-10,https://fonts.google.com/specimen/Arima
110,Arimo,Sans Serif,Sans Serif,,clean modern minimal professional readable neutral geometric humanist grotesque italic variable variable-font responsive variable-weight russian cyrillic slavic cyrillic extended greek greek extended hebrew RTL israeli english western european extended-latin european vietnamese multilingual international top-popular trending most-used,400 | 400i | 500 | 500i | 600 | 600i | 700 | 700i,wght: -,cyrillic | cyrillic-ext | greek | greek-ext | hebrew | latin | latin-ext | vietnamese,Steve Matteson,17,1241,No,2010-11-18,2025-09-08,https://fonts.google.com/specimen/Arimo
111,Arizonia,Handwriting,,Display | Handwriting,personal casual friendly warm handwritten script organic  headline hero decorative large-text attention script cursive hand-drawn artistic informal english western european extended-latin european vietnamese,400,,latin | latin-ext | vietnamese,Robert Leuschke,695,897,No,2011-12-19,2025-09-11,https://fonts.google.com/specimen/Arizonia
112,Armata,Sans Serif,Sans Serif,,clean modern minimal professional readable neutral geometric humanist grotesque english western european extended-latin european,400,,latin | latin-ext,Viktoriya Grabowska,565,1343,No,2011-12-19,2025-09-11,https://fonts.google.com/specimen/Armata
113,Arsenal,Sans Serif,Sans Serif,,clean modern minimal professional readable neutral geometric humanist grotesque italic russian cyrillic slavic cyrillic extended english western european extended-latin european vietnamese,400 | 400i | 700 | 700i,,cyrillic | cyrillic-ext | latin | latin-ext | vietnamese,Andrij Shevchenko,418,1230,No,2016-12-06,2025-09-16,https://fonts.google.com/specimen/Arsenal
114,Arsenal SC,Sans Serif,Sans Serif,,clean modern minimal professional readable neutral geometric humanist grotesque italic russian cyrillic slavic cyrillic extended english western european extended-latin european vietnamese,400 | 400i | 700 | 700i,,cyrillic | cyrillic-ext | latin | latin-ext | vietnamese,Andrij Shevchenko,1578,375,No,2024-06-25,2025-05-30,https://fonts.google.com/specimen/Arsenal+SC
115,Artifika,Serif,Serif,,elegant traditional classic refined literary editorial transitional oldstyle didone english western european,400,,latin,Cyreal,1049,1866,No,2011-06-01,2025-09-16,https://fonts.google.com/specimen/Artifika
116,Arvo,Serif,Slab Serif,,elegant traditional classic refined literary editorial slab mechanical sturdy strong italic english western european popular widely-used,400 | 400i | 700 | 700i,,latin,Anton Koovit,125,573,No,2010-11-17,2025-06-02,https://fonts.google.com/specimen/Arvo
117,Arya,Sans Serif,Sans Serif,,clean modern minimal professional readable neutral geometric humanist grotesque hindi devanagari indian english western european extended-latin european,400 | 700,,devanagari | latin | latin-ext,Eduardo Tunni,843,71,No,2015-05-20,2025-09-02,https://fonts.google.com/specimen/Arya
118,Asap,Sans Serif,Sans Serif,,clean modern minimal professional readable neutral geometric humanist grotesque versatile multi-weight flexible italic variable variable-font responsive variable-weight variable-width english western european extended-latin european vietnamese well-known common,100 | 100i | 200 | 200i | 300 | 300i | 400 | 400i | 500 | 500i | 600 | 600i | 700 | 700i | 800 | 800i | 900 | 900i,wdth: - | wght: -,latin | latin-ext | vietnamese,Omnibus-Type,152,1005,No,2012-01-25,2025-09-04,https://fonts.google.com/specimen/Asap
119,Asap Condensed,Sans Serif,Sans Serif,,clean modern minimal professional readable neutral geometric humanist grotesque versatile multi-weight flexible italic english western european extended-latin european vietnamese,200 | 200i | 300 | 300i | 400 | 400i | 500 | 500i | 600 | 600i | 700 | 700i | 800 | 800i | 900 | 900i,,latin | latin-ext | vietnamese,Omnibus-Type,328,1525,No,2017-07-31,2025-09-02,https://fonts.google.com/specimen/Asap+Condensed
120,Asar,Serif,Serif,,elegant traditional classic refined literary editorial transitional oldstyle didone hindi devanagari indian english western european extended-latin european,400,,devanagari | latin | latin-ext,Sorkin Type,1058,1728,No,2015-06-17,2025-09-04,https://fonts.google.com/specimen/Asar
121,Asimovian,Sans Serif,Sans Serif,Display,clean modern minimal professional readable neutral geometric humanist grotesque headline hero decorative large-text attention english western european extended-latin european vietnamese,400,,latin | latin-ext | vietnamese,Carolina Short,1754,518,No,2025-08-25,2025-08-26,https://fonts.google.com/specimen/Asimovian
122,Asset,Display,Serif,Display,bold decorative headline attention-grabbing creative expressive transitional oldstyle didone headline hero decorative large-text attention cyrillic extended english western european extended-latin european,400,,cyrillic-ext | latin | latin-ext | math | symbols,Riccardo De Franceschi | Eben Sorkin,1159,1359,No,2011-06-29,2025-09-08,https://fonts.google.com/specimen/Asset
123,Assistant,Sans Serif,Sans Serif,,clean modern minimal professional readable neutral geometric humanist grotesque versatile multi-weight flexible variable variable-font responsive variable-weight hebrew RTL israeli english western european extended-latin european popular widely-used,200 | 300 | 400 | 500 | 600 | 700 | 800,wght: -,hebrew | latin | latin-ext,Adobe Systems Inc. | Ben Nathan,99,1222,No,2016-03-31,2025-09-08,https://fonts.google.com/specimen/Assistant
124,Asta Sans,Sans Serif,Sans Serif,,clean modern minimal professional readable neutral geometric humanist grotesque versatile multi-weight flexible variable variable-font responsive variable-weight korean hangul english western european,300 | 400 | 500 | 600 | 700 | 800,wght: -,korean | latin,42dot,1291,170,No,2025-05-28,2025-09-08,https://fonts.google.com/specimen/Asta+Sans
125,Astloch,Display,,Display,bold decorative headline attention-grabbing creative expressive  headline hero decorative large-text attention english western european,400 | 700,,latin,Dan Rhatigan,1196,883,No,2011-02-16,2025-09-16,https://fonts.google.com/specimen/Astloch
126,Asul,Serif,Serif,Display,elegant traditional classic refined literary editorial transitional oldstyle didone headline hero decorative large-text attention english western european,400 | 700,,latin,Mariela Monsalve,913,1265,No,2011-12-19,2025-06-25,https://fonts.google.com/specimen/Asul
127,Athiti,Sans Serif,Sans Serif,,clean modern minimal professional readable neutral geometric humanist grotesque versatile multi-weight flexible english western european extended-latin european thai southeast-asia vietnamese,200 | 300 | 400 | 500 | 600 | 700,,latin | latin-ext | thai | vietnamese,Cadson Demak,589,290,No,2016-06-15,2025-09-04,https://fonts.google.com/specimen/Athiti
128,Atkinson Hyperlegible,Sans Serif,Sans Serif,,clean modern minimal professional readable neutral geometric humanist grotesque italic english western european extended-latin european well-known common,400 | 400i | 700 | 700i,,latin | latin-ext,Braille Institute | Applied Design Works | Elliott Scott | Megan Eiswerth | Linus Boman | Theodore Petrosky,230,1689,No,2021-04-30,2025-09-04,https://fonts.google.com/specimen/Atkinson+Hyperlegible
129,Atkinson Hyperlegible Mono,Sans Serif,Sans Serif,,clean modern minimal professional readable neutral geometric humanist grotesque versatile multi-weight flexible italic variable variable-font responsive variable-weight english western european extended-latin european,200 | 200i | 300 | 300i | 400 | 400i | 500 | 500i | 600 | 600i | 700 | 700i | 800 | 800i,wght: -,latin | latin-ext,Braille Institute | Applied Design Works | Elliott Scott | Megan Eiswerth | Letters From Sweden,1601,1742,No,2024-11-19,2025-09-16,https://fonts.google.com/specimen/Atkinson+Hyperlegible+Mono
130,Atkinson Hyperlegible Next,Sans Serif,Sans Serif,,clean modern minimal professional readable neutral geometric humanist grotesque versatile multi-weight flexible italic variable variable-font responsive variable-weight english western european extended-latin european,200 | 200i | 300 | 300i | 400 | 400i | 500 | 500i | 600 | 600i | 700 | 700i | 800 | 800i,wght: -,latin | latin-ext,Braille Institute | Applied Design Works | Elliott Scott | Megan Eiswerth | Letters From Sweden,528,1189,No,2025-01-06,2025-09-04,https://fonts.google.com/specimen/Atkinson+Hyperlegible+Next
131,Atma,Display,,Display,bold decorative headline attention-grabbing creative expressive  headline hero decorative large-text attention bengali bangladeshi indian english western european extended-latin european,300 | 400 | 500 | 600 | 700,,bengali | latin | latin-ext,Black Foundry,392,24,No,2016-06-15,2025-09-16,https://fonts.google.com/specimen/Atma
132,Atomic Age,Display,,Display,bold decorative headline attention-grabbing creative expressive  headline hero decorative large-text attention english western european extended-latin european,400,,latin | latin-ext,James Grieshaber,1329,2266,No,2011-10-26,2025-09-10,https://fonts.google.com/specimen/Atomic+Age
133,Aubrey,Display,,Display,bold decorative headline attention-grabbing creative expressive  headline hero decorative large-text attention english western european,400,,latin,Cyreal,1697,2034,No,2011-07-27,2025-09-11,https://fonts.google.com/specimen/Aubrey
134,Audiowide,Display,Sans Serif,Display,bold decorative headline attention-grabbing creative expressive geometric humanist grotesque headline hero decorative large-text attention english western european extended-latin european,400,,latin | latin-ext,Astigmatic,326,455,No,2012-04-04,2025-09-16,https://fonts.google.com/specimen/Audiowide
135,Autour One,Display,,Display,bold decorative headline attention-grabbing creative expressive  headline hero decorative large-text attention english western european extended-latin european,400,,latin | latin-ext,Sorkin Type,1449,2143,No,2012-05-15,2025-09-11,https://fonts.google.com/specimen/Autour+One
136,Average,Serif,Serif,,elegant traditional classic refined literary editorial transitional oldstyle didone english western european extended-latin european,400,,latin | latin-ext,Eduardo Tunni,820,1743,No,2012-03-14,2025-09-04,https://fonts.google.com/specimen/Average
137,Average Sans,Sans Serif,Sans Serif,,clean modern minimal professional readable neutral geometric humanist grotesque english western european extended-latin european,400,,latin | latin-ext,Eduardo Tunni,672,445,No,2012-10-26,2025-09-10,https://fonts.google.com/specimen/Average+Sans
138,Averia Gruesa Libre,Display,,Display,bold decorative headline attention-grabbing creative expressive  headline hero decorative large-text attention english western european extended-latin european,400,,latin | latin-ext,Dan Sayers,1044,2080,No,2012-03-14,2025-05-30,https://fonts.google.com/specimen/Averia+Gruesa+Libre
139,Averia Libre,Display,,Display,bold decorative headline attention-grabbing creative expressive  headline hero decorative large-text attention italic english western european,300 | 300i | 400 | 400i | 700 | 700i,,latin,Dan Sayers,593,628,No,2012-03-14,2025-05-30,https://fonts.google.com/specimen/Averia+Libre
140,Averia Sans Libre,Display,Sans Serif,Display,bold decorative headline attention-grabbing creative expressive geometric humanist grotesque headline hero decorative large-text attention italic english western european,300 | 300i | 400 | 400i | 700 | 700i,,latin,Dan Sayers,764,35,No,2012-03-14,2025-06-02,https://fonts.google.com/specimen/Averia+Sans+Libre
141,Averia Serif Libre,Display,Serif,Display,bold decorative headline attention-grabbing creative expressive transitional oldstyle didone headline hero decorative large-text attention italic english western european,300 | 300i | 400 | 400i | 700 | 700i,,latin,Dan Sayers,484,340,No,2012-03-14,2025-06-02,https://fonts.google.com/specimen/Averia+Serif+Libre
142,Azeret Mono,Monospace,,Monospace,code developer technical fixed-width terminal programming  mono fixed-width tabular data code versatile multi-weight flexible italic variable variable-font responsive variable-weight english western european extended-latin european,100 | 100i | 200 | 200i | 300 | 300i | 400 | 400i | 500 | 500i | 600 | 600i | 700 | 700i | 800 | 800i | 900 | 900i,wght: -,latin | latin-ext,Displaay | Martin Vácha,748,1909,No,2021-06-08,2025-09-04,https://fonts.google.com/specimen/Azeret+Mono
143,B612,Sans Serif,Sans Serif,,clean modern minimal professional readable neutral geometric humanist grotesque italic english western european,400 | 400i | 700 | 700i,,latin,PolarSys | Nicolas Chauveau | Thomas Paillot | Jonathan Favre-Lamarine | Jean-Luc Vinot,836,266,No,2018-12-11,2025-09-16,https://fonts.google.com/specimen/B612
144,B612 Mono,Monospace,Sans Serif,Monospace,code developer technical fixed-width terminal programming geometric humanist grotesque mono fixed-width tabular data code italic english western european,400 | 400i | 700 | 700i,,latin,Nicolas Chauveau | Thomas Paillot | Jonathan Favre-Lamarine | Jean-Luc Vinot,714,140,No,2018-12-11,2025-09-16,https://fonts.google.com/specimen/B612+Mono
145,BBH Bartle,Sans Serif,Sans Serif,,clean modern minimal professional readable neutral geometric humanist grotesque english western european,400,,latin,Studio DRAMA,1670,1447,No,2025-12-08,2025-12-10,https://fonts.google.com/specimen/BBH+Bartle
146,BBH Bogle,Sans Serif,Sans Serif,,clean modern minimal professional readable neutral geometric humanist grotesque english western european,400,,latin,Studio DRAMA,1740,146,No,2025-12-08,2025-12-10,https://fonts.google.com/specimen/BBH+Bogle
147,BBH Hegarty,Sans Serif,Sans Serif,,clean modern minimal professional readable neutral geometric humanist grotesque english western european,400,,latin,Studio DRAMA,1847,2060,No,2025-12-08,2025-12-10,https://fonts.google.com/specimen/BBH+Hegarty
148,BIZ UDGothic,Sans Serif,Sans Serif,,clean modern minimal professional readable neutral geometric humanist grotesque russian cyrillic slavic greek extended japanese kanji hiragana katakana english western european extended-latin european,400 | 700,,cyrillic | greek-ext | japanese | latin | latin-ext,Type Bank Co. | Morisawa Inc.,619,802,No,2022-03-16,2025-05-30,https://fonts.google.com/specimen/BIZ+UDGothic
149,BIZ UDMincho,Serif,Serif,,elegant traditional classic refined literary editorial transitional oldstyle didone russian cyrillic slavic greek extended japanese kanji hiragana katakana english western european extended-latin european,400 | 700,,cyrillic | greek-ext | japanese | latin | latin-ext,Type Bank Co. | Morisawa Inc.,1350,1670,No,2022-03-16,2025-05-30,https://fonts.google.com/specimen/BIZ+UDMincho
150,BIZ UDPGothic,Sans Serif,Sans Serif,,clean modern minimal professional readable neutral geometric humanist grotesque russian cyrillic slavic greek extended japanese kanji hiragana katakana english western european extended-latin european,400 | 700,,cyrillic | greek-ext | japanese | latin | latin-ext,Type Bank Co. | Morisawa Inc.,343,1165,No,2022-03-16,2026-01-06,https://fonts.google.com/specimen/BIZ+UDPGothic
151,BIZ UDPMincho,Serif,Serif,,elegant traditional classic refined literary editorial transitional oldstyle didone russian cyrillic slavic greek extended japanese kanji hiragana katakana english western european extended-latin european,400 | 700,,cyrillic | greek-ext | japanese | latin | latin-ext,Type Bank Co. | Morisawa Inc.,814,838,No,2022-03-16,2025-05-30,https://fonts.google.com/specimen/BIZ+UDPMincho
152,Babylonica,Handwriting,,Handwriting | Display,personal casual friendly warm handwritten script organic  script cursive hand-drawn artistic informal headline hero decorative large-text attention english western european extended-latin european vietnamese,400,,latin | latin-ext | vietnamese,Robert Leuschke,1603,2193,No,2022-02-23,2025-09-08,https://fonts.google.com/specimen/Babylonica
153,Bacasime Antique,Serif,Serif,,elegant traditional classic refined literary editorial transitional oldstyle didone english western european extended-latin european,400,,latin | latin-ext,The DocRepair Project | Claus Eggers Sørensen,1567,2205,No,2023-06-21,2025-05-30,https://fonts.google.com/specimen/Bacasime+Antique
154,Bad Script,Handwriting,,Handwriting,personal casual friendly warm handwritten script organic  script cursive hand-drawn artistic informal russian cyrillic slavic cyrillic extended english western european extended-latin european vietnamese,400,,cyrillic | cyrillic-ext | latin | latin-ext | vietnamese,Gaslight,453,1916,No,2011-12-13,2025-09-02,https://fonts.google.com/specimen/Bad+Script
155,Badeen Display,Display,,Display,bold decorative headline attention-grabbing creative expressive  headline hero decorative large-text attention arabic RTL middle-east english western european extended-latin european,400,,arabic | latin | latin-ext,Hani Alasadi,1228,504,No,2024-12-09,2025-05-30,https://fonts.google.com/specimen/Badeen+Display
156,Bagel Fat One,Display,,Display,bold decorative headline attention-grabbing creative expressive  headline hero decorative large-text attention korean hangul english western european extended-latin european,400,,korean | latin | latin-ext,Kyungwon Kim | JAMO,1307,723,No,2023-06-05,2025-05-30,https://fonts.google.com/specimen/Bagel+Fat+One
157,Bahiana,Display,Sans Serif,Display,bold decorative headline attention-grabbing creative expressive geometric humanist grotesque headline hero decorative large-text attention english western european extended-latin european,400,,latin | latin-ext,Omnibus-Type,1517,87,No,2016-12-02,2025-09-16,https://fonts.google.com/specimen/Bahiana
158,Bahianita,Display,Sans Serif,Display,bold decorative headline attention-grabbing creative expressive geometric humanist grotesque headline hero decorative large-text attention english western european extended-latin european vietnamese,400,,latin | latin-ext | vietnamese,Omnibus-Type,1586,494,No,2019-06-11,2025-09-10,https://fonts.google.com/specimen/Bahianita
159,Bai Jamjuree,Sans Serif,Sans Serif,,clean modern minimal professional readable neutral geometric humanist grotesque versatile multi-weight flexible italic english western european extended-latin european thai southeast-asia vietnamese,200 | 200i | 300 | 300i | 400 | 400i | 500 | 500i | 600 | 600i | 700 | 700i,,latin | latin-ext | thai | vietnamese,Cadson Demak,350,645,No,2018-09-10,2025-09-08,https://fonts.google.com/specimen/Bai+Jamjuree
160,Bakbak One,Display,Sans Serif,Display,bold decorative headline attention-grabbing creative expressive geometric humanist grotesque headline hero decorative large-text attention hindi devanagari indian english western european extended-latin european,400,,devanagari | latin | latin-ext,Saumya Kishore | Sanchit Sawaria,980,1412,No,2021-09-09,2025-09-11,https://fonts.google.com/specimen/Bakbak+One
161,Ballet,Handwriting,,Display | Handwriting,personal casual friendly warm handwritten script organic  headline hero decorative large-text attention script cursive hand-drawn artistic informal variable variable-font responsive english western european extended-latin european vietnamese,400,opsz: -,latin | latin-ext | vietnamese,Omnibus-Type | Maximiliano Sproviero,1319,1286,No,2020-09-23,2025-09-11,https://fonts.google.com/specimen/Ballet
162,Baloo 2,Display,Sans Serif,Display,bold decorative headline attention-grabbing creative expressive geometric humanist grotesque headline hero decorative large-text attention variable variable-font responsive variable-weight hindi devanagari indian english western european extended-latin european vietnamese,400 | 500 | 600 | 700 | 800,wght: -,devanagari | latin | latin-ext | vietnamese,Ek Type,321,1375,No,2016-01-20,2025-09-16,https://fonts.google.com/specimen/Baloo+2
163,Baloo Bhai 2,Display,Sans Serif,Display,bold decorative headline attention-grabbing creative expressive geometric humanist grotesque headline hero decorative large-text attention variable variable-font responsive variable-weight gujarati indian english western european extended-latin european vietnamese,400 | 500 | 600 | 700 | 800,wght: -,gujarati | latin | latin-ext | vietnamese,Ek Type,1073,1910,No,2016-01-20,2025-09-10,https://fonts.google.com/specimen/Baloo+Bhai+2
164,Baloo Bhaijaan 2,Display,Sans Serif,Display,bold decorative headline attention-grabbing creative expressive geometric humanist grotesque headline hero decorative large-text attention variable variable-font responsive variable-weight arabic RTL middle-east english western european extended-latin european vietnamese,400 | 500 | 600 | 700 | 800,wght: -,arabic | latin | latin-ext | vietnamese,Ek Type,776,689,No,2021-10-29,2025-09-16,https://fonts.google.com/specimen/Baloo+Bhaijaan+2
165,Baloo Bhaina 2,Display,Sans Serif,Display,bold decorative headline attention-grabbing creative expressive geometric humanist grotesque headline hero decorative large-text attention variable variable-font responsive variable-weight english western european extended-latin european odia oriya indian vietnamese,400 | 500 | 600 | 700 | 800,wght: -,latin | latin-ext | oriya | vietnamese,Ek Type,1257,2215,No,2016-01-20,2025-09-02,https://fonts.google.com/specimen/Baloo+Bhaina+2
166,Baloo Chettan 2,Display,Sans Serif,Display,bold decorative headline attention-grabbing creative expressive geometric humanist grotesque headline hero decorative large-text attention variable variable-font responsive variable-weight english western european extended-latin european malayalam indian vietnamese,400 | 500 | 600 | 700 | 800,wght: -,latin | latin-ext | malayalam | vietnamese,Ek Type,815,749,No,2016-01-20,2025-09-16,https://fonts.google.com/specimen/Baloo+Chettan+2
167,Baloo Da 2,Display,Sans Serif,Display,bold decorative headline attention-grabbing creative expressive geometric humanist grotesque headline hero decorative large-text attention variable variable-font responsive variable-weight bengali bangladeshi indian english western european extended-latin european vietnamese,400 | 500 | 600 | 700 | 800,wght: -,bengali | latin | latin-ext | vietnamese,Ek Type,567,144,No,2016-01-20,2025-09-11,https://fonts.google.com/specimen/Baloo+Da+2
168,Baloo Paaji 2,Display,Sans Serif,Display,bold decorative headline attention-grabbing creative expressive geometric humanist grotesque headline hero decorative large-text attention variable variable-font responsive variable-weight punjabi gurmukhi indian english western european extended-latin european vietnamese,400 | 500 | 600 | 700 | 800,wght: -,gurmukhi | latin | latin-ext | vietnamese,Ek Type,787,413,No,2016-01-20,2025-09-10,https://fonts.google.com/specimen/Baloo+Paaji+2
169,Baloo Tamma 2,Display,,Display,bold decorative headline attention-grabbing creative expressive  headline hero decorative large-text attention variable variable-font responsive variable-weight kannada indian english western european extended-latin european vietnamese,400 | 500 | 600 | 700 | 800,wght: -,kannada | latin | latin-ext | vietnamese,Ek Type,854,314,No,2016-01-20,2025-09-11,https://fonts.google.com/specimen/Baloo+Tamma+2
170,Baloo Tammudu 2,Display,,Display,bold decorative headline attention-grabbing creative expressive  headline hero decorative large-text attention variable variable-font responsive variable-weight english western european extended-latin european telugu indian vietnamese,400 | 500 | 600 | 700 | 800,wght: -,latin | latin-ext | telugu | vietnamese,Ek Type,1016,377,No,2016-01-20,2025-09-11,https://fonts.google.com/specimen/Baloo+Tammudu+2
171,Baloo Thambi 2,Display,,Display,bold decorative headline attention-grabbing creative expressive  headline hero decorative large-text attention variable variable-font responsive variable-weight english western european extended-latin european tamil indian vietnamese,400 | 500 | 600 | 700 | 800,wght: -,latin | latin-ext | tamil | vietnamese,Ek Type,866,1753,No,2016-01-20,2025-09-16,https://fonts.google.com/specimen/Baloo+Thambi+2
172,Balsamiq Sans,Display,Sans Serif,Display,bold decorative headline attention-grabbing creative expressive geometric humanist grotesque headline hero decorative large-text attention italic russian cyrillic slavic cyrillic extended english western european extended-latin european,400 | 400i | 700 | 700i,,cyrillic | cyrillic-ext | latin | latin-ext,Michael Angeles,412,116,No,2020-04-09,2025-09-08,https://fonts.google.com/specimen/Balsamiq+Sans
173,Balthazar,Serif,Serif,,elegant traditional classic refined literary editorial transitional oldstyle didone english western european,400,,latin,Dario Manuel Muhafara,890,847,No,2011-12-13,2025-09-16,https://fonts.google.com/specimen/Balthazar
174,Bangers,Display,,Display,bold decorative headline attention-grabbing creative expressive  headline hero decorative large-text attention english western european extended-latin european vietnamese well-known common,400,,latin | latin-ext | vietnamese,Vernon Adams,254,221,No,2011-02-09,2025-09-08,https://fonts.google.com/specimen/Bangers
175,Barlow,Sans Serif,Sans Serif,,clean modern minimal professional readable neutral geometric humanist grotesque versatile multi-weight flexible italic english western european extended-latin european vietnamese top-popular trending most-used,100 | 100i | 200 | 200i | 300 | 300i | 400 | 400i | 500 | 500i | 600 | 600i | 700 | 700i | 800 | 800i | 900 | 900i,,latin | latin-ext | vietnamese,Jeremy Tribby,49,915,No,2017-10-26,2025-09-11,https://fonts.google.com/specimen/Barlow
176,Barlow Condensed,Sans Serif,Sans Serif,,clean modern minimal professional readable neutral geometric humanist grotesque versatile multi-weight flexible italic english western european extended-latin european vietnamese popular widely-used,100 | 100i | 200 | 200i | 300 | 300i | 400 | 400i | 500 | 500i | 600 | 600i | 700 | 700i | 800 | 800i | 900 | 900i,,latin | latin-ext | vietnamese,Jeremy Tribby,95,916,No,2017-10-26,2025-09-08,https://fonts.google.com/specimen/Barlow+Condensed
177,Barlow Semi Condensed,Sans Serif,Sans Serif,,clean modern minimal professional readable neutral geometric humanist grotesque versatile multi-weight flexible italic english western european extended-latin european vietnamese popular widely-used,100 | 100i | 200 | 200i | 300 | 300i | 400 | 400i | 500 | 500i | 600 | 600i | 700 | 700i | 800 | 800i | 900 | 900i,,latin | latin-ext | vietnamese,Jeremy Tribby,141,393,No,2017-10-26,2025-09-16,https://fonts.google.com/specimen/Barlow+Semi+Condensed
178,Barriecito,Display,,Display,bold decorative headline attention-grabbing creative expressive  headline hero decorative large-text attention english western european extended-latin european vietnamese,400,,latin | latin-ext | vietnamese,Omnibus-Type,646,786,No,2019-06-11,2025-09-11,https://fonts.google.com/specimen/Barriecito
179,Barrio,Display,,Display,bold decorative headline attention-grabbing creative expressive  headline hero decorative large-text attention english western european extended-latin european,400,,latin | latin-ext,Omnibus-Type,1226,960,No,2016-12-02,2025-09-11,https://fonts.google.com/specimen/Barrio
180,Basic,Sans Serif,Sans Serif,,clean modern minimal professional readable neutral geometric humanist grotesque english western european extended-latin european,400,,latin | latin-ext,Magnus Gaarde,552,1975,No,2011-12-15,2025-09-10,https://fonts.google.com/specimen/Basic
181,Baskervville,Serif,Serif,,elegant traditional classic refined literary editorial transitional oldstyle didone italic variable variable-font responsive variable-weight english western european extended-latin european well-known common,400 | 400i | 500 | 500i | 600 | 600i | 700 | 700i,wght: -,latin | latin-ext,ANRT,261,1632,No,2019-10-04,2025-09-11,https://fonts.google.com/specimen/Baskervville
182,Baskervville SC,Serif,Serif,,elegant traditional classic refined literary editorial transitional oldstyle didone variable variable-font responsive variable-weight english western european extended-latin european,400 | 500 | 600 | 700,wght: -,latin | latin-ext,ANRT,1276,414,No,2024-06-25,2025-09-08,https://fonts.google.com/specimen/Baskervville+SC
183,Battambang,Display,,Display,bold decorative headline attention-grabbing creative expressive  headline hero decorative large-text attention khmer cambodian english western european,100 | 300 | 400 | 700 | 900,,khmer | latin,Danh Hong,953,546,No,2011-03-02,2025-09-04,https://fonts.google.com/specimen/Battambang
184,Baumans,Display,,Display,bold decorative headline attention-grabbing creative expressive  headline hero decorative large-text attention english western european,400,,latin,Cyreal,1100,1566,No,2011-12-07,2025-09-08,https://fonts.google.com/specimen/Baumans
185,Bayon,Sans Serif,Sans Serif,Display,clean modern minimal professional readable neutral geometric humanist grotesque headline hero decorative large-text attention khmer cambodian english western european,400,,khmer | latin,Danh Hong,793,1563,No,2011-03-02,2025-09-11,https://fonts.google.com/specimen/Bayon
186,Be Vietnam Pro,Sans Serif,Sans Serif,,clean modern minimal professional readable neutral geometric humanist grotesque versatile multi-weight flexible italic english western european extended-latin european vietnamese well-known common,100 | 100i | 200 | 200i | 300 | 300i | 400 | 400i | 500 | 500i | 600 | 600i | 700 | 700i | 800 | 800i | 900 | 900i,,latin | latin-ext | vietnamese,Lâm Bảo | Tony Le | ViệtAnh Nguyễn,184,1983,No,2021-06-13,2025-09-08,https://fonts.google.com/specimen/Be+Vietnam+Pro
187,Beau Rivage,Handwriting,,Handwriting,personal casual friendly warm handwritten script organic  script cursive hand-drawn artistic informal english western european extended-latin european vietnamese,400,,latin | latin-ext | vietnamese,Robert Leuschke,1218,279,No,2022-02-16,2025-05-30,https://fonts.google.com/specimen/Beau+Rivage
188,Bebas Neue,Sans Serif,Sans Serif,Display,clean modern minimal professional readable neutral geometric humanist grotesque headline hero decorative large-text attention english western european extended-latin european top-popular trending most-used,400,,latin | latin-ext,Ryoichi Tsunekawa,48,814,No,2019-10-16,2025-09-16,https://fonts.google.com/specimen/Bebas+Neue
189,Beiruti,Sans Serif,Sans Serif,,clean modern minimal professional readable neutral geometric humanist grotesque versatile multi-weight flexible variable variable-font responsive variable-weight arabic RTL middle-east english western european extended-latin european vietnamese,200 | 300 | 400 | 500 | 600 | 700 | 800 | 900,wght: -,arabic | latin | latin-ext | vietnamese,Boutros Fonts | Arlette Boutros | Volker Schnebel,1358,193,No,2024-06-25,2025-09-10,https://fonts.google.com/specimen/Beiruti
190,Belanosima,Sans Serif,Sans Serif,Display,clean modern minimal professional readable neutral geometric humanist grotesque headline hero decorative large-text attention english western european extended-latin european,400 | 600 | 700,,latin | latin-ext,The DocRepair Project | Santiago Orozco,458,619,No,2023-06-14,2025-06-02,https://fonts.google.com/specimen/Belanosima
191,Belgrano,Serif,Serif,,elegant traditional classic refined literary editorial transitional oldstyle didone english western european,400,,latin,LatinoType,1241,1637,No,2011-12-19,2025-09-04,https://fonts.google.com/specimen/Belgrano
192,Bellefair,Serif,Serif,,elegant traditional classic refined literary editorial transitional oldstyle didone hebrew RTL israeli english western european extended-latin european,400,,hebrew | latin | latin-ext,Nick Shinn | Liron Lavi Turkenic,664,1683,No,2017-06-28,2025-09-08,https://fonts.google.com/specimen/Bellefair
193,Belleza,Sans Serif,Sans Serif,,clean modern minimal professional readable neutral geometric humanist grotesque english western european extended-latin european,400,,latin | latin-ext,Eduardo Tunni,465,1960,No,2012-03-29,2025-09-04,https://fonts.google.com/specimen/Belleza
194,Bellota,Display,,Display,bold decorative headline attention-grabbing creative expressive  headline hero decorative large-text attention italic russian cyrillic slavic english western european extended-latin european vietnamese,300 | 300i | 400 | 400i | 700 | 700i,,cyrillic | latin | latin-ext | vietnamese,Kemie Guaida,1056,1582,No,2020-01-16,2025-09-16,https://fonts.google.com/specimen/Bellota
195,Bellota Text,Display,Sans Serif,Display,bold decorative headline attention-grabbing creative expressive geometric humanist grotesque headline hero decorative large-text attention italic russian cyrillic slavic english western european extended-latin european vietnamese,300 | 300i | 400 | 400i | 700 | 700i,,cyrillic | latin | latin-ext | vietnamese,Kemie Guaida,645,2231,No,2020-01-16,2025-09-04,https://fonts.google.com/specimen/Bellota+Text
196,BenchNine,Sans Serif,Sans Serif,,clean modern minimal professional readable neutral geometric humanist grotesque english western european extended-latin european,300 | 400 | 700,,latin | latin-ext,Vernon Adams,538,1610,No,2012-09-24,2025-09-10,https://fonts.google.com/specimen/BenchNine
197,Benne,Serif,Serif,,elegant traditional classic refined literary editorial transitional oldstyle didone kannada indian english western european extended-latin european,400,,kannada | latin | latin-ext,John Harrington,1122,1253,No,2016-03-01,2025-09-11,https://fonts.google.com/specimen/Benne
198,Bentham,Serif,Serif,,elegant traditional classic refined literary editorial transitional oldstyle didone english western european extended-latin european,400,,latin | latin-ext,Ben Weiner,753,833,No,2010-11-30,2025-09-16,https://fonts.google.com/specimen/Bentham
199,Berkshire Swash,Handwriting,Serif,Display,personal casual friendly warm handwritten script organic transitional oldstyle didone headline hero decorative large-text attention english western european extended-latin european,400,,latin | latin-ext,Astigmatic,371,2058,No,2012-03-14,2025-09-11,https://fonts.google.com/specimen/Berkshire+Swash
200,Besley,Serif,Slab Serif,,elegant traditional classic refined literary editorial slab mechanical sturdy strong versatile multi-weight flexible italic variable variable-font responsive variable-weight english western european extended-latin european,400 | 400i | 500 | 500i | 600 | 600i | 700 | 700i | 800 | 800i | 900 | 900i,wght: -,latin | latin-ext,Owen Earl,530,1732,No,2021-01-05,2025-09-08,https://fonts.google.com/specimen/Besley
201,Betania Patmos,Handwriting,,Handwriting,personal casual friendly warm handwritten script organic  script cursive hand-drawn artistic informal english western european extended-latin european,400,,latin | latin-ext,Carolina Giovagnoli,1856,115,No,2026-02-12,2026-02-17,https://fonts.google.com/specimen/Betania+Patmos
202,Betania Patmos GDL,Handwriting,,Handwriting,personal casual friendly warm handwritten script organic  script cursive hand-drawn artistic informal english western european extended-latin european,400,,latin | latin-ext,Carolina Giovagnoli,1890,2219,No,2026-02-12,2026-02-17,https://fonts.google.com/specimen/Betania+Patmos+GDL
203,Betania Patmos In,Handwriting,,Handwriting,personal casual friendly warm handwritten script organic  script cursive hand-drawn artistic informal english western european extended-latin european,400,,latin | latin-ext,Carolina Giovagnoli,1879,2209,No,2026-02-12,2026-02-17,https://fonts.google.com/specimen/Betania+Patmos+In
204,Betania Patmos In GDL,Handwriting,,Handwriting,personal casual friendly warm handwritten script organic  script cursive hand-drawn artistic informal english western european extended-latin european,400,,latin | latin-ext,Carolina Giovagnoli,1878,2225,No,2026-02-12,2026-02-17,https://fonts.google.com/specimen/Betania+Patmos+In+GDL
205,Beth Ellen,Handwriting,,Handwriting,personal casual friendly warm handwritten script organic  script cursive hand-drawn artistic informal english western european,400,,latin,Rob Jelinski | Alyson Fraser Diaz,1130,1776,No,2019-05-09,2025-09-10,https://fonts.google.com/specimen/Beth+Ellen
206,Bevan,Serif,Slab Serif,Display,elegant traditional classic refined literary editorial slab mechanical sturdy strong headline hero decorative large-text attention italic english western european extended-latin european vietnamese,400 | 400i,,latin | latin-ext | vietnamese,Vernon Adams,534,1624,No,2011-02-23,2025-09-16,https://fonts.google.com/specimen/Bevan
207,BhuTuka Expanded One,Serif,Slab Serif,Display,elegant traditional classic refined literary editorial slab mechanical sturdy strong headline hero decorative large-text attention punjabi gurmukhi indian english western european extended-latin european,400,,gurmukhi | latin | latin-ext,Erin McLaughlin,1225,1308,No,2022-01-21,2025-09-08,https://fonts.google.com/specimen/BhuTuka+Expanded+One
208,Big Shoulders,Display,Sans Serif,Display,bold decorative headline attention-grabbing creative expressive geometric humanist grotesque headline hero decorative large-text attention versatile multi-weight flexible variable variable-font responsive variable-weight english western european extended-latin european vietnamese,100 | 200 | 300 | 400 | 500 | 600 | 700 | 800 | 900,opsz: - | wght: -,latin | latin-ext | vietnamese,Patric King,781,2003,No,2025-02-05,2025-09-02,https://fonts.google.com/specimen/Big+Shoulders
209,Big Shoulders Inline,Display,Sans Serif,Display,bold decorative headline attention-grabbing creative expressive geometric humanist grotesque headline hero decorative large-text attention versatile multi-weight flexible variable variable-font responsive variable-weight english western european extended-latin european vietnamese,100 | 200 | 300 | 400 | 500 | 600 | 700 | 800 | 900,opsz: - | wght: -,latin | latin-ext | vietnamese,Patric King,1649,138,No,2025-02-05,2025-09-04,https://fonts.google.com/specimen/Big+Shoulders+Inline
210,Big Shoulders Stencil,Display,Sans Serif,Display,bold decorative headline attention-grabbing creative expressive geometric humanist grotesque headline hero decorative large-text attention versatile multi-weight flexible variable variable-font responsive variable-weight english western european extended-latin european vietnamese,100 | 200 | 300 | 400 | 500 | 600 | 700 | 800 | 900,opsz: - | wght: -,latin | latin-ext | vietnamese,Patric King,1439,200,No,2025-02-05,2025-09-04,https://fonts.google.com/specimen/Big+Shoulders+Stencil
211,Bigelow Rules,Display,Serif,Display,bold decorative headline attention-grabbing creative expressive transitional oldstyle didone headline hero decorative large-text attention english western european extended-latin european,400,,latin | latin-ext,Astigmatic,1510,1622,No,2012-11-02,2025-09-11,https://fonts.google.com/specimen/Bigelow+Rules
212,Bigshot One,Display,Serif,Display,bold decorative headline attention-grabbing creative expressive transitional oldstyle didone headline hero decorative large-text attention english western european,400,,latin,Gesine Todt,1012,2134,No,2011-05-04,2025-09-10,https://fonts.google.com/specimen/Bigshot+One
213,Bilbo,Handwriting,,Handwriting,personal casual friendly warm handwritten script organic  script cursive hand-drawn artistic informal english western european extended-latin european vietnamese,400,,latin | latin-ext | vietnamese,Robert Leuschke,1405,1616,No,2011-12-07,2025-09-16,https://fonts.google.com/specimen/Bilbo
214,Bilbo Swash Caps,Handwriting,,Handwriting,personal casual friendly warm handwritten script organic  script cursive hand-drawn artistic informal english western european extended-latin european,400,,latin | latin-ext,TypeSETit,1003,1929,No,2011-12-13,2025-09-02,https://fonts.google.com/specimen/Bilbo+Swash+Caps
215,BioRhyme,Serif,Slab Serif,,elegant traditional classic refined literary editorial slab mechanical sturdy strong versatile multi-weight flexible variable variable-font responsive variable-weight variable-width english western european extended-latin european,200 | 300 | 400 | 500 | 600 | 700 | 800,wdth: - | wght: -,latin | latin-ext,Aoife Mooney,704,1701,No,2016-03-01,2025-09-16,https://fonts.google.com/specimen/BioRhyme
216,BioRhyme Expanded,Serif,Slab Serif,Display,elegant traditional classic refined literary editorial slab mechanical sturdy strong headline hero decorative large-text attention english western european extended-latin european,200 | 300 | 400 | 700 | 800,,latin | latin-ext,Aoife Mooney,1570,586,No,2016-06-15,2025-09-08,https://fonts.google.com/specimen/BioRhyme+Expanded
217,Birthstone,Handwriting,,Handwriting | Display,personal casual friendly warm handwritten script organic  script cursive hand-drawn artistic informal headline hero decorative large-text attention english western european extended-latin european vietnamese,400,,latin | latin-ext | vietnamese,Robert Leuschke,801,992,No,2021-08-06,2025-09-04,https://fonts.google.com/specimen/Birthstone
218,Birthstone Bounce,Handwriting,,Handwriting | Display,personal casual friendly warm handwritten script organic  script cursive hand-drawn artistic informal headline hero decorative large-text attention english western european extended-latin european vietnamese,400 | 500,,latin | latin-ext | vietnamese,Robert Leuschke,1162,231,No,2021-09-02,2025-09-04,https://fonts.google.com/specimen/Birthstone+Bounce
219,Biryani,Sans Serif,Sans Serif,,clean modern minimal professional readable neutral geometric humanist grotesque versatile multi-weight flexible hindi devanagari indian english western european extended-latin european,200 | 300 | 400 | 600 | 700 | 800 | 900,,devanagari | latin | latin-ext,Dan Reynolds | Mathieu Réguer,420,626,No,2015-04-22,2025-09-04,https://fonts.google.com/specimen/Biryani
220,Bitcount,Display,,Display,bold decorative headline attention-grabbing creative expressive  headline hero decorative large-text attention versatile multi-weight flexible variable variable-font responsive variable-weight variable-slant english western european extended-latin european,100 | 200 | 300 | 400 | 500 | 600 | 700 | 800 | 900,CRSV: - | ELSH: - | ELXP: - | slnt: - | wght: -,latin | latin-ext,Petr van Blokland,1704,154,No,2025-01-09,2025-09-16,https://fonts.google.com/specimen/Bitcount
221,Bitcount Grid Double,Display,,Display,bold decorative headline attention-grabbing creative expressive  headline hero decorative large-text attention versatile multi-weight flexible variable variable-font responsive variable-weight variable-slant english western european extended-latin european,100 | 200 | 300 | 400 | 500 | 600 | 700 | 800 | 900,CRSV: - | ELSH: - | ELXP: - | slnt: - | wght: -,latin | latin-ext,Petr van Blokland,1738,2301,No,2025-01-09,2025-09-16,https://fonts.google.com/specimen/Bitcount+Grid+Double
222,Bitcount Grid Double Ink,Display,,Display,bold decorative headline attention-grabbing creative expressive  headline hero decorative large-text attention versatile multi-weight flexible variable variable-font responsive variable-weight variable-slant english western european extended-latin european,100 | 200 | 300 | 400 | 500 | 600 | 700 | 800 | 900,CRSV: - | ELSH: - | ELXP: - | SZP1: - | SZP2: - | XPN1: - | XPN2: - | YPN1: - | YPN2: - | slnt: - | wght: -,latin | latin-ext,Petr van Blokland,1588,6,No,2025-09-11,2025-09-16,https://fonts.google.com/specimen/Bitcount+Grid+Double+Ink
223,Bitcount Grid Single,Display,,Display,bold decorative headline attention-grabbing creative expressive  headline hero decorative large-text attention versatile multi-weight flexible variable variable-font responsive variable-weight variable-slant english western european extended-latin european,100 | 200 | 300 | 400 | 500 | 600 | 700 | 800 | 900,CRSV: - | ELSH: - | ELXP: - | slnt: - | wght: -,latin | latin-ext,Petr van Blokland,1636,101,No,2025-01-09,2025-09-16,https://fonts.google.com/specimen/Bitcount+Grid+Single
224,Bitcount Grid Single Ink,Display,,Display,bold decorative headline attention-grabbing creative expressive  headline hero decorative large-text attention versatile multi-weight flexible variable variable-font responsive variable-weight variable-slant english western european extended-latin european,100 | 200 | 300 | 400 | 500 | 600 | 700 | 800 | 900,CRSV: - | ELSH: - | ELXP: - | SZP1: - | SZP2: - | XPN1: - | XPN2: - | YPN1: - | YPN2: - | slnt: - | wght: -,latin | latin-ext,Petr van Blokland,1737,23,No,2025-09-11,2025-09-16,https://fonts.google.com/specimen/Bitcount+Grid+Single+Ink
225,Bitcount Ink,Display,,Display,bold decorative headline attention-grabbing creative expressive  headline hero decorative large-text attention versatile multi-weight flexible variable variable-font responsive variable-weight variable-slant english western european extended-latin european,100 | 200 | 300 | 400 | 500 | 600 | 700 | 800 | 900,CRSV: - | ELSH: - | ELXP: - | SZP1: - | SZP2: - | XPN1: - | XPN2: - | YPN1: - | YPN2: - | slnt: - | wght: -,latin | latin-ext,Petr van Blokland,1686,7,No,2025-09-11,2025-09-16,https://fonts.google.com/specimen/Bitcount+Ink
226,Bitcount Prop Double,Display,,Display,bold decorative headline attention-grabbing creative expressive  headline hero decorative large-text attention versatile multi-weight flexible variable variable-font responsive variable-weight variable-slant english western european extended-latin european,100 | 200 | 300 | 400 | 500 | 600 | 700 | 800 | 900,CRSV: - | ELSH: - | ELXP: - | slnt: - | wght: -,latin | latin-ext,Petr van Blokland,1713,16,No,2025-01-09,2025-09-16,https://fonts.google.com/specimen/Bitcount+Prop+Double
227,Bitcount Prop Double Ink,Display,,Display,bold decorative headline attention-grabbing creative expressive  headline hero decorative large-text attention versatile multi-weight flexible variable variable-font responsive variable-weight variable-slant english western european extended-latin european,100 | 200 | 300 | 400 | 500 | 600 | 700 | 800 | 900,CRSV: - | ELSH: - | ELXP: - | SZP1: - | SZP2: - | XPN1: - | XPN2: - | YPN1: - | YPN2: - | slnt: - | wght: -,latin | latin-ext,Petr van Blokland,1233,3,No,2025-09-11,2025-09-16,https://fonts.google.com/specimen/Bitcount+Prop+Double+Ink
228,Bitcount Prop Single,Display,,Display,bold decorative headline attention-grabbing creative expressive  headline hero decorative large-text attention versatile multi-weight flexible variable variable-font responsive variable-weight variable-slant english western european extended-latin european,100 | 200 | 300 | 400 | 500 | 600 | 700 | 800 | 900,CRSV: - | ELSH: - | ELXP: - | slnt: - | wght: -,latin | latin-ext,Petr van Blokland,1615,237,No,2025-01-09,2025-09-16,https://fonts.google.com/specimen/Bitcount+Prop+Single
229,Bitcount Prop Single Ink,Display,,Display,bold decorative headline attention-grabbing creative expressive  headline hero decorative large-text attention versatile multi-weight flexible variable variable-font responsive variable-weight variable-slant english western european extended-latin european,100 | 200 | 300 | 400 | 500 | 600 | 700 | 800 | 900,CRSV: - | ELSH: - | ELXP: - | SZP1: - | SZP2: - | XPN1: - | XPN2: - | YPN1: - | YPN2: - | slnt: - | wght: -,latin | latin-ext,Petr van Blokland,1722,17,No,2025-09-11,2025-09-16,https://fonts.google.com/specimen/Bitcount+Prop+Single+Ink
230,Bitcount Single,Display,,Display,bold decorative headline attention-grabbing creative expressive  headline hero decorative large-text attention versatile multi-weight flexible variable variable-font responsive variable-weight variable-slant english western european extended-latin european,100 | 200 | 300 | 400 | 500 | 600 | 700 | 800 | 900,CRSV: - | ELSH: - | ELXP: - | slnt: - | wght: -,latin | latin-ext,Petr van Blokland,1553,1362,No,2025-01-09,2025-09-16,https://fonts.google.com/specimen/Bitcount+Single
231,Bitcount Single Ink,Display,,Display,bold decorative headline attention-grabbing creative expressive  headline hero decorative large-text attention versatile multi-weight flexible variable variable-font responsive variable-weight variable-slant english western european extended-latin european,100 | 200 | 300 | 400 | 500 | 600 | 700 | 800 | 900,CRSV: - | ELSH: - | ELXP: - | SZP1: - | SZP2: - | XPN1: - | XPN2: - | YPN1: - | YPN2: - | slnt: - | wght: -,latin | latin-ext,Petr van Blokland,1759,32,No,2025-09-11,2025-09-16,https://fonts.google.com/specimen/Bitcount+Single+Ink
232,Bitter,Serif,Serif,,elegant traditional classic refined literary editorial transitional oldstyle didone versatile multi-weight flexible italic variable variable-font responsive variable-weight russian cyrillic slavic cyrillic extended english western european extended-latin european vietnamese popular widely-used,100 | 100i | 200 | 200i | 300 | 300i | 400 | 400i | 500 | 500i | 600 | 600i | 700 | 700i | 800 | 800i | 900 | 900i,wght: -,cyrillic | cyrillic-ext | latin | latin-ext | vietnamese,Sol Matas,92,875,No,2011-12-19,2025-09-04,https://fonts.google.com/specimen/Bitter
233,Black And White Picture,Display,,Display,bold decorative headline attention-grabbing creative expressive  headline hero decorative large-text attention korean hangul english western european,400,,korean | latin,AsiaSoft Inc.,1674,2021,No,2018-02-27,2025-09-16,https://fonts.google.com/specimen/Black+And+White+Picture
234,Black Han Sans,Sans Serif,Sans Serif,Display,clean modern minimal professional readable neutral geometric humanist grotesque headline hero decorative large-text attention korean hangul english western european,400,,korean | latin,Zess Type,437,491,No,2018-02-23,2025-09-10,https://fonts.google.com/specimen/Black+Han+Sans
235,Black Ops One,Display,,Display,bold decorative headline attention-grabbing creative expressive  headline hero decorative large-text attention cyrillic extended english western european extended-latin european vietnamese,400,,cyrillic-ext | latin | latin-ext | vietnamese,James Grieshaber | Eben Sorkin,476,1828,No,2011-07-27,2025-09-10,https://fonts.google.com/specimen/Black+Ops+One
236,Blaka,Display,,Display,bold decorative headline attention-grabbing creative expressive  headline hero decorative large-text attention arabic RTL middle-east english western european extended-latin european,400,,arabic | latin | latin-ext,Mohamed Gaber,1563,1452,No,2022-04-25,2025-09-16,https://fonts.google.com/specimen/Blaka
237,Blaka Hollow,Display,,Display,bold decorative headline attention-grabbing creative expressive  headline hero decorative large-text attention arabic RTL middle-east english western european extended-latin european,400,,arabic | latin | latin-ext,Mohamed Gaber,1837,538,No,2022-04-25,2025-09-11,https://fonts.google.com/specimen/Blaka+Hollow
238,Blaka Ink,Display,,Display,bold decorative headline attention-grabbing creative expressive  headline hero decorative large-text attention arabic RTL middle-east english western european extended-latin european,400,,arabic | latin | latin-ext,Mohamed Gaber,1851,752,No,2022-02-26,2025-05-30,https://fonts.google.com/specimen/Blaka+Ink
239,Blinker,Sans Serif,Sans Serif,,clean modern minimal professional readable neutral geometric humanist grotesque versatile multi-weight flexible english western european extended-latin european,100 | 200 | 300 | 400 | 600 | 700 | 800 | 900,,latin | latin-ext,Juergen Huber,407,92,No,2019-06-23,2025-09-04,https://fonts.google.com/specimen/Blinker
240,Bodoni Moda,Serif,Serif,,elegant traditional classic refined literary editorial transitional oldstyle didone versatile multi-weight flexible italic variable variable-font responsive variable-weight english western european extended-latin european well-known common,400 | 400i | 500 | 500i | 600 | 600i | 700 | 700i | 800 | 800i | 900 | 900i,opsz: - | wght: -,latin | latin-ext | math | symbols,Owen Earl,162,312,No,2020-11-25,2025-09-16,https://fonts.google.com/specimen/Bodoni+Moda
241,Bodoni Moda SC,Serif,Serif,,elegant traditional classic refined literary editorial transitional oldstyle didone versatile multi-weight flexible italic variable variable-font responsive variable-weight english western european extended-latin european,400 | 400i | 500 | 500i | 600 | 600i | 700 | 700i | 800 | 800i | 900 | 900i,opsz: - | wght: -,latin | latin-ext | math | symbols,Owen Earl,1392,746,No,2024-06-25,2025-09-10,https://fonts.google.com/specimen/Bodoni+Moda+SC
242,Bokor,Display,,Display,bold decorative headline attention-grabbing creative expressive  headline hero decorative large-text attention khmer cambodian english western european,400,,khmer | latin,Danh Hong,1030,728,No,2011-03-02,2025-09-16,https://fonts.google.com/specimen/Bokor
243,Boldonse,Display,,Display,bold decorative headline attention-grabbing creative expressive  headline hero decorative large-text attention english western european extended-latin european,400,,latin | latin-ext,Universitype,1369,1526,No,2025-03-13,2025-05-30,https://fonts.google.com/specimen/Boldonse
244,Bona Nova,Serif,Serif,,elegant traditional classic refined literary editorial transitional oldstyle didone italic russian cyrillic slavic cyrillic extended greek hebrew RTL israeli english western european extended-latin european vietnamese multilingual international,400 | 400i | 700,,cyrillic | cyrillic-ext | greek | hebrew | latin | latin-ext | vietnamese,Capitalics | Mateusz Machalski | Andrzej Heidrich,1167,1718,No,2021-04-13,2025-09-02,https://fonts.google.com/specimen/Bona+Nova
245,Bona Nova SC,Serif,Serif,,elegant traditional classic refined literary editorial transitional oldstyle didone italic russian cyrillic slavic cyrillic extended greek hebrew RTL israeli english western european extended-latin european vietnamese multilingual international,400 | 400i | 700,,cyrillic | cyrillic-ext | greek | hebrew | latin | latin-ext | vietnamese,Capitalics | Mateusz Machalski | Andrzej Heidrich,559,639,No,2024-06-25,2025-05-30,https://fonts.google.com/specimen/Bona+Nova+SC
246,Bonbon,Handwriting,,Display | Handwriting,personal casual friendly warm handwritten script organic  headline hero decorative large-text attention script cursive hand-drawn artistic informal english western european,400,,latin,Cyreal,1599,2167,No,2011-12-07,2025-09-11,https://fonts.google.com/specimen/Bonbon
247,Bonheur Royale,Handwriting,,Display | Handwriting,personal casual friendly warm handwritten script organic  headline hero decorative large-text attention script cursive hand-drawn artistic informal english western european extended-latin european vietnamese,400,,latin | latin-ext | vietnamese,Robert Leuschke,1179,322,No,2021-08-06,2025-09-10,https://fonts.google.com/specimen/Bonheur+Royale
248,Boogaloo,Display,Sans Serif,Display,bold decorative headline attention-grabbing creative expressive geometric humanist grotesque headline hero decorative large-text attention english western european,400,,latin,John Vargas Beltrán,498,1818,No,2011-12-19,2025-09-11,https://fonts.google.com/specimen/Boogaloo
249,Borel,Handwriting,Sans Serif,Handwriting,personal casual friendly warm handwritten script organic geometric humanist grotesque script cursive hand-drawn artistic informal english western european extended-latin european vietnamese,400,,latin | latin-ext | math | symbols | vietnamese,Rosalie Wagner,1164,2078,No,2023-07-04,2025-12-10,https://fonts.google.com/specimen/Borel
250,Bowlby One,Display,Sans Serif,Display,bold decorative headline attention-grabbing creative expressive geometric humanist grotesque headline hero decorative large-text attention english western european,400,,latin,Vernon Adams,750,673,No,2011-07-13,2025-09-02,https://fonts.google.com/specimen/Bowlby+One
251,Bowlby One SC,Display,Sans Serif,Display,bold decorative headline attention-grabbing creative expressive geometric humanist grotesque headline hero decorative large-text attention english western european extended-latin european,400,,latin | latin-ext,Vernon Adams,549,557,No,2011-07-06,2025-09-08,https://fonts.google.com/specimen/Bowlby+One+SC
252,Bpmf Huninn,Sans Serif,Sans Serif,,clean modern minimal professional readable neutral geometric humanist grotesque chinese traditional english western european extended-latin european,400,,chinese-traditional | latin | latin-ext,But Ko | justfont,1542,12,No,2026-02-18,2026-02-25,https://fonts.google.com/specimen/Bpmf+Huninn
253,Bpmf Iansui,Handwriting,,Handwriting,personal casual friendly warm handwritten script organic  script cursive hand-drawn artistic informal chinese traditional english western european extended-latin european,400,,chinese-traditional | latin | latin-ext,But Ko,1803,25,No,2026-02-18,2026-02-25,https://fonts.google.com/specimen/Bpmf+Iansui
254,Bpmf Zihi Kai Std,Sans Serif,Sans Serif,,clean modern minimal professional readable neutral geometric humanist grotesque chinese traditional english western european extended-latin european,400,,chinese-traditional | latin | latin-ext,But Ko,1672,15,No,2026-02-18,2026-02-25,https://fonts.google.com/specimen/Bpmf+Zihi+Kai+Std
255,Braah One,Sans Serif,Sans Serif,Display,clean modern minimal professional readable neutral geometric humanist grotesque headline hero decorative large-text attention punjabi gurmukhi indian english western european extended-latin european vietnamese,400,,gurmukhi | latin | latin-ext | vietnamese,Ashish Kumar,1262,2172,No,2023-03-23,2025-09-11,https://fonts.google.com/specimen/Braah+One
256,Brawler,Serif,Serif,,elegant traditional classic refined literary editorial transitional oldstyle didone english western european,400 | 700,,latin,Cyreal,962,1593,No,2011-05-18,2025-09-10,https://fonts.google.com/specimen/Brawler
257,Bree Serif,Serif,Serif,,elegant traditional classic refined literary editorial transitional oldstyle didone english western european extended-latin european well-known common,400,,latin | latin-ext,TypeTogether,209,2004,No,2011-12-19,2025-09-04,https://fonts.google.com/specimen/Bree+Serif
258,Bricolage Grotesque,Sans Serif,Sans Serif,Display,clean modern minimal professional readable neutral geometric humanist grotesque headline hero decorative large-text attention versatile multi-weight flexible variable variable-font responsive variable-weight variable-width english western european extended-latin european vietnamese popular widely-used,200 | 300 | 400 | 500 | 600 | 700 | 800,opsz: - | wdth: - | wght: -,latin | latin-ext | vietnamese,Mathieu Triay,81,370,No,2023-06-14,2025-09-11,https://fonts.google.com/specimen/Bricolage+Grotesque
259,Bruno Ace,Display,Sans Serif,Display,bold decorative headline attention-grabbing creative expressive geometric humanist grotesque headline hero decorative large-text attention english western european extended-latin european,400,,latin | latin-ext,Astigmatic,1484,236,No,2012-11-15,2025-09-08,https://fonts.google.com/specimen/Bruno+Ace
260,Bruno Ace SC,Display,Sans Serif,Display,bold decorative headline attention-grabbing creative expressive geometric humanist grotesque headline hero decorative large-text attention english western european extended-latin european,400,,latin | latin-ext,Astigmatic,1399,938,No,2012-11-15,2025-09-11,https://fonts.google.com/specimen/Bruno+Ace+SC
261,Brygada 1918,Serif,Serif,,elegant traditional classic refined literary editorial transitional oldstyle didone italic variable variable-font responsive variable-weight russian cyrillic slavic cyrillic extended greek english western european extended-latin european vietnamese multilingual international,400 | 400i | 500 | 500i | 600 | 600i | 700 | 700i,wght: -,cyrillic | cyrillic-ext | greek | latin | latin-ext | vietnamese,Capitalics | Mateusz Machalski | Borys Kosmynka | Ania Wieluńska | Przemysław Hoffer,631,944,No,2021-01-27,2025-09-02,https://fonts.google.com/specimen/Brygada+1918
262,Bubblegum Sans,Display,Sans Serif,Display,bold decorative headline attention-grabbing creative expressive geometric humanist grotesque headline hero decorative large-text attention english western european extended-latin european,400,,latin | latin-ext,Sudtipos,755,1291,No,2011-11-23,2025-09-02,https://fonts.google.com/specimen/Bubblegum+Sans
263,Bubbler One,Sans Serif,Sans Serif,,clean modern minimal professional readable neutral geometric humanist grotesque english western european extended-latin european,400,,latin | latin-ext,Brenda Gallo,891,195,No,2012-05-09,2025-09-10,https://fonts.google.com/specimen/Bubbler+One
264,Buda,Display,Serif,Display,bold decorative headline attention-grabbing creative expressive transitional oldstyle didone headline hero decorative large-text attention english western european,300,,latin,Adèle Antignac,1020,1829,No,2010-12-20,2025-09-08,https://fonts.google.com/specimen/Buda
265,Buenard,Serif,Serif,,elegant traditional classic refined literary editorial transitional oldstyle didone variable variable-font responsive variable-weight english western european extended-latin european,400 | 500 | 600 | 700,wght: -,latin | latin-ext,Gustavo Ibarra,993,2105,No,2011-12-19,2025-09-08,https://fonts.google.com/specimen/Buenard
266,Bungee,Display,Sans Serif,Display,bold decorative headline attention-grabbing creative expressive geometric humanist grotesque headline hero decorative large-text attention english western european extended-latin european vietnamese popular widely-used,400,,latin | latin-ext | vietnamese,David Jonathan Ross,74,2147,No,2016-06-15,2025-09-16,https://fonts.google.com/specimen/Bungee
267,Bungee Hairline,Display,Sans Serif,Display,bold decorative headline attention-grabbing creative expressive geometric humanist grotesque headline hero decorative large-text attention english western european extended-latin european vietnamese,400,,latin | latin-ext | vietnamese,David Jonathan Ross,1435,698,No,2016-06-15,2025-09-08,https://fonts.google.com/specimen/Bungee+Hairline
268,Bungee Inline,Display,Sans Serif,Display,bold decorative headline attention-grabbing creative expressive geometric humanist grotesque headline hero decorative large-text attention english western european extended-latin european vietnamese,400,,latin | latin-ext | vietnamese,David Jonathan Ross,789,1316,No,2016-06-15,2025-09-10,https://fonts.google.com/specimen/Bungee+Inline
269,Bungee Outline,Display,Sans Serif,Display,bold decorative headline attention-grabbing creative expressive geometric humanist grotesque headline hero decorative large-text attention english western european extended-latin european vietnamese,400,,latin | latin-ext | vietnamese,David Jonathan Ross,1525,374,No,2016-06-15,2025-09-10,https://fonts.google.com/specimen/Bungee+Outline
270,Bungee Shade,Display,Sans Serif,Display,bold decorative headline attention-grabbing creative expressive geometric humanist grotesque headline hero decorative large-text attention english western european extended-latin european vietnamese,400,,latin | latin-ext | vietnamese,David Jonathan Ross,705,89,No,2016-06-15,2025-09-16,https://fonts.google.com/specimen/Bungee+Shade
271,Bungee Spice,Display,Sans Serif,Display,bold decorative headline attention-grabbing creative expressive geometric humanist grotesque headline hero decorative large-text attention english western european extended-latin european vietnamese,400,,latin | latin-ext | vietnamese,David Jonathan Ross,803,1435,No,2021-12-07,2025-06-02,https://fonts.google.com/specimen/Bungee+Spice
272,Bungee Tint,Display,Sans Serif,Display,bold decorative headline attention-grabbing creative expressive geometric humanist grotesque headline hero decorative large-text attention english western european extended-latin european vietnamese,400,,latin | latin-ext | vietnamese,David Jonathan Ross,1632,1755,No,2024-08-09,2025-05-30,https://fonts.google.com/specimen/Bungee+Tint
273,Butcherman,Display,,Display,bold decorative headline attention-grabbing creative expressive  headline hero decorative large-text attention english western european extended-latin european,400,,latin | latin-ext,Typomondo,1608,1984,No,2011-12-19,2025-09-10,https://fonts.google.com/specimen/Butcherman
274,Butterfly Kids,Handwriting,,Handwriting | Display,personal casual friendly warm handwritten script organic  script cursive hand-drawn artistic informal headline hero decorative large-text attention english western european extended-latin european,400,,latin | latin-ext,Tart Workshop,1658,2019,No,2012-02-15,2025-09-08,https://fonts.google.com/specimen/Butterfly+Kids
275,Bytesized,Sans Serif,Sans Serif,,clean modern minimal professional readable neutral geometric humanist grotesque english western european extended-latin european,400,,latin | latin-ext,Baltdev,1839,1186,No,2025-03-13,2025-05-30,https://fonts.google.com/specimen/Bytesized
276,Cabin,Sans Serif,Sans Serif,,clean modern minimal professional readable neutral geometric humanist grotesque italic variable variable-font responsive variable-weight variable-width english western european extended-latin european vietnamese popular widely-used,400 | 400i | 500 | 500i | 600 | 600i | 700 | 700i,wdth: - | wght: -,latin | latin-ext | vietnamese,Impallari Type | Rodrigo Fuenzalida,97,1211,No,2011-03-23,2025-09-11,https://fonts.google.com/specimen/Cabin
277,Cabin Condensed,Sans Serif,Sans Serif,,clean modern minimal professional readable neutral geometric humanist grotesque english western european extended-latin european vietnamese,400 | 500 | 600 | 700,,latin | latin-ext | vietnamese,Impallari Type,474,1892,No,2011-11-30,2025-09-08,https://fonts.google.com/specimen/Cabin+Condensed
278,Cabin Sketch,Display,Sans Serif,Display,bold decorative headline attention-grabbing creative expressive geometric humanist grotesque headline hero decorative large-text attention english western european,400 | 700,,latin,Impallari Type,582,1667,No,2011-03-16,2025-09-10,https://fonts.google.com/specimen/Cabin+Sketch
279,Cactus Classical Serif,Serif,Serif,,elegant traditional classic refined literary editorial transitional oldstyle didone chinese traditional russian cyrillic slavic english western european extended-latin european vietnamese,400,,chinese-traditional | cyrillic | latin | latin-ext | vietnamese,Henry Chan | Tian Haidong | Moonlit Owen,1294,1341,No,2024-05-14,2026-01-06,https://fonts.google.com/specimen/Cactus+Classical+Serif
280,Caesar Dressing,Display,,Display,bold decorative headline attention-grabbing creative expressive  headline hero decorative large-text attention english western european,400,,latin,Open Window,1193,649,No,2011-12-19,2025-09-10,https://fonts.google.com/specimen/Caesar+Dressing
281,Cagliostro,Sans Serif,Sans Serif,,clean modern minimal professional readable neutral geometric humanist grotesque english western european,400,,latin,MADType,1407,2137,No,2011-11-30,2025-09-11,https://fonts.google.com/specimen/Cagliostro
282,Cairo,Sans Serif,Sans Serif,,clean modern minimal professional readable neutral geometric humanist grotesque versatile multi-weight flexible variable variable-font responsive variable-weight variable-slant arabic RTL middle-east english western european extended-latin european popular widely-used,1000 | 200 | 300 | 400 | 500 | 600 | 700 | 800 | 900,slnt: - | wght: -,arabic | latin | latin-ext,Mohamed Gaber | Accademia di Belle Arti di Urbino,71,169,No,2016-06-15,2025-09-16,https://fonts.google.com/specimen/Cairo
283,Cairo Play,Sans Serif,Sans Serif,,clean modern minimal professional readable neutral geometric humanist grotesque versatile multi-weight flexible variable variable-font responsive variable-weight variable-slant arabic RTL middle-east english western european extended-latin european,1000 | 200 | 300 | 400 | 500 | 600 | 700 | 800 | 900,slnt: - | wght: -,arabic | latin | latin-ext,Mohamed Gaber | Accademia di Belle Arti di Urbino,581,632,No,2022-08-05,2025-09-16,https://fonts.google.com/specimen/Cairo+Play
284,Cal Sans,Sans Serif,Sans Serif,,clean modern minimal professional readable neutral geometric humanist grotesque english western european extended-latin european vietnamese,400,,latin | latin-ext | vietnamese,Mark Davis | Cal.com Inc.,730,166,No,2025-03-18,2025-06-09,https://fonts.google.com/specimen/Cal+Sans
285,Caladea,Serif,Serif,,elegant traditional classic refined literary editorial transitional oldstyle didone italic english western european extended-latin european,400 | 400i | 700 | 700i,,latin | latin-ext,Andrés Torresi | Carolina Giovanolli,634,429,No,2020-02-11,2025-09-11,https://fonts.google.com/specimen/Caladea
286,Calistoga,Display,Serif,Display,bold decorative headline attention-grabbing creative expressive transitional oldstyle didone headline hero decorative large-text attention english western european extended-latin european vietnamese,400,,latin | latin-ext | vietnamese,Yvonne Schüttler | Sorkin Type | Eben Sorkin,434,1371,No,2019-11-04,2025-09-16,https://fonts.google.com/specimen/Calistoga
287,Calligraffitti,Handwriting,,Handwriting,personal casual friendly warm handwritten script organic  script cursive hand-drawn artistic informal english western european,400,,latin,Open Window,696,955,No,2011-01-06,2025-09-08,https://fonts.google.com/specimen/Calligraffitti
288,Cambay,Sans Serif,Sans Serif,,clean modern minimal professional readable neutral geometric humanist grotesque italic hindi devanagari indian english western european extended-latin european,400 | 400i | 700 | 700i,,devanagari | latin | latin-ext,Pooja Saxena,837,873,No,2015-01-28,2025-09-11,https://fonts.google.com/specimen/Cambay
289,Cambo,Serif,Serif,,elegant traditional classic refined literary editorial transitional oldstyle didone english western european extended-latin european,400,,latin | latin-ext,Huerta Tipográfica,987,1256,No,2011-12-19,2025-09-16,https://fonts.google.com/specimen/Cambo
290,Candal,Sans Serif,Sans Serif,,clean modern minimal professional readable neutral geometric humanist grotesque english western european,400,,latin,Vernon Adams,623,787,No,2011-03-09,2025-09-10,https://fonts.google.com/specimen/Candal
291,Cantarell,Sans Serif,Sans Serif,,clean modern minimal professional readable neutral geometric humanist grotesque italic english western european extended-latin european well-known common,400 | 400i | 700 | 700i,,latin | latin-ext,Dave Crossland,298,1004,No,2010-05-10,2025-09-04,https://fonts.google.com/specimen/Cantarell
292,Cantata One,Serif,Serif,,elegant traditional classic refined literary editorial transitional oldstyle didone english western european extended-latin european,400,,latin | latin-ext,Joana Correia,663,1309,No,2012-02-29,2025-09-10,https://fonts.google.com/specimen/Cantata+One
293,Cantora One,Sans Serif,Sans Serif,,clean modern minimal professional readable neutral geometric humanist grotesque english western european extended-latin european,400,,latin | latin-ext,Impallari Type,1149,1749,No,2012-07-30,2025-09-10,https://fonts.google.com/specimen/Cantora+One
294,Caprasimo,Display,Serif,Display,bold decorative headline attention-grabbing creative expressive transitional oldstyle didone headline hero decorative large-text attention english western european extended-latin european,400,,latin | latin-ext,The DocRepair Project | Phaedra Charles | Flavia Zimbardi,624,590,No,2023-06-14,2025-06-02,https://fonts.google.com/specimen/Caprasimo
295,Capriola,Sans Serif,Sans Serif,,clean modern minimal professional readable neutral geometric humanist grotesque english western european extended-latin european,400,,latin | latin-ext,Viktoriya Grabowska,870,764,No,2012-07-10,2025-09-16,https://fonts.google.com/specimen/Capriola
296,Caramel,Handwriting,,Handwriting,personal casual friendly warm handwritten script organic  script cursive hand-drawn artistic informal english western european extended-latin european vietnamese,400,,latin | latin-ext | vietnamese,Robert Leuschke,1486,1167,No,2021-08-06,2025-09-02,https://fonts.google.com/specimen/Caramel
297,Carattere,Handwriting,,Handwriting,personal casual friendly warm handwritten script organic  script cursive hand-drawn artistic informal english western european extended-latin european vietnamese,400,,latin | latin-ext | vietnamese,Robert Leuschke,1110,1149,No,2021-08-26,2025-09-11,https://fonts.google.com/specimen/Carattere
298,Cardo,Serif,Serif,,elegant traditional classic refined literary editorial transitional oldstyle didone italic greek greek extended hebrew RTL israeli english western european extended-latin european multilingual international well-known common,400 | 400i | 700,,gothic | greek | greek-ext | hebrew | latin | latin-ext | old-italic | runic,David Perry,232,1625,No,2011-09-07,2025-09-08,https://fonts.google.com/specimen/Cardo
299,Carlito,Sans Serif,Sans Serif,,clean modern minimal professional readable neutral geometric humanist grotesque italic russian cyrillic slavic cyrillic extended greek greek extended english western european extended-latin european vietnamese multilingual international,400 | 400i | 700 | 700i,,cyrillic | cyrillic-ext | greek | greek-ext | latin | latin-ext | vietnamese,Łukasz Dziedzic,741,1924,No,2023-04-19,2025-09-08,https://fonts.google.com/specimen/Carlito
300,Carme,Sans Serif,Sans Serif,,clean modern minimal professional readable neutral geometric humanist grotesque english western european,400,,latin,Rubén Prol,1106,1021,No,2011-07-27,2025-09-10,https://fonts.google.com/specimen/Carme
301,Carrois Gothic,Sans Serif,Sans Serif,,clean modern minimal professional readable neutral geometric humanist grotesque english western european,400,,latin,Carrois Apostrophe,805,1263,No,2012-09-30,2025-09-10,https://fonts.google.com/specimen/Carrois+Gothic
302,Carrois Gothic SC,Sans Serif,Sans Serif,,clean modern minimal professional readable neutral geometric humanist grotesque english western european,400,,latin,Carrois Apostrophe,1355,1928,No,2012-09-30,2025-09-08,https://fonts.google.com/specimen/Carrois+Gothic+SC
303,Carter One,Display,,Display,bold decorative headline attention-grabbing creative expressive  headline hero decorative large-text attention english western european,400,,latin,Vernon Adams,461,678,No,2011-05-04,2025-09-10,https://fonts.google.com/specimen/Carter+One
304,Cascadia Code,Sans Serif,Sans Serif,,clean modern minimal professional readable neutral geometric humanist grotesque versatile multi-weight flexible italic variable variable-font responsive variable-weight arabic RTL middle-east russian cyrillic slavic cyrillic extended greek hebrew RTL israeli english western european extended-latin european vietnamese multilingual international,200 | 200i | 300 | 300i | 400 | 400i | 500 | 500i | 600 | 600i | 700 | 700i,wght: -,arabic | braille | cyrillic | cyrillic-ext | greek | hebrew | latin | latin-ext | symbols2 | vietnamese,Aaron Bell | Mohamad Dakak | Viktoriya Grabowska | Liron Lavi Turkenich,1238,55,No,2025-04-17,2025-09-16,https://fonts.google.com/specimen/Cascadia+Code
305,Cascadia Mono,Sans Serif,Sans Serif,,clean modern minimal professional readable neutral geometric humanist grotesque versatile multi-weight flexible italic variable variable-font responsive variable-weight arabic RTL middle-east russian cyrillic slavic cyrillic extended greek hebrew RTL israeli english western european extended-latin european vietnamese multilingual international,200 | 200i | 300 | 300i | 400 | 400i | 500 | 500i | 600 | 600i | 700 | 700i,wght: -,arabic | braille | cyrillic | cyrillic-ext | greek | hebrew | latin | latin-ext | symbols2 | vietnamese,Aaron Bell | Mohamad Dakak | Viktoriya Grabowska | Liron Lavi Turkenich,423,13,No,2025-04-17,2025-09-08,https://fonts.google.com/specimen/Cascadia+Mono
306,Castoro,Serif,Serif,,elegant traditional classic refined literary editorial transitional oldstyle didone italic english western european extended-latin european,400 | 400i,,latin | latin-ext,Tiro Typeworks | John Hudson | Paul Hanslow | Kaja Słojewska,603,1171,No,2020-11-03,2025-09-16,https://fonts.google.com/specimen/Castoro
307,Castoro Titling,Display,Serif,Display,bold decorative headline attention-grabbing creative expressive transitional oldstyle didone headline hero decorative large-text attention english western european extended-latin european,400,,latin | latin-ext,Tiro Typeworks | John Hudson,1447,2180,No,2023-03-14,2025-09-10,https://fonts.google.com/specimen/Castoro+Titling
308,Catamaran,Sans Serif,Sans Serif,,clean modern minimal professional readable neutral geometric humanist grotesque versatile multi-weight flexible variable variable-font responsive variable-weight english western european extended-latin european tamil indian well-known common,100 | 200 | 300 | 400 | 500 | 600 | 700 | 800 | 900,wght: -,latin | latin-ext | tamil,Pria Ravichandran,204,1655,No,2015-07-08,2025-09-10,https://fonts.google.com/specimen/Catamaran
309,Caudex,Serif,Serif,Display,elegant traditional classic refined literary editorial transitional oldstyle didone headline hero decorative large-text attention italic greek greek extended english western european extended-latin european vietnamese multilingual international,400 | 400i | 700 | 700i,,greek | greek-ext | latin | latin-ext | runic | vietnamese,Nidud,625,891,No,2011-05-18,2025-09-04,https://fonts.google.com/specimen/Caudex
310,Cause,Handwriting,Sans Serif,Handwriting,personal casual friendly warm handwritten script organic geometric humanist grotesque script cursive hand-drawn artistic informal versatile multi-weight flexible variable variable-font responsive variable-weight english western european extended-latin european,100 | 200 | 300 | 400 | 500 | 600 | 700 | 800 | 900,wght: -,latin | latin-ext,Saurabh Sharma,1957,1840,No,2025-12-08,2026-01-20,https://fonts.google.com/specimen/Cause
311,Caveat,Handwriting,,Handwriting,personal casual friendly warm handwritten script organic  script cursive hand-drawn artistic informal variable variable-font responsive variable-weight russian cyrillic slavic cyrillic extended english western european extended-latin european popular widely-used,400 | 500 | 600 | 700,wght: -,cyrillic | cyrillic-ext | latin | latin-ext,Impallari Type,123,1357,No,2015-09-23,2025-09-04,https://fonts.google.com/specimen/Caveat
312,Caveat Brush,Handwriting,,Handwriting,personal casual friendly warm handwritten script organic  script cursive hand-drawn artistic informal english western european extended-latin european,400,,latin | latin-ext,Impallari Type,460,1540,No,2015-09-23,2025-09-04,https://fonts.google.com/specimen/Caveat+Brush
313,Cedarville Cursive,Handwriting,,Handwriting,personal casual friendly warm handwritten script organic  script cursive hand-drawn artistic informal english western european,400,,latin,Kimberly Geswein,454,1429,No,2011-06-08,2025-09-16,https://fonts.google.com/specimen/Cedarville+Cursive
314,Ceviche One,Display,,Display,bold decorative headline attention-grabbing creative expressive  headline hero decorative large-text attention english western european extended-latin european,400,,latin | latin-ext,Miguel Hernandez,1134,1634,No,2011-12-07,2025-09-08,https://fonts.google.com/specimen/Ceviche+One
315,Chakra Petch,Sans Serif,Sans Serif,Display,clean modern minimal professional readable neutral geometric humanist grotesque headline hero decorative large-text attention italic english western european extended-latin european thai southeast-asia vietnamese well-known common,300 | 300i | 400 | 400i | 500 | 500i | 600 | 600i | 700 | 700i,,latin | latin-ext | thai | vietnamese,Cadson Demak,153,472,No,2018-09-10,2025-09-16,https://fonts.google.com/specimen/Chakra+Petch
316,Changa,Sans Serif,Sans Serif,Display,clean modern minimal professional readable neutral geometric humanist grotesque headline hero decorative large-text attention versatile multi-weight flexible variable variable-font responsive variable-weight arabic RTL middle-east english western european extended-latin european well-known common,200 | 300 | 400 | 500 | 600 | 700 | 800,wght: -,arabic | latin | latin-ext,Eduardo Tunni,240,350,No,2016-06-15,2025-09-10,https://fonts.google.com/specimen/Changa
317,Changa One,Display,Sans Serif,Display,bold decorative headline attention-grabbing creative expressive geometric humanist grotesque headline hero decorative large-text attention italic english western european popular widely-used,400 | 400i,,latin,Eduardo Tunni,96,483,No,2011-11-30,2025-09-10,https://fonts.google.com/specimen/Changa+One
318,Chango,Display,Sans Serif,Display,bold decorative headline attention-grabbing creative expressive geometric humanist grotesque headline hero decorative large-text attention english western european extended-latin european,400,,latin | latin-ext,Fontstage,347,1848,No,2011-12-13,2025-09-04,https://fonts.google.com/specimen/Chango
319,Charis SIL,Serif,Serif,,elegant traditional classic refined literary editorial transitional oldstyle didone italic russian cyrillic slavic cyrillic extended english western european extended-latin european vietnamese,400 | 400i | 700 | 700i,,cyrillic | cyrillic-ext | latin | latin-ext | vietnamese,SIL International,642,76,No,2022-05-12,2025-05-30,https://fonts.google.com/specimen/Charis+SIL
320,Charm,Handwriting,,Handwriting,personal casual friendly warm handwritten script organic  script cursive hand-drawn artistic informal english western european extended-latin european thai southeast-asia vietnamese,400 | 700,,latin | latin-ext | thai | vietnamese,Cadson Demak,533,642,No,2018-12-11,2025-09-16,https://fonts.google.com/specimen/Charm
321,Charmonman,Handwriting,,Handwriting,personal casual friendly warm handwritten script organic  script cursive hand-drawn artistic informal english western european extended-latin european thai southeast-asia vietnamese,400 | 700,,latin | latin-ext | thai | vietnamese,Cadson Demak,1053,1355,No,2018-09-10,2025-09-16,https://fonts.google.com/specimen/Charmonman
322,Chathura,Sans Serif,Sans Serif,,clean modern minimal professional readable neutral geometric humanist grotesque english western european telugu indian,100 | 300 | 400 | 700 | 800,,latin | telugu,Appaji Ambarisha Darbha,1454,2202,No,2016-06-15,2025-09-16,https://fonts.google.com/specimen/Chathura
323,Chau Philomene One,Sans Serif,Sans Serif,,clean modern minimal professional readable neutral geometric humanist grotesque italic english western european extended-latin european,400 | 400i,,latin | latin-ext,Vicente Lamónaca,1168,716,No,2012-04-04,2025-09-16,https://fonts.google.com/specimen/Chau+Philomene+One
324,Chela One,Display,,Display,bold decorative headline attention-grabbing creative expressive  headline hero decorative large-text attention english western european extended-latin european,400,,latin | latin-ext,Miguel Hernandez,1497,2109,No,2012-10-05,2025-09-04,https://fonts.google.com/specimen/Chela+One
325,Chelsea Market,Display,,Display,bold decorative headline attention-grabbing creative expressive  headline hero decorative large-text attention english western european extended-latin european,400,,latin | latin-ext,Tart Workshop,832,477,No,2012-01-04,2025-09-16,https://fonts.google.com/specimen/Chelsea+Market
326,Chenla,Display,,Display,bold decorative headline attention-grabbing creative expressive  headline hero decorative large-text attention khmer cambodian,400,,khmer,Danh Hong,1646,1964,No,2011-03-02,2022-09-21,https://fonts.google.com/specimen/Chenla
327,Cherish,Handwriting,,Handwriting,personal casual friendly warm handwritten script organic  script cursive hand-drawn artistic informal english western european extended-latin european vietnamese,400,,latin | latin-ext | vietnamese,Robert Leuschke,1700,297,No,2021-08-13,2025-09-11,https://fonts.google.com/specimen/Cherish
328,Cherry Bomb One,Display,,Display,bold decorative headline attention-grabbing creative expressive  headline hero decorative large-text attention japanese kanji hiragana katakana english western european extended-latin european vietnamese,400,,japanese | latin | latin-ext | vietnamese,Satsuyako,808,690,No,2023-05-23,2025-09-16,https://fonts.google.com/specimen/Cherry+Bomb+One
329,Cherry Cream Soda,Display,,Display,bold decorative headline attention-grabbing creative expressive  headline hero decorative large-text attention english western european,400,,latin,Font Diner,928,405,No,2011-01-06,2025-05-30,https://fonts.google.com/specimen/Cherry+Cream+Soda
330,Cherry Swash,Display,Serif,Display,bold decorative headline attention-grabbing creative expressive transitional oldstyle didone headline hero decorative large-text attention english western european extended-latin european,400 | 700,,latin | latin-ext,Nataliya Kasatkina,1178,2260,No,2012-10-24,2025-09-16,https://fonts.google.com/specimen/Cherry+Swash
331,Chewy,Display,,Display,bold decorative headline attention-grabbing creative expressive  headline hero decorative large-text attention english western european,400,,latin,Sideshow,535,1571,No,2011-01-06,2025-05-30,https://fonts.google.com/specimen/Chewy
332,Chicle,Display,Serif,Display,bold decorative headline attention-grabbing creative expressive transitional oldstyle didone headline hero decorative large-text attention english western european extended-latin european,400,,latin | latin-ext,Sudtipos,1137,2044,No,2011-11-30,2025-09-10,https://fonts.google.com/specimen/Chicle
333,Chilanka,Handwriting,,Handwriting,personal casual friendly warm handwritten script organic  script cursive hand-drawn artistic informal english western european extended-latin european malayalam indian,400,,latin | latin-ext | malayalam,SMC | Santhosh Thottingal,1210,85,No,2016-05-10,2025-09-16,https://fonts.google.com/specimen/Chilanka
334,Chiron GoRound TC,Sans Serif,Sans Serif,,clean modern minimal professional readable neutral geometric humanist grotesque versatile multi-weight flexible variable variable-font responsive variable-weight chinese traditional russian cyrillic slavic cyrillic extended english western european extended-latin european vietnamese multilingual international,200 | 300 | 400 | 500 | 600 | 700 | 800 | 900,wght: -,chinese-traditional | cyrillic | cyrillic-ext | latin | latin-ext | vietnamese,Tamcy,1474,52,No,2025-06-20,2026-01-06,https://fonts.google.com/specimen/Chiron+GoRound+TC
335,Chiron Hei HK,Sans Serif,Sans Serif,,clean modern minimal professional readable neutral geometric humanist grotesque versatile multi-weight flexible italic variable variable-font responsive variable-weight chinese traditional russian cyrillic slavic cyrillic extended greek greek extended english western european extended-latin european vietnamese multilingual international,200 | 200i | 300 | 300i | 400 | 400i | 500 | 500i | 600 | 600i | 700 | 700i | 800 | 800i | 900 | 900i,wght: -,chinese-traditional | cyrillic | cyrillic-ext | greek | greek-ext | latin | latin-ext | symbols2 | vietnamese,Tamcy,1612,99,No,2025-05-07,2026-01-06,https://fonts.google.com/specimen/Chiron+Hei+HK
336,Chiron Sung HK,Serif,Serif,,elegant traditional classic refined literary editorial transitional oldstyle didone versatile multi-weight flexible italic variable variable-font responsive variable-weight russian cyrillic slavic cyrillic extended greek english western european extended-latin european vietnamese multilingual international,200 | 200i | 300 | 300i | 400 | 400i | 500 | 500i | 600 | 600i | 700 | 700i | 800 | 800i | 900 | 900i,wght: -,chinese-hongkong | cyrillic | cyrillic-ext | greek | latin | latin-ext | symbols2 | vietnamese,Tamcy,1705,123,No,2025-06-11,2026-01-06,https://fonts.google.com/specimen/Chiron+Sung+HK
337,Chivo,Sans Serif,Sans Serif,,clean modern minimal professional readable neutral geometric humanist grotesque versatile multi-weight flexible italic variable variable-font responsive variable-weight english western european extended-latin european vietnamese well-known common,100 | 100i | 200 | 200i | 300 | 300i | 400 | 400i | 500 | 500i | 600 | 600i | 700 | 700i | 800 | 800i | 900 | 900i,wght: -,latin | latin-ext | vietnamese,Omnibus-Type,234,2051,No,2011-12-07,2025-09-10,https://fonts.google.com/specimen/Chivo
338,Chivo Mono,Monospace,Sans Serif,Monospace,code developer technical fixed-width terminal programming geometric humanist grotesque mono fixed-width tabular data code versatile multi-weight flexible italic variable variable-font responsive variable-weight english western european extended-latin european vietnamese,100 | 100i | 200 | 200i | 300 | 300i | 400 | 400i | 500 | 500i | 600 | 600i | 700 | 700i | 800 | 800i | 900 | 900i,wght: -,latin | latin-ext | vietnamese,Omnibus-Type,698,1711,No,2022-11-02,2025-09-10,https://fonts.google.com/specimen/Chivo+Mono
339,Chocolate Classical Sans,Sans Serif,Sans Serif,,clean modern minimal professional readable neutral geometric humanist grotesque chinese traditional russian cyrillic slavic english western european extended-latin european vietnamese,400,,chinese-traditional | cyrillic | latin | latin-ext | vietnamese,Moonlit Owen,1372,1172,No,2024-05-14,2026-01-06,https://fonts.google.com/specimen/Chocolate+Classical+Sans
340,Chokokutai,Display,,Display,bold decorative headline attention-grabbing creative expressive  headline hero decorative large-text attention japanese kanji hiragana katakana english western european extended-latin european vietnamese,400,,japanese | latin | latin-ext | vietnamese,Font Zone 108,1698,835,No,2023-05-23,2025-09-08,https://fonts.google.com/specimen/Chokokutai
341,Chonburi,Display,Serif,Display,bold decorative headline attention-grabbing creative expressive transitional oldstyle didone headline hero decorative large-text attention english western european extended-latin european thai southeast-asia vietnamese,400,,latin | latin-ext | thai | vietnamese,Cadson Demak,536,255,No,2015-07-08,2025-09-04,https://fonts.google.com/specimen/Chonburi
342,Cinzel,Serif,Serif,,elegant traditional classic refined literary editorial transitional oldstyle didone versatile multi-weight flexible variable variable-font responsive variable-weight english western european extended-latin european well-known common,400 | 500 | 600 | 700 | 800 | 900,wght: -,latin | latin-ext,Natanael Gama,151,618,No,2012-10-24,2025-09-10,https://fonts.google.com/specimen/Cinzel
343,Cinzel Decorative,Display,Serif,Display,bold decorative headline attention-grabbing creative expressive transitional oldstyle didone headline hero decorative large-text attention english western european extended-latin european,400 | 700 | 900,,latin | latin-ext,Natanael Gama,404,925,No,2012-10-24,2025-09-08,https://fonts.google.com/specimen/Cinzel+Decorative
344,Clicker Script,Handwriting,,Handwriting,personal casual friendly warm handwritten script organic  script cursive hand-drawn artistic informal english western european extended-latin european,400,,latin | latin-ext,Astigmatic,1069,1861,No,2012-11-11,2025-09-11,https://fonts.google.com/specimen/Clicker+Script
345,Climate Crisis,Display,Sans Serif,Display,bold decorative headline attention-grabbing creative expressive geometric humanist grotesque headline hero decorative large-text attention variable variable-font responsive english western european extended-latin european,400,YEAR: -,latin | latin-ext,Daniel Coull | Eino Korkala,1423,1842,No,2022-09-30,2025-09-02,https://fonts.google.com/specimen/Climate+Crisis
346,Coda,Display,,Display,bold decorative headline attention-grabbing creative expressive  headline hero decorative large-text attention english western european extended-latin european,400 | 800,,latin | latin-ext,Vernon Adams,560,1844,No,2010-12-07,2025-09-11,https://fonts.google.com/specimen/Coda
347,Codystar,Display,Sans Serif,Display,bold decorative headline attention-grabbing creative expressive geometric humanist grotesque headline hero decorative large-text attention english western european extended-latin european,300 | 400,,latin | latin-ext,Neapolitan,1018,1326,No,2012-03-14,2025-09-11,https://fonts.google.com/specimen/Codystar
348,Coiny,Display,,Display,bold decorative headline attention-grabbing creative expressive  headline hero decorative large-text attention english western european extended-latin european tamil indian vietnamese,400,,latin | latin-ext | tamil | vietnamese,Marcelo Magalhães,782,233,No,2016-06-20,2025-09-16,https://fonts.google.com/specimen/Coiny
349,Combo,Display,,Display,bold decorative headline attention-grabbing creative expressive  headline hero decorative large-text attention english western european extended-latin european,400,,latin | latin-ext,Eduardo Tunni,1694,1608,No,2012-09-23,2025-09-11,https://fonts.google.com/specimen/Combo
350,Comfortaa,Display,Sans Serif,Display,bold decorative headline attention-grabbing creative expressive geometric humanist grotesque headline hero decorative large-text attention variable variable-font responsive variable-weight russian cyrillic slavic cyrillic extended greek english western european extended-latin european vietnamese multilingual international popular widely-used,300 | 400 | 500 | 600 | 700,wght: -,cyrillic | cyrillic-ext | greek | latin | latin-ext | vietnamese,Johan Aakerlund,122,1226,No,2011-08-10,2025-09-08,https://fonts.google.com/specimen/Comfortaa
351,Comforter,Handwriting,,Display | Handwriting,personal casual friendly warm handwritten script organic  headline hero decorative large-text attention script cursive hand-drawn artistic informal russian cyrillic slavic english western european extended-latin european vietnamese,400,,cyrillic | latin | latin-ext | vietnamese,Robert Leuschke,1314,1992,No,2021-09-28,2025-09-10,https://fonts.google.com/specimen/Comforter
352,Comforter Brush,Handwriting,,Handwriting | Display,personal casual friendly warm handwritten script organic  script cursive hand-drawn artistic informal headline hero decorative large-text attention russian cyrillic slavic english western european extended-latin european vietnamese,400,,cyrillic | latin | latin-ext | vietnamese,Robert Leuschke,1322,2229,No,2021-09-16,2025-09-04,https://fonts.google.com/specimen/Comforter+Brush
353,Comic Neue,Handwriting,,Handwriting,personal casual friendly warm handwritten script organic  script cursive hand-drawn artistic informal italic english western european well-known common,300 | 300i | 400 | 400i | 700 | 700i,,latin,Craig Rozynski | Hrant Papazian,239,541,No,2020-03-12,2025-09-16,https://fonts.google.com/specimen/Comic+Neue
354,Comic Relief,Display,,Display,bold decorative headline attention-grabbing creative expressive  headline hero decorative large-text attention russian cyrillic slavic greek english western european extended-latin european,400 | 700,,cyrillic | greek | latin | latin-ext,Jeff Davis,1165,1954,No,2025-04-17,2025-04-23,https://fonts.google.com/specimen/Comic+Relief
355,Coming Soon,Handwriting,,Handwriting,personal casual friendly warm handwritten script organic  script cursive hand-drawn artistic informal english western european,400,,latin,Open Window,660,1652,No,2011-01-06,2025-09-08,https://fonts.google.com/specimen/Coming+Soon
356,Comme,Sans Serif,Sans Serif,,clean modern minimal professional readable neutral geometric humanist grotesque versatile multi-weight flexible variable variable-font responsive variable-weight english western european extended-latin european,100 | 200 | 300 | 400 | 500 | 600 | 700 | 800 | 900,wght: -,latin | latin-ext,Vernon Adams,1219,1317,No,2023-03-28,2025-09-11,https://fonts.google.com/specimen/Comme
357,Commissioner,Sans Serif,Sans Serif,,clean modern minimal professional readable neutral geometric humanist grotesque versatile multi-weight flexible variable variable-font responsive variable-weight variable-slant russian cyrillic slavic cyrillic extended greek english western european extended-latin european vietnamese multilingual international,100 | 200 | 300 | 400 | 500 | 600 | 700 | 800 | 900,FLAR: - | VOLM: - | slnt: - | wght: -,cyrillic | cyrillic-ext | greek | latin | latin-ext | vietnamese,Kostas Bartsokas,336,2125,No,2020-07-20,2025-09-10,https://fonts.google.com/specimen/Commissioner
358,Concert One,Display,Sans Serif,Display,bold decorative headline attention-grabbing creative expressive geometric humanist grotesque headline hero decorative large-text attention english western european extended-latin european,400,,latin | latin-ext,Johan Kallas | Mihkel Virkus,329,753,No,2011-11-23,2025-09-11,https://fonts.google.com/specimen/Concert+One
359,Condiment,Handwriting,,Display | Handwriting,personal casual friendly warm handwritten script organic  headline hero decorative large-text attention script cursive hand-drawn artistic informal english western european extended-latin european,400,,latin | latin-ext,Sudtipos,1430,1763,No,2012-01-25,2025-09-11,https://fonts.google.com/specimen/Condiment
360,Content,Display,,Display,bold decorative headline attention-grabbing creative expressive  headline hero decorative large-text attention khmer cambodian,400 | 700,,khmer,Danh Hong,1360,1969,No,2011-03-02,2024-12-04,https://fonts.google.com/specimen/Content
361,Contrail One,Display,Sans Serif,Display,bold decorative headline attention-grabbing creative expressive geometric humanist grotesque headline hero decorative large-text attention english western european,400,,latin,Riccardo De Franceschi,784,1264,No,2011-10-26,2025-09-08,https://fonts.google.com/specimen/Contrail+One
362,Convergence,Sans Serif,Sans Serif,,clean modern minimal professional readable neutral geometric humanist grotesque english western european extended-latin european,400,,latin | latin-ext,Nicolás Silva | John Vargas Beltrán,1188,1643,No,2011-11-09,2025-09-08,https://fonts.google.com/specimen/Convergence
363,Cookie,Handwriting,,Display | Handwriting,personal casual friendly warm handwritten script organic  headline hero decorative large-text attention script cursive hand-drawn artistic informal english western european,400,,latin,Ania Kruk,324,342,No,2011-10-12,2025-09-16,https://fonts.google.com/specimen/Cookie
364,Copse,Serif,Serif,,elegant traditional classic refined literary editorial transitional oldstyle didone english western european,400,,latin,Dan Rhatigan,818,907,No,2010-12-15,2025-09-08,https://fonts.google.com/specimen/Copse
365,Coral Pixels,Display,Serif,Display,bold decorative headline attention-grabbing creative expressive transitional oldstyle didone headline hero decorative large-text attention english western european extended-latin european,400,,latin | latin-ext,Tanukizamurai,1813,488,No,2025-04-17,2025-04-23,https://fonts.google.com/specimen/Coral+Pixels
366,Corben,Display,Serif,Display,bold decorative headline attention-grabbing creative expressive transitional oldstyle didone headline hero decorative large-text attention english western european extended-latin european,400 | 700,,latin | latin-ext,Vernon Adams,563,893,No,2010-12-20,2025-09-10,https://fonts.google.com/specimen/Corben
367,Corinthia,Handwriting,,Handwriting | Display,personal casual friendly warm handwritten script organic  script cursive hand-drawn artistic informal headline hero decorative large-text attention english western european extended-latin european vietnamese,400 | 700,,latin | latin-ext | vietnamese,Robert Leuschke,829,860,No,2021-08-26,2025-09-04,https://fonts.google.com/specimen/Corinthia
368,Cormorant,Serif,Serif,,elegant traditional classic refined literary editorial transitional oldstyle didone italic variable variable-font responsive variable-weight russian cyrillic slavic cyrillic extended english western european extended-latin european vietnamese well-known common,300 | 300i | 400 | 400i | 500 | 500i | 600 | 600i | 700 | 700i,wght: -,cyrillic | cyrillic-ext | latin | latin-ext | vietnamese,Christian Thalmann,191,839,No,2016-06-15,2025-09-04,https://fonts.google.com/specimen/Cormorant
369,Cormorant Garamond,Serif,Serif,,elegant traditional classic refined literary editorial transitional oldstyle didone italic variable variable-font responsive variable-weight russian cyrillic slavic cyrillic extended english western european extended-latin european vietnamese popular widely-used,300 | 300i | 400 | 400i | 500 | 500i | 600 | 600i | 700 | 700i,wght: -,cyrillic | cyrillic-ext | latin | latin-ext | vietnamese,Christian Thalmann,113,731,No,2016-06-15,2025-09-08,https://fonts.google.com/specimen/Cormorant+Garamond
370,Cormorant Infant,Serif,Serif,,elegant traditional classic refined literary editorial transitional oldstyle didone italic variable variable-font responsive variable-weight russian cyrillic slavic cyrillic extended english western european extended-latin european vietnamese,300 | 300i | 400 | 400i | 500 | 500i | 600 | 600i | 700 | 700i,wght: -,cyrillic | cyrillic-ext | latin | latin-ext | vietnamese,Christian Thalmann,455,666,No,2016-06-15,2025-09-04,https://fonts.google.com/specimen/Cormorant+Infant
371,Cormorant SC,Serif,Serif,,elegant traditional classic refined literary editorial transitional oldstyle didone russian cyrillic slavic cyrillic extended english western european extended-latin european vietnamese,300 | 400 | 500 | 600 | 700,,cyrillic | cyrillic-ext | latin | latin-ext | vietnamese,Christian Thalmann,729,1214,No,2016-06-15,2025-09-10,https://fonts.google.com/specimen/Cormorant+SC
372,Cormorant Unicase,Serif,Serif,,elegant traditional classic refined literary editorial transitional oldstyle didone russian cyrillic slavic cyrillic extended english western european extended-latin european vietnamese,300 | 400 | 500 | 600 | 700,,cyrillic | cyrillic-ext | latin | latin-ext | vietnamese,Christian Thalmann,792,1578,No,2016-06-15,2025-09-10,https://fonts.google.com/specimen/Cormorant+Unicase
373,Cormorant Upright,Serif,Serif,,elegant traditional classic refined literary editorial transitional oldstyle didone english western european extended-latin european vietnamese,300 | 400 | 500 | 600 | 700,,latin | latin-ext | vietnamese,Christian Thalmann,607,892,No,2016-06-15,2025-09-16,https://fonts.google.com/specimen/Cormorant+Upright
374,Cossette Texte,Sans Serif,Sans Serif,,clean modern minimal professional readable neutral geometric humanist grotesque english western european extended-latin european,400 | 700,,latin | latin-ext,Cossette,1987,75,No,2025-08-25,2025-10-29,https://fonts.google.com/specimen/Cossette+Texte
375,Cossette Titre,Sans Serif,Sans Serif,,clean modern minimal professional readable neutral geometric humanist grotesque english western european extended-latin european,400 | 700,,latin | latin-ext,Cossette,1712,288,No,2025-08-25,2025-10-29,https://fonts.google.com/specimen/Cossette+Titre
376,Courgette,Handwriting,,Display | Handwriting,personal casual friendly warm handwritten script organic  headline hero decorative large-text attention script cursive hand-drawn artistic informal english western european extended-latin european well-known common,400,,latin | latin-ext,Karolina Lach,259,1352,No,2012-07-10,2025-09-16,https://fonts.google.com/specimen/Courgette
377,Courier Prime,Monospace,Serif,Monospace,code developer technical fixed-width terminal programming transitional oldstyle didone mono fixed-width tabular data code italic english western european extended-latin european well-known common,400 | 400i | 700 | 700i,,latin | latin-ext,Alan Dague-Greene,235,809,No,2019-12-05,2025-09-11,https://fonts.google.com/specimen/Courier+Prime
378,Cousine,Monospace,Sans Serif,Monospace,code developer technical fixed-width terminal programming geometric humanist grotesque mono fixed-width tabular data code italic russian cyrillic slavic cyrillic extended greek greek extended hebrew RTL israeli english western european extended-latin european vietnamese multilingual international,400 | 400i | 700 | 700i,,cyrillic | cyrillic-ext | greek | greek-ext | hebrew | latin | latin-ext | vietnamese,Steve Matteson,441,1669,No,2010-11-18,2025-09-08,https://fonts.google.com/specimen/Cousine
379,Coustard,Serif,Serif,,elegant traditional classic refined literary editorial transitional oldstyle didone english western european,400 | 900,,latin,Vernon Adams,850,309,No,2011-08-10,2025-09-08,https://fonts.google.com/specimen/Coustard
380,Covered By Your Grace,Handwriting,,Handwriting,personal casual friendly warm handwritten script organic  script cursive hand-drawn artistic informal english western european extended-latin european,400,,latin | latin-ext,Kimberly Geswein,521,1477,No,2010-12-07,2025-09-10,https://fonts.google.com/specimen/Covered+By+Your+Grace
381,Crafty Girls,Handwriting,,Handwriting,personal casual friendly warm handwritten script organic  script cursive hand-drawn artistic informal english western european,400,,latin,Tart Workshop,886,444,No,2011-01-06,2025-05-30,https://fonts.google.com/specimen/Crafty+Girls
382,Creepster,Display,,Display,bold decorative headline attention-grabbing creative expressive  headline hero decorative large-text attention english western european well-known common,400,,latin,Sideshow,208,1674,No,2011-12-19,2025-05-30,https://fonts.google.com/specimen/Creepster
383,Crete Round,Serif,Serif,,elegant traditional classic refined literary editorial transitional oldstyle didone italic english western european extended-latin european well-known common,400 | 400i,,latin | latin-ext,TypeTogether,274,1012,No,2011-12-19,2025-09-08,https://fonts.google.com/specimen/Crete+Round
384,Crimson Pro,Serif,Serif,,elegant traditional classic refined literary editorial transitional oldstyle didone versatile multi-weight flexible italic variable variable-font responsive variable-weight english western european extended-latin european vietnamese well-known common,200 | 200i | 300 | 300i | 400 | 400i | 500 | 500i | 600 | 600i | 700 | 700i | 800 | 800i | 900 | 900i,wght: -,latin | latin-ext | vietnamese,Jacques Le Bailly,253,1627,No,2018-12-04,2025-09-11,https://fonts.google.com/specimen/Crimson+Pro
385,Crimson Text,Serif,Serif,,elegant traditional classic refined literary editorial transitional oldstyle didone italic english western european extended-latin european vietnamese popular widely-used,400 | 400i | 600 | 600i | 700 | 700i,,latin | latin-ext | vietnamese,Sebastian Kosch,124,514,No,2011-01-26,2025-05-30,https://fonts.google.com/specimen/Crimson+Text
386,Croissant One,Display,Serif,Display,bold decorative headline attention-grabbing creative expressive transitional oldstyle didone headline hero decorative large-text attention english western european extended-latin european,400,,latin | latin-ext,Eduardo Tunni,761,1885,No,2012-11-12,2025-09-16,https://fonts.google.com/specimen/Croissant+One
387,Crushed,Display,Sans Serif,Display,bold decorative headline attention-grabbing creative expressive geometric humanist grotesque headline hero decorative large-text attention english western european extended-latin european,400,,latin | latin-ext,Astigmatic,1093,1697,No,2011-01-06,2025-09-08,https://fonts.google.com/specimen/Crushed
388,Cuprum,Sans Serif,Sans Serif,,clean modern minimal professional readable neutral geometric humanist grotesque italic variable variable-font responsive variable-weight russian cyrillic slavic cyrillic extended english western european extended-latin european vietnamese,400 | 400i | 500 | 500i | 600 | 600i | 700 | 700i,wght: -,cyrillic | cyrillic-ext | latin | latin-ext | vietnamese,Jovanny Lemonad,429,725,No,2012-04-04,2025-09-08,https://fonts.google.com/specimen/Cuprum
389,Cute Font,Display,Sans Serif,Display,bold decorative headline attention-grabbing creative expressive geometric humanist grotesque headline hero decorative large-text attention korean hangul english western european,400,,korean | latin,TypoDesign Lab. Inc,1236,149,No,2018-02-23,2025-09-04,https://fonts.google.com/specimen/Cute+Font
390,Cutive,Serif,Slab Serif,Display,elegant traditional classic refined literary editorial slab mechanical sturdy strong headline hero decorative large-text attention english western european extended-latin european,400,,latin | latin-ext,Vernon Adams,959,1921,No,2012-02-29,2025-09-11,https://fonts.google.com/specimen/Cutive
391,Cutive Mono,Monospace,Serif,Monospace,code developer technical fixed-width terminal programming transitional oldstyle didone mono fixed-width tabular data code english western european extended-latin european,400,,latin | latin-ext,Vernon Adams,654,1735,No,2012-10-26,2025-09-11,https://fonts.google.com/specimen/Cutive+Mono
392,DM Mono,Monospace,Sans Serif,Monospace,code developer technical fixed-width terminal programming geometric humanist grotesque mono fixed-width tabular data code italic english western european extended-latin european well-known common,300 | 300i | 400 | 400i | 500 | 500i,,latin | latin-ext,Colophon Foundry,157,282,No,2020-04-15,2025-09-16,https://fonts.google.com/specimen/DM+Mono
393,DM Sans,Sans Serif,Sans Serif,,clean modern minimal professional readable neutral geometric humanist grotesque versatile multi-weight flexible italic variable variable-font responsive variable-weight english western european extended-latin european top-popular trending most-used,100 | 1000 | 1000i | 100i | 200 | 200i | 300 | 300i | 400 | 400i | 500 | 500i | 600 | 600i | 700 | 700i | 800 | 800i | 900 | 900i,opsz: - | wght: -,latin | latin-ext,Colophon Foundry,26,333,No,2019-06-11,2025-09-11,https://fonts.google.com/specimen/DM+Sans
394,DM Serif Display,Serif,Serif,Display,elegant traditional classic refined literary editorial transitional oldstyle didone headline hero decorative large-text attention italic english western european extended-latin european popular widely-used,400 | 400i,,latin | latin-ext,Colophon Foundry,130,568,No,2019-06-11,2025-09-11,https://fonts.google.com/specimen/DM+Serif+Display
395,DM Serif Text,Serif,Serif,,elegant traditional classic refined literary editorial transitional oldstyle didone italic english western european extended-latin european well-known common,400 | 400i,,latin | latin-ext,Colophon Foundry,218,107,No,2019-06-11,2025-09-02,https://fonts.google.com/specimen/DM+Serif+Text
396,Dai Banna SIL,Serif,Serif,,elegant traditional classic refined literary editorial transitional oldstyle didone italic english western european extended-latin european,300 | 300i | 400 | 400i | 500 | 500i | 600 | 600i | 700 | 700i,,latin | latin-ext | new-tai-lue,SIL International,1565,258,No,2023-07-20,2025-05-30,https://fonts.google.com/specimen/Dai+Banna+SIL
397,Damion,Handwriting,,Handwriting,personal casual friendly warm handwritten script organic  script cursive hand-drawn artistic informal english western european extended-latin european,400,,latin | latin-ext,Vernon Adams,490,1257,No,2011-04-27,2025-05-30,https://fonts.google.com/specimen/Damion
398,Dancing Script,Handwriting,,Handwriting,personal casual friendly warm handwritten script organic  script cursive hand-drawn artistic informal variable variable-font responsive variable-weight english western european extended-latin european vietnamese popular widely-used,400 | 500 | 600 | 700,wght: -,latin | latin-ext | vietnamese,Impallari Type,70,707,No,2011-05-18,2025-09-08,https://fonts.google.com/specimen/Dancing+Script
399,Danfo,Serif,Serif,Display,elegant traditional classic refined literary editorial transitional oldstyle didone headline hero decorative large-text attention variable variable-font responsive english western european extended-latin european vietnamese,400,ELSH: -,latin | latin-ext | vietnamese,Afrotype | Seyi Olusanya | Eyiyemi Adegbite | David Udoh | Mirko Velimirović,1652,801,No,2024-03-14,2025-09-04,https://fonts.google.com/specimen/Danfo
400,Dangrek,Display,Sans Serif,Display,bold decorative headline attention-grabbing creative expressive geometric humanist grotesque headline hero decorative large-text attention khmer cambodian english western european,400,,khmer | latin,Danh Hong,1288,817,No,2011-03-02,2025-09-11,https://fonts.google.com/specimen/Dangrek
401,Darker Grotesque,Sans Serif,Sans Serif,,clean modern minimal professional readable neutral geometric humanist grotesque versatile multi-weight flexible variable variable-font responsive variable-weight english western european extended-latin european vietnamese,300 | 400 | 500 | 600 | 700 | 800 | 900,wght: -,latin | latin-ext | vietnamese,Gabriel Lam | ViệtAnh Nguyễn,541,663,No,2019-06-19,2025-09-10,https://fonts.google.com/specimen/Darker+Grotesque
402,Darumadrop One,Display,Sans Serif,Display,bold decorative headline attention-grabbing creative expressive geometric humanist grotesque headline hero decorative large-text attention japanese kanji hiragana katakana english western european extended-latin european,400,,japanese | latin | latin-ext,Maniackers Design,1263,2049,No,2020-12-13,2025-09-08,https://fonts.google.com/specimen/Darumadrop+One
403,David Libre,Serif,Serif,,elegant traditional classic refined literary editorial transitional oldstyle didone hebrew RTL israeli english western european extended-latin european vietnamese multilingual international,400 | 500 | 700,,hebrew | latin | latin-ext | math | symbols | vietnamese,Monotype Imaging Inc. | SIL International | Meir Sadan,840,301,No,2016-06-15,2025-09-10,https://fonts.google.com/specimen/David+Libre
404,Dawning of a New Day,Handwriting,,Display | Handwriting,personal casual friendly warm handwritten script organic  headline hero decorative large-text attention script cursive hand-drawn artistic informal english western european,400,,latin,Kimberly Geswein,676,1684,No,2011-04-14,2025-09-16,https://fonts.google.com/specimen/Dawning+of+a+New+Day
405,Days One,Sans Serif,Sans Serif,Display,clean modern minimal professional readable neutral geometric humanist grotesque headline hero decorative large-text attention russian cyrillic slavic english western european,400,,cyrillic | latin,Jovanny Lemonad,470,147,No,2011-08-17,2025-04-23,https://fonts.google.com/specimen/Days+One
406,Dekko,Handwriting,Sans Serif,Handwriting,personal casual friendly warm handwritten script organic geometric humanist grotesque script cursive hand-drawn artistic informal hindi devanagari indian english western european extended-latin european,400,,devanagari | latin | latin-ext,Sorkin Type,1413,1834,No,2015-01-28,2025-09-08,https://fonts.google.com/specimen/Dekko
407,Dela Gothic One,Display,Sans Serif,Display,bold decorative headline attention-grabbing creative expressive geometric humanist grotesque headline hero decorative large-text attention russian cyrillic slavic greek japanese kanji hiragana katakana english western european extended-latin european vietnamese multilingual international,400,,cyrillic | greek | japanese | latin | latin-ext | vietnamese,artakana,415,1777,No,2020-12-13,2025-09-16,https://fonts.google.com/specimen/Dela+Gothic+One
408,Delicious Handrawn,Handwriting,,Display | Handwriting,personal casual friendly warm handwritten script organic  headline hero decorative large-text attention script cursive hand-drawn artistic informal english western european extended-latin european,400,,latin | latin-ext,Agung Rohmat,1025,1851,No,2023-01-05,2025-09-11,https://fonts.google.com/specimen/Delicious+Handrawn
409,Delius,Handwriting,,Display | Handwriting,personal casual friendly warm handwritten script organic  headline hero decorative large-text attention script cursive hand-drawn artistic informal english western european well-known common,400,,latin,Natalia Raices,267,1175,No,2011-07-27,2025-09-16,https://fonts.google.com/specimen/Delius
410,Delius Swash Caps,Handwriting,,Handwriting | Display,personal casual friendly warm handwritten script organic  script cursive hand-drawn artistic informal headline hero decorative large-text attention english western european,400,,latin,Natalia Raices,1183,1220,No,2011-08-03,2025-09-04,https://fonts.google.com/specimen/Delius+Swash+Caps
411,Delius Unicase,Handwriting,Sans Serif,Display | Handwriting,personal casual friendly warm handwritten script organic geometric humanist grotesque headline hero decorative large-text attention script cursive hand-drawn artistic informal english western european,400 | 700,,latin,Natalia Raices,922,1913,No,2011-10-12,2025-09-10,https://fonts.google.com/specimen/Delius+Unicase
412,Della Respira,Serif,Serif,Display,elegant traditional classic refined literary editorial transitional oldstyle didone headline hero decorative large-text attention english western european,400,,latin,Nathan Willis,895,1403,No,2012-04-04,2025-09-16,https://fonts.google.com/specimen/Della+Respira
413,Denk One,Sans Serif,Sans Serif,Display,clean modern minimal professional readable neutral geometric humanist grotesque headline hero decorative large-text attention cyrillic extended english western european extended-latin european vietnamese,400,,cyrillic-ext | latin | latin-ext | vietnamese,Sorkin Type,906,187,No,2012-12-13,2025-09-04,https://fonts.google.com/specimen/Denk+One
414,Devonshire,Handwriting,,Display | Handwriting,personal casual friendly warm handwritten script organic  headline hero decorative large-text attention script cursive hand-drawn artistic informal english western european extended-latin european,400,,latin | latin-ext,Astigmatic,1282,320,No,2011-11-16,2025-09-10,https://fonts.google.com/specimen/Devonshire
415,Dhurjati,Sans Serif,Sans Serif,Display,clean modern minimal professional readable neutral geometric humanist grotesque headline hero decorative large-text attention english western european telugu indian,400,,latin | telugu,Purushoth Kumar Guttula,1590,783,No,2014-12-10,2025-09-10,https://fonts.google.com/specimen/Dhurjati
416,Didact Gothic,Sans Serif,Sans Serif,,clean modern minimal professional readable neutral geometric humanist grotesque russian cyrillic slavic cyrillic extended greek greek extended english western european extended-latin european multilingual international,400,,cyrillic | cyrillic-ext | greek | greek-ext | latin | latin-ext,Daniel Johnson | Cyreal,308,1323,No,2011-05-04,2025-09-16,https://fonts.google.com/specimen/Didact+Gothic
417,Diphylleia,Serif,Serif,,elegant traditional classic refined literary editorial transitional oldstyle didone korean hangul english western european extended-latin european,400,,korean | latin | latin-ext,Minha Hyung | JAMO,1584,967,No,2023-06-05,2025-05-30,https://fonts.google.com/specimen/Diphylleia
418,Diplomata,Display,Serif,Display,bold decorative headline attention-grabbing creative expressive transitional oldstyle didone headline hero decorative large-text attention english western european extended-latin european,400,,latin | latin-ext,Eduardo Tunni,1524,1847,No,2012-01-25,2025-09-02,https://fonts.google.com/specimen/Diplomata
419,Diplomata SC,Display,Serif,Display,bold decorative headline attention-grabbing creative expressive transitional oldstyle didone headline hero decorative large-text attention english western european extended-latin european,400,,latin | latin-ext,Eduardo Tunni,1585,2020,No,2012-01-25,2025-09-04,https://fonts.google.com/specimen/Diplomata+SC
420,Do Hyeon,Sans Serif,Sans Serif,Display,clean modern minimal professional readable neutral geometric humanist grotesque headline hero decorative large-text attention korean hangul english western european,400,,korean | latin,Woowahan Brothers,540,1177,No,2018-02-24,2025-09-11,https://fonts.google.com/specimen/Do+Hyeon
421,Dokdo,Display,,Display,bold decorative headline attention-grabbing creative expressive  headline hero decorative large-text attention korean hangul english western european,400,,korean | latin,FONTRIX,1079,747,No,2018-02-23,2025-09-16,https://fonts.google.com/specimen/Dokdo
422,Domine,Serif,Serif,,elegant traditional classic refined literary editorial transitional oldstyle didone variable variable-font responsive variable-weight english western european extended-latin european popular widely-used,400 | 500 | 600 | 700,wght: -,latin | latin-ext,Impallari Type,149,1441,No,2012-11-30,2025-09-11,https://fonts.google.com/specimen/Domine
423,Donegal One,Serif,Serif,,elegant traditional classic refined literary editorial transitional oldstyle didone english western european extended-latin european,400,,latin | latin-ext,Gary Lonergan,1457,861,No,2012-12-13,2025-09-08,https://fonts.google.com/specimen/Donegal+One
424,Dongle,Sans Serif,Sans Serif,Display,clean modern minimal professional readable neutral geometric humanist grotesque headline hero decorative large-text attention korean hangul english western european extended-latin european vietnamese,300 | 400 | 700,,korean | latin | latin-ext | vietnamese,Yanghee Ryu,668,734,No,2021-06-14,2025-09-16,https://fonts.google.com/specimen/Dongle
425,Doppio One,Sans Serif,Sans Serif,,clean modern minimal professional readable neutral geometric humanist grotesque english western european extended-latin european,400,,latin | latin-ext,Szymon Celej,1028,1731,No,2012-02-22,2025-09-10,https://fonts.google.com/specimen/Doppio+One
426,Dorsa,Sans Serif,Sans Serif,Display,clean modern minimal professional readable neutral geometric humanist grotesque headline hero decorative large-text attention english western european,400,,latin,Santiago Orozco,1381,1427,No,2011-08-31,2025-09-10,https://fonts.google.com/specimen/Dorsa
427,Dosis,Sans Serif,Sans Serif,Display,clean modern minimal professional readable neutral geometric humanist grotesque headline hero decorative large-text attention versatile multi-weight flexible variable variable-font responsive variable-weight english western european extended-latin european vietnamese popular widely-used,200 | 300 | 400 | 500 | 600 | 700 | 800,wght: -,latin | latin-ext | vietnamese,Impallari Type,87,1397,No,2012-03-20,2025-09-11,https://fonts.google.com/specimen/Dosis
428,DotGothic16,Sans Serif,Sans Serif,Display,clean modern minimal professional readable neutral geometric humanist grotesque headline hero decorative large-text attention russian cyrillic slavic japanese kanji hiragana katakana english western european extended-latin european,400,,cyrillic | japanese | latin | latin-ext,Fontworks Inc.,690,719,No,2020-12-15,2025-09-11,https://fonts.google.com/specimen/DotGothic16
429,Doto,Sans Serif,Sans Serif,Display,clean modern minimal professional readable neutral geometric humanist grotesque headline hero decorative large-text attention versatile multi-weight flexible variable variable-font responsive variable-weight english western european extended-latin european,100 | 200 | 300 | 400 | 500 | 600 | 700 | 800 | 900,ROND: - | wght: -,latin | latin-ext,Óliver Lalan,1176,2101,No,2024-11-05,2025-09-11,https://fonts.google.com/specimen/Doto
430,Dr Sugiyama,Handwriting,,Handwriting | Display,personal casual friendly warm handwritten script organic  script cursive hand-drawn artistic informal headline hero decorative large-text attention english western european extended-latin european,400,,latin | latin-ext,Sudtipos,1530,1577,No,2011-11-30,2025-09-04,https://fonts.google.com/specimen/Dr+Sugiyama
431,Duru Sans,Sans Serif,Sans Serif,,clean modern minimal professional readable neutral geometric humanist grotesque english western european extended-latin european,400,,latin | latin-ext,Onur Yazıcıgil,1104,1315,No,2011-12-19,2025-09-10,https://fonts.google.com/specimen/Duru+Sans
432,DynaPuff,Display,,Display,bold decorative headline attention-grabbing creative expressive  headline hero decorative large-text attention variable variable-font responsive variable-weight variable-width cyrillic extended english western european extended-latin european,400 | 500 | 600 | 700,wdth: - | wght: -,cyrillic-ext | latin | latin-ext,Toshi Omagari | Jennifer Daniel,702,627,No,2022-05-18,2025-09-04,https://fonts.google.com/specimen/DynaPuff
433,Dynalight,Display,,Display | Handwriting,bold decorative headline attention-grabbing creative expressive  headline hero decorative large-text attention script cursive hand-drawn artistic informal english western european extended-latin european,400,,latin | latin-ext,Astigmatic,1068,1553,No,2011-12-19,2025-09-11,https://fonts.google.com/specimen/Dynalight
434,EB Garamond,Serif,Serif,,elegant traditional classic refined literary editorial transitional oldstyle didone italic variable variable-font responsive variable-weight russian cyrillic slavic cyrillic extended greek greek extended english western european extended-latin european vietnamese multilingual international popular widely-used,400 | 400i | 500 | 500i | 600 | 600i | 700 | 700i | 800 | 800i,wght: -,cyrillic | cyrillic-ext | greek | greek-ext | latin | latin-ext | vietnamese,Georg Duffner | Octavio Pardo,83,1544,No,2011-03-23,2025-09-16,https://fonts.google.com/specimen/EB+Garamond
435,Eagle Lake,Handwriting,Serif,Display,personal casual friendly warm handwritten script organic transitional oldstyle didone headline hero decorative large-text attention english western european extended-latin european,400,,latin | latin-ext,Astigmatic,1155,1977,No,2012-07-11,2025-09-16,https://fonts.google.com/specimen/Eagle+Lake
436,East Sea Dokdo,Handwriting,Sans Serif,Display,personal casual friendly warm handwritten script organic geometric humanist grotesque headline hero decorative large-text attention korean hangul english western european,400,,korean | latin,YoonDesign Inc,1229,1898,No,2018-03-12,2025-09-16,https://fonts.google.com/specimen/East+Sea+Dokdo
437,Eater,Display,Serif,Display,bold decorative headline attention-grabbing creative expressive transitional oldstyle didone headline hero decorative large-text attention english western european extended-latin european,400,,latin | latin-ext,Typomondo,359,1888,No,2011-12-19,2025-09-16,https://fonts.google.com/specimen/Eater
438,Economica,Sans Serif,Sans Serif,Display,clean modern minimal professional readable neutral geometric humanist grotesque headline hero decorative large-text attention italic english western european extended-latin european,400 | 400i | 700 | 700i,,latin | latin-ext,Vicente Lamónaca,493,1324,No,2012-02-29,2025-09-04,https://fonts.google.com/specimen/Economica
439,Eczar,Serif,Serif,,elegant traditional classic refined literary editorial transitional oldstyle didone variable variable-font responsive variable-weight hindi devanagari indian greek greek extended english western european extended-latin european,400 | 500 | 600 | 700 | 800,wght: -,devanagari | greek | greek-ext | latin | latin-ext,Rosetta | Vaibhav Singh,301,990,No,2015-06-03,2025-09-16,https://fonts.google.com/specimen/Eczar
440,Edu AU VIC WA NT Arrows,Handwriting,,Handwriting,personal casual friendly warm handwritten script organic  script cursive hand-drawn artistic informal variable variable-font responsive variable-weight english western european extended-latin european,400 | 500 | 600 | 700,wght: -,latin | latin-ext,Tina Anderson | Corey Anderson,1892,2245,No,2024-08-11,2025-09-11,https://fonts.google.com/specimen/Edu+AU+VIC+WA+NT+Arrows
441,Edu AU VIC WA NT Dots,Handwriting,,Handwriting,personal casual friendly warm handwritten script organic  script cursive hand-drawn artistic informal variable variable-font responsive variable-weight english western european extended-latin european,400 | 500 | 600 | 700,wght: -,latin | latin-ext,Tina Anderson | Corey Anderson,1671,924,No,2024-09-18,2025-09-10,https://fonts.google.com/specimen/Edu+AU+VIC+WA+NT+Dots
442,Edu AU VIC WA NT Guides,Handwriting,,Handwriting,personal casual friendly warm handwritten script organic  script cursive hand-drawn artistic informal variable variable-font responsive variable-weight english western european extended-latin european,400 | 500 | 600 | 700,wght: -,latin | latin-ext,Tina Anderson | Corey Anderson,1822,111,No,2024-09-18,2025-09-08,https://fonts.google.com/specimen/Edu+AU+VIC+WA+NT+Guides
443,Edu AU VIC WA NT Hand,Handwriting,Sans Serif,Handwriting,personal casual friendly warm handwritten script organic geometric humanist grotesque script cursive hand-drawn artistic informal variable variable-font responsive variable-weight english western european extended-latin european,400 | 500 | 600 | 700,wght: -,latin | latin-ext,Tina Anderson | Corey Anderson,1467,2159,No,2024-07-10,2025-09-16,https://fonts.google.com/specimen/Edu+AU+VIC+WA+NT+Hand
444,Edu AU VIC WA NT Pre,Handwriting,,Handwriting,personal casual friendly warm handwritten script organic  script cursive hand-drawn artistic informal variable variable-font responsive variable-weight english western european extended-latin european,400 | 500 | 600 | 700,wght: -,latin | latin-ext,Tina Anderson | Corey Anderson,1688,2288,No,2024-11-05,2025-09-11,https://fonts.google.com/specimen/Edu+AU+VIC+WA+NT+Pre
445,Edu NSW ACT Cursive,Handwriting,,Handwriting,personal casual friendly warm handwritten script organic  script cursive hand-drawn artistic informal variable variable-font responsive variable-weight english western european extended-latin european,400 | 500 | 600 | 700,wght: -,latin | latin-ext,Tina Anderson | Corey Anderson,1264,148,No,2025-05-28,2025-09-04,https://fonts.google.com/specimen/Edu+NSW+ACT+Cursive
446,Edu NSW ACT Foundation,Handwriting,,Handwriting,personal casual friendly warm handwritten script organic  script cursive hand-drawn artistic informal variable variable-font responsive variable-weight english western european,400 | 500 | 600 | 700,wght: -,latin,Tina Anderson | Corey Anderson,1664,976,No,2022-06-09,2025-09-11,https://fonts.google.com/specimen/Edu+NSW+ACT+Foundation
447,Edu NSW ACT Hand Pre,Handwriting,,Handwriting,personal casual friendly warm handwritten script organic  script cursive hand-drawn artistic informal variable variable-font responsive variable-weight english western european extended-latin european,400 | 500 | 600 | 700,wght: -,latin | latin-ext,Tina Anderson | Corey Anderson,1831,2285,No,2025-05-28,2025-09-10,https://fonts.google.com/specimen/Edu+NSW+ACT+Hand+Pre
448,Edu QLD Beginner,Handwriting,,Handwriting,personal casual friendly warm handwritten script organic  script cursive hand-drawn artistic informal variable variable-font responsive variable-weight english western european,400 | 500 | 600 | 700,wght: -,latin,Tina Anderson | Corey Anderson,1820,1705,No,2022-06-21,2025-09-16,https://fonts.google.com/specimen/Edu+QLD+Beginner
449,Edu QLD Hand,Handwriting,,Handwriting,personal casual friendly warm handwritten script organic  script cursive hand-drawn artistic informal variable variable-font responsive variable-weight english western european extended-latin european vietnamese,400 | 500 | 600 | 700,wght: -,latin | latin-ext | vietnamese,Tina Anderson | Corey Anderson,1945,2002,No,2025-05-28,2025-09-11,https://fonts.google.com/specimen/Edu+QLD+Hand
450,Edu SA Beginner,Handwriting,,Handwriting,personal casual friendly warm handwritten script organic  script cursive hand-drawn artistic informal variable variable-font responsive variable-weight english western european,400 | 500 | 600 | 700,wght: -,latin,Tina Anderson | Corey Anderson,733,355,No,2022-06-09,2025-09-16,https://fonts.google.com/specimen/Edu+SA+Beginner
451,Edu SA Hand,Handwriting,,Handwriting,personal casual friendly warm handwritten script organic  script cursive hand-drawn artistic informal variable variable-font responsive variable-weight english western european extended-latin european,400 | 500 | 600 | 700,wght: -,latin | latin-ext,Tina Anderson | Corey Anderson,1830,2121,No,2025-05-28,2025-09-08,https://fonts.google.com/specimen/Edu+SA+Hand
452,Edu TAS Beginner,Handwriting,,Handwriting,personal casual friendly warm handwritten script organic  script cursive hand-drawn artistic informal variable variable-font responsive variable-weight english western european,400 | 500 | 600 | 700,wght: -,latin,Tina Anderson | Corey Anderson,1158,281,No,2022-06-09,2025-09-16,https://fonts.google.com/specimen/Edu+TAS+Beginner
453,Edu VIC WA NT Beginner,Handwriting,,Handwriting,personal casual friendly warm handwritten script organic  script cursive hand-drawn artistic informal variable variable-font responsive variable-weight english western european,400 | 500 | 600 | 700,wght: -,latin,Tina Anderson | Corey Anderson,1604,1572,No,2022-06-09,2025-09-11,https://fonts.google.com/specimen/Edu+VIC+WA+NT+Beginner
454,Edu VIC WA NT Hand,Handwriting,,Handwriting,personal casual friendly warm handwritten script organic  script cursive hand-drawn artistic informal variable variable-font responsive variable-weight english western european extended-latin european,400 | 500 | 600 | 700,wght: -,latin | latin-ext,Tina Anderson | Corey Anderson,1962,2036,No,2025-05-28,2025-09-08,https://fonts.google.com/specimen/Edu+VIC+WA+NT+Hand
455,Edu VIC WA NT Hand Pre,Handwriting,,Handwriting,personal casual friendly warm handwritten script organic  script cursive hand-drawn artistic informal variable variable-font responsive variable-weight english western european extended-latin european,400 | 500 | 600 | 700,wght: -,latin | latin-ext,Tina Anderson | Corey Anderson,1956,2086,No,2025-05-28,2025-09-11,https://fonts.google.com/specimen/Edu+VIC+WA+NT+Hand+Pre
456,El Messiri,Sans Serif,Sans Serif,,clean modern minimal professional readable neutral geometric humanist grotesque variable variable-font responsive variable-weight arabic RTL middle-east russian cyrillic slavic english western european extended-latin european,400 | 500 | 600 | 700,wght: -,arabic | cyrillic | latin | latin-ext,Mohamed Gaber | Jovanny Lemonad,323,1583,No,2016-05-31,2025-09-11,https://fonts.google.com/specimen/El+Messiri
457,Electrolize,Sans Serif,Sans Serif,Display,clean modern minimal professional readable neutral geometric humanist grotesque headline hero decorative large-text attention english western european,400,,latin,Gaslight,701,2203,No,2011-12-07,2025-09-11,https://fonts.google.com/specimen/Electrolize
458,Elms Sans,Sans Serif,Sans Serif,,clean modern minimal professional readable neutral geometric humanist grotesque versatile multi-weight flexible italic variable variable-font responsive variable-weight english western european extended-latin european vietnamese,100 | 100i | 200 | 200i | 300 | 300i | 400 | 400i | 500 | 500i | 600 | 600i | 700 | 700i | 800 | 800i | 900 | 900i,wght: -,latin | latin-ext | vietnamese,Amarachi Nwauwa | Gida Type Studio,1721,2208,No,2025-11-03,2025-12-10,https://fonts.google.com/specimen/Elms+Sans
459,Elsie,Display,Serif,Display,bold decorative headline attention-grabbing creative expressive transitional oldstyle didone headline hero decorative large-text attention english western european extended-latin european,400 | 900,,latin | latin-ext,Alejandro Inler,952,206,No,2012-12-13,2025-09-04,https://fonts.google.com/specimen/Elsie
460,Elsie Swash Caps,Display,Serif,Display,bold decorative headline attention-grabbing creative expressive transitional oldstyle didone headline hero decorative large-text attention english western european extended-latin european,400 | 900,,latin | latin-ext,Alejandro Inler,1493,2242,No,2012-12-13,2025-09-16,https://fonts.google.com/specimen/Elsie+Swash+Caps
461,Emblema One,Display,,Display,bold decorative headline attention-grabbing creative expressive  headline hero decorative large-text attention english western european extended-latin european,400,,latin | latin-ext,Riccardo De Franceschi,1543,703,No,2012-01-18,2025-09-10,https://fonts.google.com/specimen/Emblema+One
462,Emilys Candy,Display,Serif,Display,bold decorative headline attention-grabbing creative expressive transitional oldstyle didone headline hero decorative large-text attention english western european extended-latin european,400,,latin | latin-ext,Neapolitan,1127,2043,No,2012-02-29,2025-09-10,https://fonts.google.com/specimen/Emilys+Candy
463,Encode Sans,Sans Serif,Sans Serif,,clean modern minimal professional readable neutral geometric humanist grotesque versatile multi-weight flexible variable variable-font responsive variable-weight variable-width english western european extended-latin european vietnamese well-known common,100 | 200 | 300 | 400 | 500 | 600 | 700 | 800 | 900,wdth: - | wght: -,latin | latin-ext | vietnamese,Impallari Type | Andres Torresi | Jacques Le Bailly,193,603,No,2017-02-08,2025-09-04,https://fonts.google.com/specimen/Encode+Sans
464,Encode Sans Condensed,Sans Serif,Sans Serif,,clean modern minimal professional readable neutral geometric humanist grotesque versatile multi-weight flexible english western european extended-latin european vietnamese,100 | 200 | 300 | 400 | 500 | 600 | 700 | 800 | 900,,latin | latin-ext | vietnamese,Impallari Type | Andres Torresi | Jacques Le Bailly,335,2211,No,2017-02-08,2025-09-11,https://fonts.google.com/specimen/Encode+Sans+Condensed
465,Encode Sans Expanded,Sans Serif,Sans Serif,,clean modern minimal professional readable neutral geometric humanist grotesque versatile multi-weight flexible english western european extended-latin european vietnamese,100 | 200 | 300 | 400 | 500 | 600 | 700 | 800 | 900,,latin | latin-ext | vietnamese,Impallari Type | Andres Torresi | Jacques Le Bailly,719,1434,No,2017-02-08,2025-09-16,https://fonts.google.com/specimen/Encode+Sans+Expanded
466,Encode Sans SC,Sans Serif,Sans Serif,,clean modern minimal professional readable neutral geometric humanist grotesque versatile multi-weight flexible variable variable-font responsive variable-weight variable-width english western european extended-latin european vietnamese,100 | 200 | 300 | 400 | 500 | 600 | 700 | 800 | 900,wdth: - | wght: -,latin | latin-ext | vietnamese,Impallari Type | Andres Torresi | Jacques Le Bailly,1501,1468,No,2020-06-24,2025-09-11,https://fonts.google.com/specimen/Encode+Sans+SC
467,Encode Sans Semi Condensed,Sans Serif,Sans Serif,,clean modern minimal professional readable neutral geometric humanist grotesque versatile multi-weight flexible english western european extended-latin european vietnamese,100 | 200 | 300 | 400 | 500 | 600 | 700 | 800 | 900,,latin | latin-ext | vietnamese,Impallari Type | Andres Torresi | Jacques Le Bailly,777,610,No,2017-02-08,2025-09-11,https://fonts.google.com/specimen/Encode+Sans+Semi+Condensed
468,Encode Sans Semi Expanded,Sans Serif,Sans Serif,,clean modern minimal professional readable neutral geometric humanist grotesque versatile multi-weight flexible english western european extended-latin european vietnamese,100 | 200 | 300 | 400 | 500 | 600 | 700 | 800 | 900,,latin | latin-ext | vietnamese,Impallari Type | Andres Torresi | Jacques Le Bailly,835,183,No,2017-02-08,2025-09-08,https://fonts.google.com/specimen/Encode+Sans+Semi+Expanded
469,Engagement,Handwriting,,Handwriting | Display,personal casual friendly warm handwritten script organic  script cursive hand-drawn artistic informal headline hero decorative large-text attention english western european extended-latin european,400,,latin | latin-ext,Astigmatic,1354,1843,No,2011-12-07,2025-09-02,https://fonts.google.com/specimen/Engagement
470,Englebert,Sans Serif,Sans Serif,Handwriting | Display,clean modern minimal professional readable neutral geometric humanist grotesque script cursive hand-drawn artistic informal headline hero decorative large-text attention english western european extended-latin european,400,,latin | latin-ext,Astigmatic,1221,2009,No,2012-11-02,2025-09-02,https://fonts.google.com/specimen/Englebert
471,Enriqueta,Serif,Serif,Display,elegant traditional classic refined literary editorial transitional oldstyle didone headline hero decorative large-text attention english western european extended-latin european,400 | 500 | 600 | 700,,latin | latin-ext,FontFuror,643,1173,No,2011-12-13,2025-09-16,https://fonts.google.com/specimen/Enriqueta
472,Ephesis,Handwriting,,Display | Handwriting,personal casual friendly warm handwritten script organic  headline hero decorative large-text attention script cursive hand-drawn artistic informal english western european extended-latin european vietnamese,400,,latin | latin-ext | vietnamese,Robert Leuschke,471,37,No,2021-08-06,2025-09-10,https://fonts.google.com/specimen/Ephesis
473,Epilogue,Sans Serif,Sans Serif,,clean modern minimal professional readable neutral geometric humanist grotesque versatile multi-weight flexible italic variable variable-font responsive variable-weight english western european extended-latin european vietnamese well-known common,100 | 100i | 200 | 200i | 300 | 300i | 400 | 400i | 500 | 500i | 600 | 600i | 700 | 700i | 800 | 800i | 900 | 900i,wght: -,latin | latin-ext | vietnamese,Tyler Finck | ETC,179,1396,No,2020-06-26,2025-09-04,https://fonts.google.com/specimen/Epilogue
474,Epunda Sans,Sans Serif,Sans Serif,,clean modern minimal professional readable neutral geometric humanist grotesque versatile multi-weight flexible italic variable variable-font responsive variable-weight english western european extended-latin european,300 | 300i | 400 | 400i | 500 | 500i | 600 | 600i | 700 | 700i | 800 | 800i | 900 | 900i,wght: -,latin | latin-ext,Typofactur,1576,1947,No,2025-08-25,2025-09-04,https://fonts.google.com/specimen/Epunda+Sans
475,Epunda Slab,Serif,Serif,,elegant traditional classic refined literary editorial transitional oldstyle didone versatile multi-weight flexible italic variable variable-font responsive variable-weight english western european extended-latin european,300 | 300i | 400 | 400i | 500 | 500i | 600 | 600i | 700 | 700i | 800 | 800i | 900 | 900i,wght: -,latin | latin-ext,Typofactur,1818,1931,No,2025-08-25,2025-08-26,https://fonts.google.com/specimen/Epunda+Slab
476,Erica One,Display,Sans Serif,Display,bold decorative headline attention-grabbing creative expressive geometric humanist grotesque headline hero decorative large-text attention english western european extended-latin european,400,,latin | latin-ext,Miguel Hernandez,1272,1751,No,2012-01-18,2025-09-16,https://fonts.google.com/specimen/Erica+One
477,Esteban,Serif,Serif,,elegant traditional classic refined literary editorial transitional oldstyle didone english western european extended-latin european,400,,latin | latin-ext,Angélica Díaz,949,933,No,2012-01-11,2025-09-16,https://fonts.google.com/specimen/Esteban
478,Estonia,Handwriting,,Display | Handwriting,personal casual friendly warm handwritten script organic  headline hero decorative large-text attention script cursive hand-drawn artistic informal english western european extended-latin european vietnamese,400,,latin | latin-ext | vietnamese,Robert Leuschke,1716,274,No,2021-08-26,2025-09-11,https://fonts.google.com/specimen/Estonia
479,Euphoria Script,Handwriting,,Handwriting | Display,personal casual friendly warm handwritten script organic  script cursive hand-drawn artistic informal headline hero decorative large-text attention english western european extended-latin european,400,,latin | latin-ext,Sabrina Mariela Lopez,894,661,No,2012-02-08,2025-09-04,https://fonts.google.com/specimen/Euphoria+Script
480,Ewert,Display,Serif,Display,bold decorative headline attention-grabbing creative expressive transitional oldstyle didone headline hero decorative large-text attention english western european extended-latin european,400,,latin | latin-ext,Johan Kallas | Mihkel Virkus,1520,2054,No,2012-02-08,2025-09-10,https://fonts.google.com/specimen/Ewert
481,Exile,Display,,Display,bold decorative headline attention-grabbing creative expressive  headline hero decorative large-text attention english western european extended-latin european,400,,latin | latin-ext,Bartłomiej Rózga,1841,2006,No,2025-05-12,2025-05-13,https://fonts.google.com/specimen/Exile
482,Exo,Sans Serif,Sans Serif,,clean modern minimal professional readable neutral geometric humanist grotesque versatile multi-weight flexible italic variable variable-font responsive variable-weight english western european extended-latin european vietnamese well-known common,100 | 100i | 200 | 200i | 300 | 300i | 400 | 400i | 500 | 500i | 600 | 600i | 700 | 700i | 800 | 800i | 900 | 900i,wght: -,latin | latin-ext | vietnamese,Natanael Gama | Robin Mientjes,173,1703,No,2012-02-08,2025-09-10,https://fonts.google.com/specimen/Exo
483,Exo 2,Sans Serif,Sans Serif,,clean modern minimal professional readable neutral geometric humanist grotesque versatile multi-weight flexible italic variable variable-font responsive variable-weight russian cyrillic slavic cyrillic extended english western european extended-latin european vietnamese popular widely-used,100 | 100i | 200 | 200i | 300 | 300i | 400 | 400i | 500 | 500i | 600 | 600i | 700 | 700i | 800 | 800i | 900 | 900i,wght: -,cyrillic | cyrillic-ext | latin | latin-ext | vietnamese,Natanael Gama,114,1400,No,2013-12-04,2025-09-02,https://fonts.google.com/specimen/Exo+2
484,Expletus Sans,Display,Sans Serif,Display,bold decorative headline attention-grabbing creative expressive geometric humanist grotesque headline hero decorative large-text attention italic variable variable-font responsive variable-weight english western european extended-latin european,400 | 400i | 500 | 500i | 600 | 600i | 700 | 700i,wght: -,latin | latin-ext,Designtown,917,1527,No,2011-05-04,2025-09-11,https://fonts.google.com/specimen/Expletus+Sans
485,Explora,Handwriting,Serif,Display,personal casual friendly warm handwritten script organic transitional oldstyle didone headline hero decorative large-text attention english western european extended-latin european vietnamese,400,,cherokee | latin | latin-ext | vietnamese,Robert Leuschke,1677,2275,No,2021-08-10,2025-09-04,https://fonts.google.com/specimen/Explora
486,Faculty Glyphic,Sans Serif,Sans Serif,,clean modern minimal professional readable neutral geometric humanist grotesque english western european extended-latin european,400,,latin | latin-ext,Koto Studio,1321,1837,No,2024-11-05,2025-05-30,https://fonts.google.com/specimen/Faculty+Glyphic
487,Fahkwang,Sans Serif,Sans Serif,,clean modern minimal professional readable neutral geometric humanist grotesque versatile multi-weight flexible italic english western european extended-latin european thai southeast-asia vietnamese,200 | 200i | 300 | 300i | 400 | 400i | 500 | 500i | 600 | 600i | 700 | 700i,,latin | latin-ext | thai | vietnamese,Cadson Demak,592,756,No,2018-09-10,2025-09-16,https://fonts.google.com/specimen/Fahkwang
488,Familjen Grotesk,Sans Serif,Sans Serif,,clean modern minimal professional readable neutral geometric humanist grotesque italic variable variable-font responsive variable-weight english western european extended-latin european vietnamese,400 | 400i | 500 | 500i | 600 | 600i | 700 | 700i,wght: -,latin | latin-ext | vietnamese,Familjen STHLM AB,647,1936,No,2022-03-02,2025-09-11,https://fonts.google.com/specimen/Familjen+Grotesk
489,Fanwood Text,Serif,Serif,,elegant traditional classic refined literary editorial transitional oldstyle didone italic english western european extended-latin european,400 | 400i,,latin | latin-ext,Barry Schwartz,867,2053,No,2011-08-31,2025-09-10,https://fonts.google.com/specimen/Fanwood+Text
490,Farro,Sans Serif,Sans Serif,,clean modern minimal professional readable neutral geometric humanist grotesque english western european extended-latin european,300 | 400 | 500 | 700,,latin | latin-ext,Grayscale,881,1790,No,2019-07-16,2025-09-16,https://fonts.google.com/specimen/Farro
491,Farsan,Display,Sans Serif,Handwriting,bold decorative headline attention-grabbing creative expressive geometric humanist grotesque script cursive hand-drawn artistic informal gujarati indian english western european extended-latin european vietnamese,400,,gujarati | latin | latin-ext | vietnamese,Pooja Saxena,1380,1660,No,2016-06-20,2025-09-16,https://fonts.google.com/specimen/Farsan
492,Fascinate,Display,,Display,bold decorative headline attention-grabbing creative expressive  headline hero decorative large-text attention english western european extended-latin european,400,,latin | latin-ext,Astigmatic,1121,974,No,2011-12-07,2025-09-16,https://fonts.google.com/specimen/Fascinate
493,Fascinate Inline,Display,,Display,bold decorative headline attention-grabbing creative expressive  headline hero decorative large-text attention english western european extended-latin european,400,,latin | latin-ext,Astigmatic,1306,1662,No,2011-12-07,2025-09-10,https://fonts.google.com/specimen/Fascinate+Inline
494,Faster One,Display,,Display,bold decorative headline attention-grabbing creative expressive  headline hero decorative large-text attention english western european extended-latin european,400,,latin | latin-ext,Eduardo Tunni,743,2249,No,2012-10-26,2025-09-16,https://fonts.google.com/specimen/Faster+One
495,Fasthand,Display,,Handwriting | Display,bold decorative headline attention-grabbing creative expressive  script cursive hand-drawn artistic informal headline hero decorative large-text attention khmer cambodian english western european,400,,khmer | latin,Danh Hong | Neapolitan,1243,790,No,2012-05-24,2025-09-08,https://fonts.google.com/specimen/Fasthand
496,Fauna One,Serif,Serif,,elegant traditional classic refined literary editorial transitional oldstyle didone english western european extended-latin european,400,,latin | latin-ext,Eduardo Tunni,715,498,No,2013-06-05,2025-09-08,https://fonts.google.com/specimen/Fauna+One
497,Faustina,Serif,Serif,,elegant traditional classic refined literary editorial transitional oldstyle didone versatile multi-weight flexible italic variable variable-font responsive variable-weight english western european extended-latin european vietnamese,300 | 300i | 400 | 400i | 500 | 500i | 600 | 600i | 700 | 700i | 800 | 800i,wght: -,latin | latin-ext | vietnamese,Omnibus-Type,406,656,No,2017-07-31,2025-09-04,https://fonts.google.com/specimen/Faustina
498,Federant,Display,Serif,Display,bold decorative headline attention-grabbing creative expressive transitional oldstyle didone headline hero decorative large-text attention english western european,400,,latin,Cyreal,1330,2162,No,2011-10-05,2025-09-11,https://fonts.google.com/specimen/Federant
499,Federo,Sans Serif,Sans Serif,,clean modern minimal professional readable neutral geometric humanist grotesque english western european,400,,latin,Cyreal,984,1478,No,2011-07-27,2025-09-11,https://fonts.google.com/specimen/Federo
500,Felipa,Handwriting,Serif,Display,personal casual friendly warm handwritten script organic transitional oldstyle didone headline hero decorative large-text attention english western european extended-latin european,400,,latin | latin-ext,Fontstage,1505,351,No,2012-02-08,2025-09-11,https://fonts.google.com/specimen/Felipa
501,Fenix,Serif,Serif,,elegant traditional classic refined literary editorial transitional oldstyle didone english western european extended-latin european,400,,latin | latin-ext,Fernando Díaz,1283,2280,No,2012-09-24,2025-09-16,https://fonts.google.com/specimen/Fenix
502,Festive,Handwriting,,Handwriting | Display,personal casual friendly warm handwritten script organic  script cursive hand-drawn artistic informal headline hero decorative large-text attention english western european extended-latin european vietnamese,400,,latin | latin-ext | vietnamese,Robert Leuschke,1398,1195,No,2021-04-23,2025-09-08,https://fonts.google.com/specimen/Festive
503,Figtree,Sans Serif,Sans Serif,,clean modern minimal professional readable neutral geometric humanist grotesque versatile multi-weight flexible italic variable variable-font responsive variable-weight english western european extended-latin european top-popular trending most-used,300 | 300i | 400 | 400i | 500 | 500i | 600 | 600i | 700 | 700i | 800 | 800i | 900 | 900i,wght: -,latin | latin-ext,Erik Kennedy,45,1290,No,2022-07-21,2025-09-11,https://fonts.google.com/specimen/Figtree
504,Finger Paint,Display,Sans Serif,Display,bold decorative headline attention-grabbing creative expressive geometric humanist grotesque headline hero decorative large-text attention english western european,400,,latin,Carrois Apostrophe,995,1738,No,2012-09-30,2025-09-10,https://fonts.google.com/specimen/Finger+Paint
505,Finlandica,Sans Serif,Sans Serif,,clean modern minimal professional readable neutral geometric humanist grotesque italic variable variable-font responsive variable-weight russian cyrillic slavic cyrillic extended english western european extended-latin european,400 | 400i | 500 | 500i | 600 | 600i | 700 | 700i,wght: -,cyrillic | cyrillic-ext | latin | latin-ext,Helsinki Type Studio | Niklas Ekholm | Juho Hiilivirta | Jaakko Suomalainen,1290,227,No,2022-05-13,2025-09-08,https://fonts.google.com/specimen/Finlandica
506,Fira Code,Monospace,,Monospace,code developer technical fixed-width terminal programming  mono fixed-width tabular data code variable variable-font responsive variable-weight russian cyrillic slavic cyrillic extended greek greek extended english western european extended-latin european multilingual international well-known common,300 | 400 | 500 | 600 | 700,wght: -,cyrillic | cyrillic-ext | greek | greek-ext | latin | latin-ext | symbols2,The Mozilla Foundation | Telefonica S.A. | Nikita Prokopov,297,1509,No,2019-03-24,2025-09-16,https://fonts.google.com/specimen/Fira+Code
507,Fira Mono,Monospace,,Monospace,code developer technical fixed-width terminal programming  mono fixed-width tabular data code russian cyrillic slavic cyrillic extended greek greek extended english western european extended-latin european multilingual international,400 | 500 | 700,,cyrillic | cyrillic-ext | greek | greek-ext | latin | latin-ext | symbols2,Carrois Apostrophe,446,1773,No,2014-06-18,2025-09-16,https://fonts.google.com/specimen/Fira+Mono
508,Fira Sans,Sans Serif,Sans Serif,,clean modern minimal professional readable neutral geometric humanist grotesque versatile multi-weight flexible italic russian cyrillic slavic cyrillic extended greek greek extended english western european extended-latin european vietnamese multilingual international top-popular trending most-used,100 | 100i | 200 | 200i | 300 | 300i | 400 | 400i | 500 | 500i | 600 | 600i | 700 | 700i | 800 | 800i | 900 | 900i,,cyrillic | cyrillic-ext | greek | greek-ext | latin | latin-ext | vietnamese,Carrois Apostrophe,47,1550,No,2014-06-18,2025-09-11,https://fonts.google.com/specimen/Fira+Sans
509,Fira Sans Condensed,Sans Serif,Sans Serif,,clean modern minimal professional readable neutral geometric humanist grotesque versatile multi-weight flexible italic russian cyrillic slavic cyrillic extended greek greek extended english western european extended-latin european vietnamese multilingual international well-known common,100 | 100i | 200 | 200i | 300 | 300i | 400 | 400i | 500 | 500i | 600 | 600i | 700 | 700i | 800 | 800i | 900 | 900i,,cyrillic | cyrillic-ext | greek | greek-ext | latin | latin-ext | vietnamese,Carrois Apostrophe,169,1807,No,2016-12-07,2025-09-11,https://fonts.google.com/specimen/Fira+Sans+Condensed
510,Fira Sans Extra Condensed,Sans Serif,Sans Serif,,clean modern minimal professional readable neutral geometric humanist grotesque versatile multi-weight flexible italic russian cyrillic slavic cyrillic extended greek greek extended english western european extended-latin european vietnamese multilingual international,100 | 100i | 200 | 200i | 300 | 300i | 400 | 400i | 500 | 500i | 600 | 600i | 700 | 700i | 800 | 800i | 900 | 900i,,cyrillic | cyrillic-ext | greek | greek-ext | latin | latin-ext | vietnamese,Carrois Apostrophe,488,2013,No,2016-12-07,2025-09-16,https://fonts.google.com/specimen/Fira+Sans+Extra+Condensed
511,Fjalla One,Sans Serif,Sans Serif,,clean modern minimal professional readable neutral geometric humanist grotesque cyrillic extended english western european extended-latin european vietnamese popular widely-used,400,,cyrillic-ext | latin | latin-ext | vietnamese,Sorkin Type | Irina Smirnova,68,2227,No,2012-10-27,2025-09-16,https://fonts.google.com/specimen/Fjalla+One
512,Fjord One,Serif,Serif,,elegant traditional classic refined literary editorial transitional oldstyle didone english western european,400,,latin,Viktoriya Grabowska,763,1961,No,2011-11-02,2025-09-11,https://fonts.google.com/specimen/Fjord+One
513,Flamenco,Display,,Display,bold decorative headline attention-grabbing creative expressive  headline hero decorative large-text attention english western european,300 | 400,,latin,LatinoType,1308,1451,No,2011-12-19,2025-09-11,https://fonts.google.com/specimen/Flamenco
514,Flavors,Display,,Display | Handwriting,bold decorative headline attention-grabbing creative expressive  headline hero decorative large-text attention script cursive hand-drawn artistic informal english western european extended-latin european,400,,latin | latin-ext,Sideshow,1610,1401,No,2011-12-19,2025-09-16,https://fonts.google.com/specimen/Flavors
515,Fleur De Leah,Handwriting,,Handwriting | Display,personal casual friendly warm handwritten script organic  script cursive hand-drawn artistic informal headline hero decorative large-text attention english western european extended-latin european vietnamese,400,,latin | latin-ext | vietnamese,Robert Leuschke,1516,1377,No,2021-09-02,2025-09-08,https://fonts.google.com/specimen/Fleur+De+Leah
516,Flow Block,Display,,Symbols | Display,bold decorative headline attention-grabbing creative expressive  icon symbol emoji pictograph headline hero decorative large-text attention russian cyrillic slavic cyrillic extended english western european extended-latin european vietnamese,400,,cyrillic | cyrillic-ext | latin | latin-ext | vietnamese,Dan Ross,1591,211,No,2021-10-21,2025-09-17,https://fonts.google.com/specimen/Flow+Block
517,Flow Circular,Display,,Symbols | Display,bold decorative headline attention-grabbing creative expressive  icon symbol emoji pictograph headline hero decorative large-text attention russian cyrillic slavic cyrillic extended english western european extended-latin european vietnamese,400,,cyrillic | cyrillic-ext | latin | latin-ext | vietnamese,Dan Ross,720,1482,No,2021-10-21,2025-09-17,https://fonts.google.com/specimen/Flow+Circular
518,Flow Rounded,Display,,Symbols | Display,bold decorative headline attention-grabbing creative expressive  icon symbol emoji pictograph headline hero decorative large-text attention russian cyrillic slavic cyrillic extended english western european extended-latin european vietnamese,400,,cyrillic | cyrillic-ext | latin | latin-ext | vietnamese,Dan Ross,1550,1812,No,2021-10-21,2025-09-17,https://fonts.google.com/specimen/Flow+Rounded
519,Foldit,Display,Sans Serif,Display,bold decorative headline attention-grabbing creative expressive geometric humanist grotesque headline hero decorative large-text attention versatile multi-weight flexible variable variable-font responsive variable-weight english western european extended-latin european vietnamese,100 | 200 | 300 | 400 | 500 | 600 | 700 | 800 | 900,wght: -,latin | latin-ext | vietnamese,Sophia Tai,1609,2175,No,2022-10-02,2025-09-11,https://fonts.google.com/specimen/Foldit
520,Fondamento,Handwriting,,Handwriting | Display,personal casual friendly warm handwritten script organic  script cursive hand-drawn artistic informal headline hero decorative large-text attention italic english western european extended-latin european,400 | 400i,,latin | latin-ext,Astigmatic,712,2069,No,2011-11-16,2025-09-04,https://fonts.google.com/specimen/Fondamento
521,Fontdiner Swanky,Display,Serif,Display,bold decorative headline attention-grabbing creative expressive transitional oldstyle didone headline hero decorative large-text attention english western european,400,,latin,Font Diner,936,496,No,2011-01-06,2025-06-02,https://fonts.google.com/specimen/Fontdiner+Swanky
522,Forum,Display,Serif,Display,bold decorative headline attention-grabbing creative expressive transitional oldstyle didone headline hero decorative large-text attention russian cyrillic slavic cyrillic extended english western european extended-latin european,400,,cyrillic | cyrillic-ext | latin | latin-ext,Denis Masharov,363,1386,No,2011-07-06,2025-09-04,https://fonts.google.com/specimen/Forum
523,Fragment Mono,Monospace,Sans Serif,Monospace,code developer technical fixed-width terminal programming geometric humanist grotesque mono fixed-width tabular data code italic cyrillic extended english western european extended-latin european,400 | 400i,,cyrillic-ext | latin | latin-ext,Wei Huang | URW Design Studio,597,204,No,2022-10-23,2025-09-08,https://fonts.google.com/specimen/Fragment+Mono
524,Francois One,Sans Serif,Sans Serif,,clean modern minimal professional readable neutral geometric humanist grotesque english western european extended-latin european vietnamese well-known common,400,,latin | latin-ext | vietnamese,Vernon Adams,292,886,No,2011-05-04,2025-09-16,https://fonts.google.com/specimen/Francois+One
525,Frank Ruhl Libre,Serif,Serif,,elegant traditional classic refined literary editorial transitional oldstyle didone versatile multi-weight flexible variable variable-font responsive variable-weight hebrew RTL israeli english western european extended-latin european well-known common,300 | 400 | 500 | 600 | 700 | 800 | 900,wght: -,hebrew | latin | latin-ext,Yanek Iontef,201,1000,No,2016-06-20,2025-09-10,https://fonts.google.com/specimen/Frank+Ruhl+Libre
526,Fraunces,Serif,Serif,,elegant traditional classic refined literary editorial transitional oldstyle didone versatile multi-weight flexible italic variable variable-font responsive variable-weight english western european extended-latin european vietnamese well-known common,100 | 100i | 200 | 200i | 300 | 300i | 400 | 400i | 500 | 500i | 600 | 600i | 700 | 700i | 800 | 800i | 900 | 900i,SOFT: - | WONK: - | opsz: - | wght: -,latin | latin-ext | vietnamese,Undercase Type | Phaedra Charles | Flavia Zimbardi,215,430,No,2020-07-23,2025-09-10,https://fonts.google.com/specimen/Fraunces
527,Freckle Face,Display,,Display,bold decorative headline attention-grabbing creative expressive  headline hero decorative large-text attention english western european extended-latin european,400,,latin | latin-ext,Astigmatic,1186,1973,No,2012-11-26,2025-09-16,https://fonts.google.com/specimen/Freckle+Face
528,Fredericka the Great,Display,Serif,Display,bold decorative headline attention-grabbing creative expressive transitional oldstyle didone headline hero decorative large-text attention english western european extended-latin european,400,,latin | latin-ext,Tart Workshop,578,2000,No,2011-12-19,2025-09-16,https://fonts.google.com/specimen/Fredericka+the+Great
529,Fredoka,Sans Serif,Sans Serif,,clean modern minimal professional readable neutral geometric humanist grotesque variable variable-font responsive variable-weight variable-width hebrew RTL israeli english western european extended-latin european popular widely-used,300 | 400 | 500 | 600 | 700,wdth: - | wght: -,hebrew | latin | latin-ext,Milena Brandão | Hafontia,150,360,No,2021-12-15,2025-09-11,https://fonts.google.com/specimen/Fredoka
530,Freehand,Display,,Handwriting | Display,bold decorative headline attention-grabbing creative expressive  script cursive hand-drawn artistic informal headline hero decorative large-text attention khmer cambodian english western european,400,,khmer | latin,Danh Hong,1092,2015,No,2011-03-02,2025-09-08,https://fonts.google.com/specimen/Freehand
531,Freeman,Display,Sans Serif,Display,bold decorative headline attention-grabbing creative expressive geometric humanist grotesque headline hero decorative large-text attention english western european extended-latin european vietnamese,400,,latin | latin-ext | vietnamese,Rodrigo Fuenzalida | Aoife Mooney | Vernon Adams,841,130,No,2024-05-01,2025-05-30,https://fonts.google.com/specimen/Freeman
532,Fresca,Sans Serif,Sans Serif,Display,clean modern minimal professional readable neutral geometric humanist grotesque headline hero decorative large-text attention english western european extended-latin european,400,,latin | latin-ext,Fontstage,968,2182,No,2011-12-07,2025-09-08,https://fonts.google.com/specimen/Fresca
533,Frijole,Display,,Display,bold decorative headline attention-grabbing creative expressive  headline hero decorative large-text attention english western european,400,,latin,Sideshow,1115,1404,No,2011-12-19,2025-09-11,https://fonts.google.com/specimen/Frijole
534,Fruktur,Display,,Display,bold decorative headline attention-grabbing creative expressive  headline hero decorative large-text attention italic cyrillic extended english western european extended-latin european vietnamese,400 | 400i,,cyrillic-ext | latin | latin-ext | vietnamese,Viktoriya Grabowska | Eben Sorkin,1460,553,No,2013-01-16,2025-09-04,https://fonts.google.com/specimen/Fruktur
535,Fugaz One,Display,Sans Serif,Display,bold decorative headline attention-grabbing creative expressive geometric humanist grotesque headline hero decorative large-text attention english western european well-known common,400,,latin,LatinoType,282,419,No,2011-12-19,2025-09-16,https://fonts.google.com/specimen/Fugaz+One
536,Fuggles,Handwriting,,Display | Handwriting,personal casual friendly warm handwritten script organic  headline hero decorative large-text attention script cursive hand-drawn artistic informal english western european extended-latin european vietnamese,400,,latin | latin-ext | vietnamese,Robert Leuschke,1174,1282,No,2021-04-29,2025-09-16,https://fonts.google.com/specimen/Fuggles
537,Funnel Display,Display,Sans Serif,Display,bold decorative headline attention-grabbing creative expressive geometric humanist grotesque headline hero decorative large-text attention versatile multi-weight flexible variable variable-font responsive variable-weight english western european extended-latin european,300 | 400 | 500 | 600 | 700 | 800,wght: -,latin | latin-ext,NORD ID | Kristian Möller,707,572,No,2024-11-05,2025-09-10,https://fonts.google.com/specimen/Funnel+Display
538,Funnel Sans,Sans Serif,Sans Serif,,clean modern minimal professional readable neutral geometric humanist grotesque versatile multi-weight flexible italic variable variable-font responsive variable-weight english western european extended-latin european,300 | 300i | 400 | 400i | 500 | 500i | 600 | 600i | 700 | 700i | 800 | 800i,wght: -,latin | latin-ext,NORD ID | Kristian Möller,501,192,No,2024-11-05,2025-09-08,https://fonts.google.com/specimen/Funnel+Sans
539,Fustat,Sans Serif,Sans Serif,,clean modern minimal professional readable neutral geometric humanist grotesque versatile multi-weight flexible variable variable-font responsive variable-weight arabic RTL middle-east english western european extended-latin european,200 | 300 | 400 | 500 | 600 | 700 | 800,wght: -,arabic | latin | latin-ext,Mohamed Gaber | Laura Garcia Mut | Khaled Hosny,616,178,No,2024-06-04,2025-09-16,https://fonts.google.com/specimen/Fustat
540,Fuzzy Bubbles,Handwriting,Sans Serif,Display,personal casual friendly warm handwritten script organic geometric humanist grotesque headline hero decorative large-text attention english western european extended-latin european vietnamese,400 | 700,,latin | latin-ext | vietnamese,Robert Leuschke,831,648,No,2021-11-02,2025-09-16,https://fonts.google.com/specimen/Fuzzy+Bubbles
541,GFS Didot,Serif,Serif,,elegant traditional classic refined literary editorial transitional oldstyle didone greek greek extended english western european vietnamese,400,,greek | greek-ext | latin | vietnamese,Greek Font Society,467,913,No,2010-09-21,2025-09-10,https://fonts.google.com/specimen/GFS+Didot
542,GFS Neohellenic,Sans Serif,Sans Serif,,clean modern minimal professional readable neutral geometric humanist grotesque italic greek greek extended english western european vietnamese,400 | 400i | 700 | 700i,,greek | greek-ext | latin | vietnamese,Greek Font Society,1571,1260,No,2010-09-21,2025-09-16,https://fonts.google.com/specimen/GFS+Neohellenic
543,Ga Maamli,Display,Sans Serif,Display,bold decorative headline attention-grabbing creative expressive geometric humanist grotesque headline hero decorative large-text attention english western european extended-latin european vietnamese,400,,latin | latin-ext | vietnamese,Afotey Clement Nii Odai | Ama Diaka | David Abbey-Thompson,1425,156,No,2024-06-25,2025-05-30,https://fonts.google.com/specimen/Ga+Maamli
544,Gabarito,Display,Sans Serif,Display,bold decorative headline attention-grabbing creative expressive geometric humanist grotesque headline hero decorative large-text attention versatile multi-weight flexible variable variable-font responsive variable-weight english western european extended-latin european,400 | 500 | 600 | 700 | 800 | 900,wght: -,latin | latin-ext,Naipe Foundry | Leandro Assis | Álvaro Franca | Felipe Casaprima,425,378,No,2023-09-12,2025-09-04,https://fonts.google.com/specimen/Gabarito
545,Gabriela,Serif,Serif,Display,elegant traditional classic refined literary editorial transitional oldstyle didone headline hero decorative large-text attention russian cyrillic slavic cyrillic extended english western european extended-latin european,400,,cyrillic | cyrillic-ext | latin | latin-ext,Eduardo Tunni,798,1581,No,2013-03-06,2025-09-11,https://fonts.google.com/specimen/Gabriela
546,Gaegu,Handwriting,Sans Serif,Display,personal casual friendly warm handwritten script organic geometric humanist grotesque headline hero decorative large-text attention korean hangul english western european,300 | 400 | 700,,korean | latin,JIKJI SOFT,976,1630,No,2018-02-28,2025-09-10,https://fonts.google.com/specimen/Gaegu
547,Gafata,Sans Serif,Sans Serif,Display,clean modern minimal professional readable neutral geometric humanist grotesque headline hero decorative large-text attention english western european extended-latin european,400,,latin | latin-ext,Lautaro Hourcade,1143,631,No,2012-10-31,2025-09-11,https://fonts.google.com/specimen/Gafata
548,Gajraj One,Display,Sans Serif,Display,bold decorative headline attention-grabbing creative expressive geometric humanist grotesque headline hero decorative large-text attention hindi devanagari indian english western european extended-latin european,400,,devanagari | latin | latin-ext,Saurabh Sharma,1779,1770,No,2023-01-22,2025-09-04,https://fonts.google.com/specimen/Gajraj+One
549,Galada,Display,,Display | Handwriting,bold decorative headline attention-grabbing creative expressive  headline hero decorative large-text attention script cursive hand-drawn artistic informal bengali bangladeshi indian english western european,400,,bengali | latin,Black Foundry,1109,1999,No,2016-06-20,2025-09-11,https://fonts.google.com/specimen/Galada
550,Galdeano,Sans Serif,Sans Serif,,clean modern minimal professional readable neutral geometric humanist grotesque english western european,400,,latin,Dario Manuel Muhafara,1531,1199,No,2011-12-07,2025-09-16,https://fonts.google.com/specimen/Galdeano
551,Galindo,Display,Sans Serif,Display,bold decorative headline attention-grabbing creative expressive geometric humanist grotesque headline hero decorative large-text attention english western european extended-latin european,400,,latin | latin-ext,Astigmatic,1446,2035,No,2012-08-13,2025-09-04,https://fonts.google.com/specimen/Galindo
552,Gamja Flower,Handwriting,Sans Serif,Display,personal casual friendly warm handwritten script organic geometric humanist grotesque headline hero decorative large-text attention korean hangul english western european,400,,korean | latin,YoonDesign Inc,973,91,No,2018-02-23,2025-09-08,https://fonts.google.com/specimen/Gamja+Flower
553,Gantari,Sans Serif,Sans Serif,,clean modern minimal professional readable neutral geometric humanist grotesque versatile multi-weight flexible italic variable variable-font responsive variable-weight english western european extended-latin european,100 | 100i | 200 | 200i | 300 | 300i | 400 | 400i | 500 | 500i | 600 | 600i | 700 | 700i | 800 | 800i | 900 | 900i,wght: -,latin | latin-ext,Lafontype,613,2112,No,2022-05-25,2025-09-11,https://fonts.google.com/specimen/Gantari
554,Gasoek One,Sans Serif,Sans Serif,Display,clean modern minimal professional readable neutral geometric humanist grotesque headline hero decorative large-text attention korean hangul english western european extended-latin european,400,,korean | latin | latin-ext,Jiashuo Zhang | JAMO,1480,307,No,2023-05-17,2026-03-03,https://fonts.google.com/specimen/Gasoek+One
555,Gayathri,Sans Serif,Sans Serif,Display,clean modern minimal professional readable neutral geometric humanist grotesque headline hero decorative large-text attention english western european malayalam indian,100 | 400 | 700,,latin | malayalam,SMC | Binoy Dominic,1098,249,No,2019-06-10,2025-09-04,https://fonts.google.com/specimen/Gayathri
556,Geist,Sans Serif,Sans Serif,,clean modern minimal professional readable neutral geometric humanist grotesque versatile multi-weight flexible variable variable-font responsive variable-weight russian cyrillic slavic english western european extended-latin european well-known common,100 | 200 | 300 | 400 | 500 | 600 | 700 | 800 | 900,wght: -,cyrillic | latin | latin-ext,Andrés Briganti | Mateo Zaragoza | Guillermo Rauch | Evil Rabbit | José Rago | Facundo Santana,192,542,No,2024-11-05,2025-09-11,https://fonts.google.com/specimen/Geist
557,Geist Mono,Monospace,Sans Serif,Monospace,code developer technical fixed-width terminal programming geometric humanist grotesque mono fixed-width tabular data code versatile multi-weight flexible variable variable-font responsive variable-weight russian cyrillic slavic english western european extended-latin european well-known common,100 | 200 | 300 | 400 | 500 | 600 | 700 | 800 | 900,wght: -,cyrillic | latin | latin-ext,Andrés Briganti | Mateo Zaragoza | Guillermo Rauch | Evil Rabbit | José Rago | Facundo Santana,294,1461,No,2024-11-05,2025-09-16,https://fonts.google.com/specimen/Geist+Mono
558,Gelasio,Serif,Serif,,elegant traditional classic refined literary editorial transitional oldstyle didone italic variable variable-font responsive variable-weight english western european extended-latin european vietnamese,400 | 400i | 500 | 500i | 600 | 600i | 700 | 700i,wght: -,latin | latin-ext | vietnamese,Eben Sorkin,349,896,No,2019-12-03,2025-09-04,https://fonts.google.com/specimen/Gelasio
559,Gemunu Libre,Sans Serif,Sans Serif,Display,clean modern minimal professional readable neutral geometric humanist grotesque headline hero decorative large-text attention versatile multi-weight flexible variable variable-font responsive variable-weight english western european extended-latin european sinhala sri-lankan,200 | 300 | 400 | 500 | 600 | 700 | 800,wght: -,latin | latin-ext | sinhala,Mooniak,1096,755,No,2017-05-29,2025-09-10,https://fonts.google.com/specimen/Gemunu+Libre
560,Genos,Sans Serif,Sans Serif,Display,clean modern minimal professional readable neutral geometric humanist grotesque headline hero decorative large-text attention versatile multi-weight flexible italic variable variable-font responsive variable-weight english western european extended-latin european vietnamese,100 | 100i | 200 | 200i | 300 | 300i | 400 | 400i | 500 | 500i | 600 | 600i | 700 | 700i | 800 | 800i | 900 | 900i,wght: -,cherokee | latin | latin-ext | vietnamese,Robert Leuschke,1107,272,No,2021-10-07,2025-09-16,https://fonts.google.com/specimen/Genos
561,Gentium Book Plus,Serif,Serif,,elegant traditional classic refined literary editorial transitional oldstyle didone italic russian cyrillic slavic cyrillic extended greek greek extended english western european extended-latin european vietnamese multilingual international,400 | 400i | 700 | 700i,,cyrillic | cyrillic-ext | greek | greek-ext | latin | latin-ext | vietnamese,SIL International,1259,2064,No,2022-05-18,2025-05-30,https://fonts.google.com/specimen/Gentium+Book+Plus
562,Gentium Plus,Serif,Serif,,elegant traditional classic refined literary editorial transitional oldstyle didone italic russian cyrillic slavic cyrillic extended greek greek extended english western european extended-latin european vietnamese multilingual international,400 | 400i | 700 | 700i,,cyrillic | cyrillic-ext | greek | greek-ext | latin | latin-ext | vietnamese,SIL International,868,667,No,2022-05-13,2025-05-30,https://fonts.google.com/specimen/Gentium+Plus
563,Geo,Sans Serif,Sans Serif,Display,clean modern minimal professional readable neutral geometric humanist grotesque headline hero decorative large-text attention italic english western european,400 | 400i,,latin,Ben Weiner,656,1121,No,2010-11-30,2025-09-16,https://fonts.google.com/specimen/Geo
564,Geologica,Sans Serif,Sans Serif,,clean modern minimal professional readable neutral geometric humanist grotesque versatile multi-weight flexible variable variable-font responsive variable-weight variable-slant russian cyrillic slavic cyrillic extended greek english western european extended-latin european vietnamese multilingual international well-known common,100 | 200 | 300 | 400 | 500 | 600 | 700 | 800 | 900,CRSV: - | SHRP: - | slnt: - | wght: -,cyrillic | cyrillic-ext | greek | latin | latin-ext | vietnamese,Monokrom | Sindre Bremnes | Frode Helland,187,959,No,2023-05-29,2025-09-10,https://fonts.google.com/specimen/Geologica
565,Geom,Sans Serif,Sans Serif,,clean modern minimal professional readable neutral geometric humanist grotesque versatile multi-weight flexible italic variable variable-font responsive variable-weight greek english western european extended-latin european,300 | 300i | 400 | 400i | 500 | 500i | 600 | 600i | 700 | 700i | 800 | 800i | 900 | 900i,wght: -,greek | latin | latin-ext,Thanos Poulakidas,1258,26,No,2025-12-08,2025-12-10,https://fonts.google.com/specimen/Geom
566,Georama,Sans Serif,Sans Serif,Display,clean modern minimal professional readable neutral geometric humanist grotesque headline hero decorative large-text attention versatile multi-weight flexible italic variable variable-font responsive variable-weight variable-width english western european extended-latin european vietnamese,100 | 100i | 200 | 200i | 300 | 300i | 400 | 400i | 500 | 500i | 600 | 600i | 700 | 700i | 800 | 800i | 900 | 900i,wdth: - | wght: -,latin | latin-ext | vietnamese,Production Type,499,903,No,2020-07-01,2025-09-10,https://fonts.google.com/specimen/Georama
567,Geostar,Display,Serif,Display,bold decorative headline attention-grabbing creative expressive transitional oldstyle didone headline hero decorative large-text attention english western european,400,,latin,Joe Prince,1693,657,No,2011-08-10,2025-06-02,https://fonts.google.com/specimen/Geostar
568,Geostar Fill,Display,Serif,Display,bold decorative headline attention-grabbing creative expressive transitional oldstyle didone headline hero decorative large-text attention english western european,400,,latin,Joe Prince,1494,1450,No,2011-08-10,2025-06-02,https://fonts.google.com/specimen/Geostar+Fill
569,Germania One,Display,,Display,bold decorative headline attention-grabbing creative expressive  headline hero decorative large-text attention english western european,400,,latin,John Vargas Beltrán,734,1668,No,2012-01-18,2025-09-04,https://fonts.google.com/specimen/Germania+One
570,Gideon Roman,Display,Serif,Display,bold decorative headline attention-grabbing creative expressive transitional oldstyle didone headline hero decorative large-text attention english western european extended-latin european vietnamese,400,,latin | latin-ext | vietnamese,Robert Leuschke,1382,196,No,2021-08-26,2025-09-04,https://fonts.google.com/specimen/Gideon+Roman
571,Gidole,Sans Serif,Sans Serif,,clean modern minimal professional readable neutral geometric humanist grotesque russian cyrillic slavic greek english western european extended-latin european vietnamese,400,,cyrillic | greek | latin | latin-ext | vietnamese,Andreas Larsen,1619,1459,No,2025-03-13,2025-05-30,https://fonts.google.com/specimen/Gidole
572,Gidugu,Sans Serif,Sans Serif,Display,clean modern minimal professional readable neutral geometric humanist grotesque headline hero decorative large-text attention english western european extended-latin european telugu indian,400,,latin | latin-ext | telugu,Purushoth Kumar Guttula,1630,1775,No,2014-12-10,2025-09-08,https://fonts.google.com/specimen/Gidugu
573,Gilda Display,Serif,Serif,Display,elegant traditional classic refined literary editorial transitional oldstyle didone headline hero decorative large-text attention english western european extended-latin european,400,,latin | latin-ext,Eduardo Tunni,348,1693,No,2012-10-31,2025-09-10,https://fonts.google.com/specimen/Gilda+Display
574,Girassol,Display,Serif,Display,bold decorative headline attention-grabbing creative expressive transitional oldstyle didone headline hero decorative large-text attention english western european extended-latin european,400,,latin | latin-ext,Liam Spradlin,1361,2139,No,2019-12-05,2025-09-04,https://fonts.google.com/specimen/Girassol
575,Give You Glory,Handwriting,,Handwriting,personal casual friendly warm handwritten script organic  script cursive hand-drawn artistic informal english western european extended-latin european,400,,latin | latin-ext,Kimberly Geswein,915,1243,No,2011-07-13,2025-09-04,https://fonts.google.com/specimen/Give+You+Glory
576,Glass Antiqua,Display,Serif,Handwriting,bold decorative headline attention-grabbing creative expressive transitional oldstyle didone script cursive hand-drawn artistic informal english western european extended-latin european,400,,latin | latin-ext,Denis Masharov,1440,2122,No,2012-02-22,2025-09-16,https://fonts.google.com/specimen/Glass+Antiqua
577,Glegoo,Serif,Slab Serif,,elegant traditional classic refined literary editorial slab mechanical sturdy strong hindi devanagari indian english western european extended-latin european,400 | 700,,devanagari | latin | latin-ext,Eduardo Tunni,576,1489,No,2012-01-25,2025-06-02,https://fonts.google.com/specimen/Glegoo
578,Gloock,Serif,Serif,Display,elegant traditional classic refined literary editorial transitional oldstyle didone headline hero decorative large-text attention cyrillic extended english western european extended-latin european,400,,cyrillic-ext | latin | latin-ext,Duarte Pinto,486,1586,No,2023-01-05,2025-09-08,https://fonts.google.com/specimen/Gloock
579,Gloria Hallelujah,Handwriting,,Handwriting | Display,personal casual friendly warm handwritten script organic  script cursive hand-drawn artistic informal headline hero decorative large-text attention english western european extended-latin european,400,,latin | latin-ext,Kimberly Geswein,317,1454,No,2011-07-27,2025-09-08,https://fonts.google.com/specimen/Gloria+Hallelujah
580,Glory,Sans Serif,Sans Serif,Display,clean modern minimal professional readable neutral geometric humanist grotesque headline hero decorative large-text attention versatile multi-weight flexible italic variable variable-font responsive variable-weight english western european extended-latin european vietnamese,100 | 100i | 200 | 200i | 300 | 300i | 400 | 400i | 500 | 500i | 600 | 600i | 700 | 700i | 800 | 800i,wght: -,latin | latin-ext | vietnamese,Robert Leuschke,667,1825,No,2021-06-17,2025-09-10,https://fonts.google.com/specimen/Glory
581,Gluten,Display,,Handwriting | Display,bold decorative headline attention-grabbing creative expressive  script cursive hand-drawn artistic informal headline hero decorative large-text attention versatile multi-weight flexible variable variable-font responsive variable-weight variable-slant english western european extended-latin european vietnamese,100 | 200 | 300 | 400 | 500 | 600 | 700 | 800 | 900,slnt: - | wght: -,latin | latin-ext | vietnamese,Tyler Finck | ETC,827,218,No,2021-09-02,2025-09-04,https://fonts.google.com/specimen/Gluten
582,Goblin One,Display,Serif,Display,bold decorative headline attention-grabbing creative expressive transitional oldstyle didone headline hero decorative large-text attention english western european,400,,latin,Riccardo De Franceschi,967,695,No,2011-06-29,2025-09-10,https://fonts.google.com/specimen/Goblin+One
583,Gochi Hand,Handwriting,,Display | Handwriting,personal casual friendly warm handwritten script organic  headline hero decorative large-text attention script cursive hand-drawn artistic informal english western european,400,,latin,Huerta Tipográfica,478,1869,No,2011-10-05,2025-09-10,https://fonts.google.com/specimen/Gochi+Hand
584,Goldman,Display,Sans Serif,Display,bold decorative headline attention-grabbing creative expressive geometric humanist grotesque headline hero decorative large-text attention english western european extended-latin european vietnamese,400 | 700,,latin | latin-ext | vietnamese,Jaikishan Patel,398,125,No,2020-07-21,2025-09-11,https://fonts.google.com/specimen/Goldman
585,Golos Text,Sans Serif,Sans Serif,,clean modern minimal professional readable neutral geometric humanist grotesque versatile multi-weight flexible variable variable-font responsive variable-weight russian cyrillic slavic cyrillic extended english western european extended-latin european,400 | 500 | 600 | 700 | 800 | 900,wght: -,cyrillic | cyrillic-ext | latin | latin-ext,Alexandra Korolkova | Vitaly Kuzmin,313,634,No,2023-01-05,2025-09-11,https://fonts.google.com/specimen/Golos+Text
586,Google Sans,Sans Serif,Sans Serif,,clean modern minimal professional readable neutral geometric humanist grotesque italic variable variable-font responsive variable-weight armenian bengali bangladeshi indian russian cyrillic slavic cyrillic extended hindi devanagari indian ethiopic amharic georgian greek greek extended gujarati indian punjabi gurmukhi indian hebrew RTL israeli khmer cambodian lao laotian english western european extended-latin european malayalam indian odia oriya indian sinhala sri-lankan tamil indian telugu indian thai southeast-asia vietnamese multilingual international top-popular trending most-used,400 | 400i | 500 | 500i | 600 | 600i | 700 | 700i,GRAD: - | opsz: - | wght: -,armenian | bengali | canadian-aboriginal | cyrillic | cyrillic-ext | devanagari | ethiopic | georgian | greek | greek-ext | gujarati | gurmukhi | hebrew | khmer | lao | latin | latin-ext | malayalam | oriya | sinhala | symbols | tamil | telugu | thai | vietnamese,Google,4,887,No,2025-12-09,2025-12-10,https://fonts.google.com/specimen/Google+Sans
587,Google Sans Code,Monospace,,Monospace,code developer technical fixed-width terminal programming  mono fixed-width tabular data code versatile multi-weight flexible italic variable variable-font responsive variable-weight english western european extended-latin european vietnamese multilingual international popular widely-used,300 | 300i | 400 | 400i | 500 | 500i | 600 | 600i | 700 | 700i | 800 | 800i,wght: -,adlam | canadian-aboriginal | cherokee | latin | latin-ext | math | old-permic | symbols | symbols2 | syriac | vietnamese,Google | Universal Thirst,131,44,No,2025-02-26,2025-09-16,https://fonts.google.com/specimen/Google+Sans+Code
588,Google Sans Flex,Sans Serif,Sans Serif,,clean modern minimal professional readable neutral geometric humanist grotesque versatile multi-weight flexible variable variable-font responsive variable-weight variable-width variable-slant english western european extended-latin european vietnamese multilingual international popular widely-used,1 | 100 | 1000 | 200 | 300 | 400 | 500 | 600 | 700 | 800 | 900,GRAD: - | ROND: - | opsz: - | slnt: - | wdth: - | wght: -,canadian-aboriginal | cherokee | latin | latin-ext | math | nushu | symbols | syriac | tifinagh | vietnamese,Google,119,47,No,2025-11-12,2025-12-11,https://fonts.google.com/specimen/Google+Sans+Flex
589,Gorditas,Display,Serif,Display,bold decorative headline attention-grabbing creative expressive transitional oldstyle didone headline hero decorative large-text attention english western european,400 | 700,,latin,Gustavo Dipre,1356,176,No,2012-03-14,2025-09-11,https://fonts.google.com/specimen/Gorditas
590,Gothic A1,Sans Serif,Sans Serif,,clean modern minimal professional readable neutral geometric humanist grotesque versatile multi-weight flexible russian cyrillic slavic cyrillic extended greek greek extended korean hangul english western european extended-latin european vietnamese multilingual international well-known common,100 | 200 | 300 | 400 | 500 | 600 | 700 | 800 | 900,,cyrillic | cyrillic-ext | greek | greek-ext | korean | latin | latin-ext | vietnamese,HanYang I&C Co,266,742,No,2018-02-24,2025-09-11,https://fonts.google.com/specimen/Gothic+A1
591,Gotu,Sans Serif,Sans Serif,,clean modern minimal professional readable neutral geometric humanist grotesque hindi devanagari indian english western european extended-latin european vietnamese,400,,devanagari | latin | latin-ext | vietnamese,Ek Type,925,1523,No,2020-01-09,2025-09-11,https://fonts.google.com/specimen/Gotu
592,Goudy Bookletter 1911,Serif,Serif,Display,elegant traditional classic refined literary editorial transitional oldstyle didone headline hero decorative large-text attention english western european,400,,latin,Barry Schwartz,691,1292,No,2011-02-09,2025-09-11,https://fonts.google.com/specimen/Goudy+Bookletter+1911
593,Gowun Batang,Serif,Serif,,elegant traditional classic refined literary editorial transitional oldstyle didone korean hangul english western european extended-latin european vietnamese,400 | 700,,korean | latin | latin-ext | vietnamese,Yanghee Ryu,652,536,No,2021-06-10,2025-09-10,https://fonts.google.com/specimen/Gowun+Batang
594,Gowun Dodum,Sans Serif,Sans Serif,,clean modern minimal professional readable neutral geometric humanist grotesque korean hangul english western european extended-latin european vietnamese,400,,korean | latin | latin-ext | vietnamese,Yanghee Ryu,960,315,No,2021-06-10,2025-09-11,https://fonts.google.com/specimen/Gowun+Dodum
595,Graduate,Serif,Slab Serif,Display,elegant traditional classic refined literary editorial slab mechanical sturdy strong headline hero decorative large-text attention english western european,400,,latin,Eduardo Tunni,689,1633,No,2012-03-14,2025-09-16,https://fonts.google.com/specimen/Graduate
596,Grand Hotel,Handwriting,,Handwriting | Display,personal casual friendly warm handwritten script organic  script cursive hand-drawn artistic informal headline hero decorative large-text attention english western european extended-latin european,400,,latin | latin-ext,Astigmatic,622,1501,No,2012-11-30,2025-09-08,https://fonts.google.com/specimen/Grand+Hotel
597,Grandiflora One,Serif,Serif,Display | Handwriting,elegant traditional classic refined literary editorial transitional oldstyle didone headline hero decorative large-text attention script cursive hand-drawn artistic informal korean hangul english western european extended-latin european,400,,korean | latin | latin-ext,Haesung Cho | JAMO,1796,2068,No,2023-05-17,2026-03-03,https://fonts.google.com/specimen/Grandiflora+One
598,Grandstander,Display,,Display | Handwriting,bold decorative headline attention-grabbing creative expressive  headline hero decorative large-text attention script cursive hand-drawn artistic informal versatile multi-weight flexible italic variable variable-font responsive variable-weight english western european extended-latin european vietnamese,100 | 100i | 200 | 200i | 300 | 300i | 400 | 400i | 500 | 500i | 600 | 600i | 700 | 700i | 800 | 800i | 900 | 900i,wght: -,latin | latin-ext | vietnamese,Tyler Finck | ETC,564,1635,No,2020-07-23,2025-09-16,https://fonts.google.com/specimen/Grandstander
599,Grape Nuts,Handwriting,,Handwriting | Display,personal casual friendly warm handwritten script organic  script cursive hand-drawn artistic informal headline hero decorative large-text attention english western european extended-latin european vietnamese,400,,latin | latin-ext | vietnamese,Robert Leuschke,911,571,No,2022-02-17,2025-09-08,https://fonts.google.com/specimen/Grape+Nuts
600,Gravitas One,Display,Serif,Display,bold decorative headline attention-grabbing creative expressive transitional oldstyle didone headline hero decorative large-text attention english western european popular widely-used,400,,latin,Riccardo De Franceschi,78,2057,No,2011-06-29,2025-09-08,https://fonts.google.com/specimen/Gravitas+One
601,Great Vibes,Handwriting,,Handwriting | Display,personal casual friendly warm handwritten script organic  script cursive hand-drawn artistic informal headline hero decorative large-text attention russian cyrillic slavic cyrillic extended greek extended english western european extended-latin european vietnamese multilingual international well-known common,400,,cyrillic | cyrillic-ext | greek-ext | latin | latin-ext | vietnamese,Robert Leuschke,178,1384,No,2012-03-29,2025-09-04,https://fonts.google.com/specimen/Great+Vibes
602,Grechen Fuemen,Handwriting,,Display | Handwriting,personal casual friendly warm handwritten script organic  headline hero decorative large-text attention script cursive hand-drawn artistic informal english western european extended-latin european vietnamese,400,,latin | latin-ext | vietnamese,Robert Leuschke,1689,2289,No,2021-09-02,2025-09-10,https://fonts.google.com/specimen/Grechen+Fuemen
603,Grenze,Serif,Serif,,elegant traditional classic refined literary editorial transitional oldstyle didone versatile multi-weight flexible italic english western european extended-latin european vietnamese,100 | 100i | 200 | 200i | 300 | 300i | 400 | 400i | 500 | 500i | 600 | 600i | 700 | 700i | 800 | 800i | 900 | 900i,,latin | latin-ext | vietnamese,Omnibus-Type,1169,397,No,2018-09-18,2025-09-08,https://fonts.google.com/specimen/Grenze
604,Grenze Gotisch,Display,Serif,Display,bold decorative headline attention-grabbing creative expressive transitional oldstyle didone headline hero decorative large-text attention versatile multi-weight flexible variable variable-font responsive variable-weight english western european extended-latin european vietnamese,100 | 200 | 300 | 400 | 500 | 600 | 700 | 800 | 900,wght: -,latin | latin-ext | vietnamese,Omnibus-Type,811,1240,No,2020-05-17,2025-09-02,https://fonts.google.com/specimen/Grenze+Gotisch
605,Grey Qo,Handwriting,,Display | Handwriting,personal casual friendly warm handwritten script organic  headline hero decorative large-text attention script cursive hand-drawn artistic informal english western european extended-latin european vietnamese,400,,latin | latin-ext | vietnamese,Robert Leuschke,1537,1868,No,2021-09-02,2025-09-16,https://fonts.google.com/specimen/Grey+Qo
606,Griffy,Display,,Display,bold decorative headline attention-grabbing creative expressive  headline hero decorative large-text attention english western european extended-latin european,400,,latin | latin-ext,Neapolitan,1562,1958,No,2012-09-06,2025-09-11,https://fonts.google.com/specimen/Griffy
607,Gruppo,Sans Serif,Sans Serif,Display,clean modern minimal professional readable neutral geometric humanist grotesque headline hero decorative large-text attention english western european extended-latin european well-known common,400,,latin | latin-ext,Vernon Adams,300,757,No,2010-12-20,2025-09-02,https://fonts.google.com/specimen/Gruppo
608,Gudea,Sans Serif,Sans Serif,,clean modern minimal professional readable neutral geometric humanist grotesque italic english western european extended-latin european,400 | 400i | 700,,latin | latin-ext,Agustina Mingote,452,1001,No,2012-01-18,2025-09-10,https://fonts.google.com/specimen/Gudea
609,Gugi,Display,Sans Serif,Display,bold decorative headline attention-grabbing creative expressive geometric humanist grotesque headline hero decorative large-text attention korean hangul english western european,400,,korean | latin,TAE System & Typefaces Co.,1192,1484,No,2018-02-23,2025-09-16,https://fonts.google.com/specimen/Gugi
610,Gulzar,Serif,Serif,Display,elegant traditional classic refined literary editorial transitional oldstyle didone headline hero decorative large-text attention arabic RTL middle-east english western european extended-latin european,400,,arabic | latin | latin-ext,Borna Izadpanah | Fiona Ross | Alice Savoie | Simon Cozens,1136,1833,No,2022-05-13,2025-09-04,https://fonts.google.com/specimen/Gulzar
611,Gupter,Serif,Serif,,elegant traditional classic refined literary editorial transitional oldstyle didone english western european,400 | 500 | 700,,latin,Octavio Pardo,1217,1538,No,2019-11-13,2025-09-11,https://fonts.google.com/specimen/Gupter
612,Gurajada,Sans Serif,Sans Serif,Display,clean modern minimal professional readable neutral geometric humanist grotesque headline hero decorative large-text attention english western european extended-latin european telugu indian,400,,latin | latin-ext | telugu,Purushoth Kumar Guttula,946,1613,No,2015-01-08,2025-06-25,https://fonts.google.com/specimen/Gurajada
613,Gveret Levin,Handwriting,,Handwriting | Display,personal casual friendly warm handwritten script organic  script cursive hand-drawn artistic informal headline hero decorative large-text attention hebrew RTL israeli english western european,400,,hebrew | latin,AlefAlefAlef,1854,132,No,2026-02-12,2026-02-17,https://fonts.google.com/specimen/Gveret+Levin
614,Gwendolyn,Handwriting,,Display | Handwriting,personal casual friendly warm handwritten script organic  headline hero decorative large-text attention script cursive hand-drawn artistic informal english western european extended-latin european vietnamese,400 | 700,,latin | latin-ext | vietnamese,Robert Leuschke,1301,213,No,2021-11-02,2025-09-10,https://fonts.google.com/specimen/Gwendolyn
615,Habibi,Serif,Serif,,elegant traditional classic refined literary editorial transitional oldstyle didone english western european extended-latin european,400,,latin | latin-ext,Magnus Gaarde,1154,1590,No,2011-12-19,2025-09-08,https://fonts.google.com/specimen/Habibi
616,Hachi Maru Pop,Handwriting,,Display | Handwriting,personal casual friendly warm handwritten script organic  headline hero decorative large-text attention script cursive hand-drawn artistic informal russian cyrillic slavic japanese kanji hiragana katakana english western european extended-latin european,400,,cyrillic | japanese | latin | latin-ext,Nonty,339,51,No,2020-12-14,2025-09-10,https://fonts.google.com/specimen/Hachi+Maru+Pop
617,Hahmlet,Serif,Serif,,elegant traditional classic refined literary editorial transitional oldstyle didone versatile multi-weight flexible variable variable-font responsive variable-weight korean hangul english western european extended-latin european vietnamese,100 | 200 | 300 | 400 | 500 | 600 | 700 | 800 | 900,wght: -,korean | latin | latin-ext | vietnamese,Hypertype,728,777,No,2021-05-13,2025-09-08,https://fonts.google.com/specimen/Hahmlet
618,Halant,Serif,Serif,,elegant traditional classic refined literary editorial transitional oldstyle didone hindi devanagari indian english western european extended-latin european,300 | 400 | 500 | 600 | 700,,devanagari | latin | latin-ext,Indian Type Foundry,765,1819,No,2014-08-27,2025-09-10,https://fonts.google.com/specimen/Halant
619,Hammersmith One,Sans Serif,Sans Serif,,clean modern minimal professional readable neutral geometric humanist grotesque english western european extended-latin european well-known common,400,,latin | latin-ext,Nicole Fally,248,136,No,2011-06-29,2025-09-02,https://fonts.google.com/specimen/Hammersmith+One
620,Hanalei,Display,,Display,bold decorative headline attention-grabbing creative expressive  headline hero decorative large-text attention english western european extended-latin european,400,,latin | latin-ext,Astigmatic,1811,2091,No,2012-11-26,2025-09-08,https://fonts.google.com/specimen/Hanalei
621,Hanalei Fill,Display,,Display,bold decorative headline attention-grabbing creative expressive  headline hero decorative large-text attention english western european extended-latin european,400,,latin | latin-ext,Astigmatic,1657,2195,No,2012-11-26,2025-09-08,https://fonts.google.com/specimen/Hanalei+Fill
622,Handjet,Display,Sans Serif,Display,bold decorative headline attention-grabbing creative expressive geometric humanist grotesque headline hero decorative large-text attention versatile multi-weight flexible variable variable-font responsive variable-weight arabic RTL middle-east armenian russian cyrillic slavic cyrillic extended greek hebrew RTL israeli english western european extended-latin european vietnamese multilingual international,100 | 200 | 300 | 400 | 500 | 600 | 700 | 800 | 900,ELGR: - | ELSH: - | wght: -,arabic | armenian | cyrillic | cyrillic-ext | greek | hebrew | latin | latin-ext | vietnamese,Rosetta | David Březina,1313,1925,No,2020-09-11,2025-09-16,https://fonts.google.com/specimen/Handjet
623,Handlee,Handwriting,Sans Serif,Handwriting,personal casual friendly warm handwritten script organic geometric humanist grotesque script cursive hand-drawn artistic informal english western european,400,,latin,Joe Prince,382,1580,No,2011-12-13,2025-09-16,https://fonts.google.com/specimen/Handlee
624,Hanken Grotesk,Sans Serif,Sans Serif,,clean modern minimal professional readable neutral geometric humanist grotesque versatile multi-weight flexible italic variable variable-font responsive variable-weight cyrillic extended english western european extended-latin european vietnamese well-known common,100 | 100i | 200 | 200i | 300 | 300i | 400 | 400i | 500 | 500i | 600 | 600i | 700 | 700i | 800 | 800i | 900 | 900i,wght: -,cyrillic-ext | latin | latin-ext | vietnamese,Alfredo Marco Pradil | Hanken Design Co.,231,1949,No,2022-11-16,2025-09-02,https://fonts.google.com/specimen/Hanken+Grotesk
625,Hanuman,Serif,Serif,,elegant traditional classic refined literary editorial transitional oldstyle didone versatile multi-weight flexible variable variable-font responsive variable-weight khmer cambodian english western european,100 | 200 | 300 | 400 | 500 | 600 | 700 | 800 | 900,wght: -,khmer | latin,Danh Hong,853,1989,No,2010-09-21,2025-06-12,https://fonts.google.com/specimen/Hanuman
626,Happy Monkey,Display,,Display,bold decorative headline attention-grabbing creative expressive  headline hero decorative large-text attention english western european extended-latin european,400,,latin | latin-ext,Brenda Gallo,889,2104,No,2012-03-14,2025-09-08,https://fonts.google.com/specimen/Happy+Monkey
627,Harmattan,Sans Serif,Sans Serif,,clean modern minimal professional readable neutral geometric humanist grotesque arabic RTL middle-east english western european extended-latin european,400 | 500 | 600 | 700,,arabic | latin | latin-ext,SIL International,1138,1852,No,2020-07-02,2025-09-16,https://fonts.google.com/specimen/Harmattan
628,Headland One,Serif,Serif,,elegant traditional classic refined literary editorial transitional oldstyle didone english western european extended-latin european,400,,latin | latin-ext,Gary Lonergan,1289,1939,No,2012-05-09,2025-09-16,https://fonts.google.com/specimen/Headland+One
629,Hedvig Letters Sans,Sans Serif,Sans Serif,,clean modern minimal professional readable neutral geometric humanist grotesque english western european extended-latin european,400,,latin | latin-ext | math | symbols,Kanon Foundry | Alexander Örn | Tor Weibull | Hedvig,1414,292,No,2023-11-20,2025-05-30,https://fonts.google.com/specimen/Hedvig+Letters+Sans
630,Hedvig Letters Serif,Serif,Serif,,elegant traditional classic refined literary editorial transitional oldstyle didone variable variable-font responsive english western european extended-latin european,400,opsz: -,latin | latin-ext | math | symbols,Kanon Foundry | Alexander Örn | Tor Weibull | Hedvig,1022,996,No,2023-11-20,2025-09-11,https://fonts.google.com/specimen/Hedvig+Letters+Serif
631,Heebo,Sans Serif,Sans Serif,,clean modern minimal professional readable neutral geometric humanist grotesque versatile multi-weight flexible variable variable-font responsive variable-weight hebrew RTL israeli english western european extended-latin european popular widely-used,100 | 200 | 300 | 400 | 500 | 600 | 700 | 800 | 900,wght: -,hebrew | latin | latin-ext | math | symbols,Oded Ezer,57,583,No,2016-06-15,2025-09-10,https://fonts.google.com/specimen/Heebo
632,Henny Penny,Display,,Display,bold decorative headline attention-grabbing creative expressive  headline hero decorative large-text attention english western european,400,,latin,Brownfox,1135,2145,No,2012-02-22,2025-09-11,https://fonts.google.com/specimen/Henny+Penny
633,Hepta Slab,Serif,Slab Serif,,elegant traditional classic refined literary editorial slab mechanical sturdy strong versatile multi-weight flexible variable variable-font responsive variable-weight english western european extended-latin european vietnamese,1 | 100 | 200 | 300 | 400 | 500 | 600 | 700 | 800 | 900,wght: -,latin | latin-ext | vietnamese,Mike LaGattuta,638,1413,No,2018-09-19,2025-09-04,https://fonts.google.com/specimen/Hepta+Slab
634,Herr Von Muellerhoff,Handwriting,,Handwriting | Display,personal casual friendly warm handwritten script organic  script cursive hand-drawn artistic informal headline hero decorative large-text attention english western european extended-latin european,400,,latin | latin-ext,Sudtipos,621,2099,No,2011-11-30,2025-09-08,https://fonts.google.com/specimen/Herr+Von+Muellerhoff
635,Hi Melody,Handwriting,Sans Serif,Display,personal casual friendly warm handwritten script organic geometric humanist grotesque headline hero decorative large-text attention korean hangul english western european,400,,korean | latin,YoonDesign Inc,944,253,No,2018-02-23,2025-09-04,https://fonts.google.com/specimen/Hi+Melody
636,Hina Mincho,Serif,Serif,Display,elegant traditional classic refined literary editorial transitional oldstyle didone headline hero decorative large-text attention russian cyrillic slavic japanese kanji hiragana katakana english western european extended-latin european vietnamese,400,,cyrillic | japanese | latin | latin-ext | vietnamese,Satsuyako,717,696,No,2021-04-14,2025-09-11,https://fonts.google.com/specimen/Hina+Mincho
637,Hind,Sans Serif,Sans Serif,,clean modern minimal professional readable neutral geometric humanist grotesque hindi devanagari indian english western european extended-latin european popular widely-used,300 | 400 | 500 | 600 | 700,,devanagari | latin | latin-ext,Indian Type Foundry,107,975,No,2014-06-25,2025-09-04,https://fonts.google.com/specimen/Hind
638,Hind Guntur,Sans Serif,Sans Serif,,clean modern minimal professional readable neutral geometric humanist grotesque english western european extended-latin european telugu indian,300 | 400 | 500 | 600 | 700,,latin | latin-ext | telugu,Indian Type Foundry,428,651,No,2016-06-15,2025-09-08,https://fonts.google.com/specimen/Hind+Guntur
639,Hind Madurai,Sans Serif,Sans Serif,,clean modern minimal professional readable neutral geometric humanist grotesque english western european extended-latin european tamil indian well-known common,300 | 400 | 500 | 600 | 700,,latin | latin-ext | tamil,Indian Type Foundry,222,1956,No,2016-06-15,2025-09-02,https://fonts.google.com/specimen/Hind+Madurai
640,Hind Mysuru,Sans Serif,Sans Serif,,clean modern minimal professional readable neutral geometric humanist grotesque kannada indian english western european extended-latin european,300 | 400 | 500 | 600 | 700,,kannada | latin | latin-ext,Indian Type Foundry,1711,1854,No,2024-12-02,2025-05-30,https://fonts.google.com/specimen/Hind+Mysuru
641,Hind Siliguri,Sans Serif,Sans Serif,,clean modern minimal professional readable neutral geometric humanist grotesque bengali bangladeshi indian english western european extended-latin european popular widely-used,300 | 400 | 500 | 600 | 700,,bengali | latin | latin-ext,Indian Type Foundry,64,2038,No,2016-06-15,2025-09-16,https://fonts.google.com/specimen/Hind+Siliguri
642,Hind Vadodara,Sans Serif,Sans Serif,,clean modern minimal professional readable neutral geometric humanist grotesque gujarati indian english western european extended-latin european,300 | 400 | 500 | 600 | 700,,gujarati | latin | latin-ext,Indian Type Foundry,411,519,No,2016-06-15,2025-09-10,https://fonts.google.com/specimen/Hind+Vadodara
643,Holtwood One SC,Serif,Slab Serif,Display,elegant traditional classic refined literary editorial slab mechanical sturdy strong headline hero decorative large-text attention english western european extended-latin european,400,,latin | latin-ext,Vernon Adams,1007,529,No,2011-05-04,2025-09-08,https://fonts.google.com/specimen/Holtwood+One+SC
644,Homemade Apple,Handwriting,,Handwriting | Display,personal casual friendly warm handwritten script organic  script cursive hand-drawn artistic informal headline hero decorative large-text attention english western european,400,,latin,Font Diner,358,1356,No,2011-01-06,2025-09-08,https://fonts.google.com/specimen/Homemade+Apple
645,Homenaje,Sans Serif,Sans Serif,,clean modern minimal professional readable neutral geometric humanist grotesque english western european,400,,latin,Constanza Artigas Preller | Agustina Mingote,1105,547,No,2012-01-18,2025-09-04,https://fonts.google.com/specimen/Homenaje
646,Honk,Display,,Display,bold decorative headline attention-grabbing creative expressive  headline hero decorative large-text attention variable variable-font responsive english western european extended-latin european vietnamese,400,MORF: - | SHLN: -,latin | latin-ext | math | symbols | vietnamese,Ek Type,706,1354,No,2024-01-23,2025-09-04,https://fonts.google.com/specimen/Honk
647,Host Grotesk,Sans Serif,Sans Serif,,clean modern minimal professional readable neutral geometric humanist grotesque versatile multi-weight flexible italic variable variable-font responsive variable-weight english western european extended-latin european,300 | 300i | 400 | 400i | 500 | 500i | 600 | 600i | 700 | 700i | 800 | 800i,wght: -,latin | latin-ext,Element Type | Doğukan Karapınar | İbrahim Kaçtıoğlu,598,1800,No,2024-11-05,2025-09-04,https://fonts.google.com/specimen/Host+Grotesk
648,Hubballi,Sans Serif,Sans Serif,,clean modern minimal professional readable neutral geometric humanist grotesque kannada indian english western european extended-latin european,400,,kannada | latin | latin-ext,Erin McLaughlin,1490,2029,No,2021-12-16,2025-09-02,https://fonts.google.com/specimen/Hubballi
649,Hubot Sans,Sans Serif,Sans Serif,,clean modern minimal professional readable neutral geometric humanist grotesque versatile multi-weight flexible italic variable variable-font responsive variable-weight variable-width english western european extended-latin european vietnamese,200 | 200i | 300 | 300i | 400 | 400i | 500 | 500i | 600 | 600i | 700 | 700i | 800 | 800i | 900 | 900i,wdth: - | wght: -,latin | latin-ext | vietnamese,Tobias Bjerrome Ahlin | Github | Degarism Studio | Sebastian Carewe,1116,1972,No,2024-11-04,2025-09-04,https://fonts.google.com/specimen/Hubot+Sans
650,Huninn,Sans Serif,Sans Serif,,clean modern minimal professional readable neutral geometric humanist grotesque chinese traditional russian cyrillic slavic english western european extended-latin european vietnamese,400,,chinese-traditional | cyrillic | latin | latin-ext | vietnamese,justfont,1624,286,No,2025-06-11,2026-02-19,https://fonts.google.com/specimen/Huninn
651,Hurricane,Handwriting,,Display | Handwriting,personal casual friendly warm handwritten script organic  headline hero decorative large-text attention script cursive hand-drawn artistic informal english western european extended-latin european vietnamese,400,,latin | latin-ext | vietnamese,Robert Leuschke,826,1153,No,2021-10-07,2025-09-10,https://fonts.google.com/specimen/Hurricane
652,IBM Plex Mono,Monospace,,Monospace,code developer technical fixed-width terminal programming  mono fixed-width tabular data code versatile multi-weight flexible italic russian cyrillic slavic cyrillic extended english western european extended-latin european vietnamese popular widely-used,100 | 100i | 200 | 200i | 300 | 300i | 400 | 400i | 500 | 500i | 600 | 600i | 700 | 700i,,cyrillic | cyrillic-ext | latin | latin-ext | vietnamese,Mike Abbink | Bold Monday,137,256,No,2018-03-12,2025-09-16,https://fonts.google.com/specimen/IBM+Plex+Mono
653,IBM Plex Sans,Sans Serif,Sans Serif,,clean modern minimal professional readable neutral geometric humanist grotesque versatile multi-weight flexible italic variable variable-font responsive variable-weight variable-width russian cyrillic slavic cyrillic extended greek english western european extended-latin european vietnamese multilingual international popular widely-used,100 | 100i | 200 | 200i | 300 | 300i | 400 | 400i | 500 | 500i | 600 | 600i | 700 | 700i,wdth: - | wght: -,cyrillic | cyrillic-ext | greek | latin | latin-ext | vietnamese,Mike Abbink | Bold Monday,53,1305,No,2018-03-11,2025-09-08,https://fonts.google.com/specimen/IBM+Plex+Sans
654,IBM Plex Sans Arabic,Sans Serif,Sans Serif,,clean modern minimal professional readable neutral geometric humanist grotesque versatile multi-weight flexible arabic RTL middle-east cyrillic extended english western european extended-latin european well-known common,100 | 200 | 300 | 400 | 500 | 600 | 700,,arabic | cyrillic-ext | latin | latin-ext,Mike Abbink | Bold Monday | Khajag Apelian | Wael Morcos,165,182,No,2021-06-17,2026-03-03,https://fonts.google.com/specimen/IBM+Plex+Sans+Arabic
655,IBM Plex Sans Condensed,Sans Serif,Sans Serif,,clean modern minimal professional readable neutral geometric humanist grotesque versatile multi-weight flexible italic cyrillic extended english western european extended-latin european vietnamese,100 | 100i | 200 | 200i | 300 | 300i | 400 | 400i | 500 | 500i | 600 | 600i | 700 | 700i,,cyrillic-ext | latin | latin-ext | vietnamese,Mike Abbink | Bold Monday,320,362,No,2018-03-12,2025-09-11,https://fonts.google.com/specimen/IBM+Plex+Sans+Condensed
656,IBM Plex Sans Devanagari,Sans Serif,Sans Serif,,clean modern minimal professional readable neutral geometric humanist grotesque versatile multi-weight flexible cyrillic extended hindi devanagari indian english western european extended-latin european,100 | 200 | 300 | 400 | 500 | 600 | 700,,cyrillic-ext | devanagari | latin | latin-ext,Mike Abbink | Bold Monday,1302,2098,No,2021-06-18,2025-09-11,https://fonts.google.com/specimen/IBM+Plex+Sans+Devanagari
657,IBM Plex Sans Hebrew,Sans Serif,Sans Serif,,clean modern minimal professional readable neutral geometric humanist grotesque versatile multi-weight flexible cyrillic extended hebrew RTL israeli english western european extended-latin european,100 | 200 | 300 | 400 | 500 | 600 | 700,,cyrillic-ext | hebrew | latin | latin-ext,Mike Abbink | Bold Monday,769,332,No,2021-06-18,2025-09-04,https://fonts.google.com/specimen/IBM+Plex+Sans+Hebrew
658,IBM Plex Sans JP,Sans Serif,Sans Serif,,clean modern minimal professional readable neutral geometric humanist grotesque versatile multi-weight flexible russian cyrillic slavic japanese kanji hiragana katakana english western european extended-latin european,100 | 200 | 300 | 400 | 500 | 600 | 700,,cyrillic | japanese | latin | latin-ext,Mike Abbink | Bold Monday,318,271,No,2022-09-11,2025-09-10,https://fonts.google.com/specimen/IBM+Plex+Sans+JP
659,IBM Plex Sans KR,Sans Serif,Sans Serif,,clean modern minimal professional readable neutral geometric humanist grotesque versatile multi-weight flexible korean hangul english western european extended-latin european,100 | 200 | 300 | 400 | 500 | 600 | 700,,korean | latin | latin-ext,Mike Abbink | Bold Monday,684,1414,No,2021-06-18,2025-09-08,https://fonts.google.com/specimen/IBM+Plex+Sans+KR
660,IBM Plex Sans Thai,Sans Serif,Sans Serif,,clean modern minimal professional readable neutral geometric humanist grotesque versatile multi-weight flexible cyrillic extended english western european extended-latin european thai southeast-asia,100 | 200 | 300 | 400 | 500 | 600 | 700,,cyrillic-ext | latin | latin-ext | thai,Mike Abbink | Bold Monday,497,780,No,2021-06-18,2025-09-02,https://fonts.google.com/specimen/IBM+Plex+Sans+Thai
661,IBM Plex Sans Thai Looped,Sans Serif,Sans Serif,,clean modern minimal professional readable neutral geometric humanist grotesque versatile multi-weight flexible cyrillic extended english western european extended-latin european thai southeast-asia,100 | 200 | 300 | 400 | 500 | 600 | 700,,cyrillic-ext | latin | latin-ext | thai,Mike Abbink | Bold Monday,1267,2284,No,2021-06-18,2025-09-11,https://fonts.google.com/specimen/IBM+Plex+Sans+Thai+Looped
662,IBM Plex Serif,Serif,Serif,,elegant traditional classic refined literary editorial transitional oldstyle didone versatile multi-weight flexible italic russian cyrillic slavic cyrillic extended english western european extended-latin european vietnamese well-known common,100 | 100i | 200 | 200i | 300 | 300i | 400 | 400i | 500 | 500i | 600 | 600i | 700 | 700i,,cyrillic | cyrillic-ext | latin | latin-ext | vietnamese,Mike Abbink | Bold Monday,163,1536,No,2018-03-11,2025-09-16,https://fonts.google.com/specimen/IBM+Plex+Serif
663,IM Fell DW Pica,Serif,Serif,,elegant traditional classic refined literary editorial transitional oldstyle didone italic english western european,400 | 400i,,latin,Igino Marini,677,68,No,2010-05-17,2025-05-30,https://fonts.google.com/specimen/IM+Fell+DW+Pica
664,IM Fell DW Pica SC,Serif,Serif,,elegant traditional classic refined literary editorial transitional oldstyle didone english western european,400,,latin,Igino Marini,819,39,No,2010-05-17,2025-05-30,https://fonts.google.com/specimen/IM+Fell+DW+Pica+SC
665,IM Fell Double Pica,Serif,Serif,,elegant traditional classic refined literary editorial transitional oldstyle didone italic english western european,400 | 400i,,latin,Igino Marini,1047,1493,No,2010-05-17,2025-05-30,https://fonts.google.com/specimen/IM+Fell+Double+Pica
666,IM Fell Double Pica SC,Serif,Serif,,elegant traditional classic refined literary editorial transitional oldstyle didone english western european,400,,latin,Igino Marini,1181,1372,No,2010-05-17,2025-05-30,https://fonts.google.com/specimen/IM+Fell+Double+Pica+SC
667,IM Fell English,Serif,Serif,,elegant traditional classic refined literary editorial transitional oldstyle didone italic english western european,400 | 400i,,latin,Igino Marini,731,525,No,2010-05-17,2025-05-30,https://fonts.google.com/specimen/IM+Fell+English
668,IM Fell English SC,Serif,Serif,,elegant traditional classic refined literary editorial transitional oldstyle didone english western european,400,,latin,Igino Marini,817,1388,No,2010-05-17,2025-05-30,https://fonts.google.com/specimen/IM+Fell+English+SC
669,IM Fell French Canon,Serif,Serif,,elegant traditional classic refined literary editorial transitional oldstyle didone italic english western european,400 | 400i,,latin,Igino Marini,1128,965,No,2010-05-17,2025-05-30,https://fonts.google.com/specimen/IM+Fell+French+Canon
670,IM Fell French Canon SC,Serif,Serif,,elegant traditional classic refined literary editorial transitional oldstyle didone english western european,400,,latin,Igino Marini,1213,1225,No,2010-05-17,2025-09-10,https://fonts.google.com/specimen/IM+Fell+French+Canon+SC
671,IM Fell Great Primer,Serif,Serif,,elegant traditional classic refined literary editorial transitional oldstyle didone italic english western european,400 | 400i,,latin,Igino Marini,1124,1756,No,2010-05-17,2025-05-30,https://fonts.google.com/specimen/IM+Fell+Great+Primer
672,IM Fell Great Primer SC,Serif,Serif,,elegant traditional classic refined literary editorial transitional oldstyle didone english western european,400,,latin,Igino Marini,1207,1234,No,2010-05-17,2025-05-30,https://fonts.google.com/specimen/IM+Fell+Great+Primer+SC
673,Iansui,Handwriting,,Handwriting,personal casual friendly warm handwritten script organic  script cursive hand-drawn artistic informal chinese traditional english western european extended-latin european,400,,chinese-traditional | latin | latin-ext | symbols2,But Ko,1654,1201,No,2025-03-03,2026-02-19,https://fonts.google.com/specimen/Iansui
674,Ibarra Real Nova,Serif,Serif,Display,elegant traditional classic refined literary editorial transitional oldstyle didone headline hero decorative large-text attention italic variable variable-font responsive variable-weight english western european extended-latin european,400 | 400i | 500 | 500i | 600 | 600i | 700 | 700i,wght: -,latin | latin-ext,José María Ribagorda | Octavio Pardo,756,1181,No,2019-11-04,2025-09-04,https://fonts.google.com/specimen/Ibarra+Real+Nova
675,Iceberg,Display,Sans Serif,Display,bold decorative headline attention-grabbing creative expressive geometric humanist grotesque headline hero decorative large-text attention english western european,400,,latin,Cyreal,1054,2181,No,2012-01-25,2025-09-04,https://fonts.google.com/specimen/Iceberg
676,Iceland,Display,Sans Serif,Display,bold decorative headline attention-grabbing creative expressive geometric humanist grotesque headline hero decorative large-text attention english western european,400,,latin,Cyreal,875,294,No,2011-11-23,2025-09-02,https://fonts.google.com/specimen/Iceland
677,Idiqlat,Serif,Serif,,elegant traditional classic refined literary editorial transitional oldstyle didone english western european,200 | 300 | 400,,latin | syriac,SIL International,1876,2251,No,2026-02-12,2026-02-17,https://fonts.google.com/specimen/Idiqlat
678,Imbue,Serif,Serif,Display,elegant traditional classic refined literary editorial transitional oldstyle didone headline hero decorative large-text attention versatile multi-weight flexible variable variable-font responsive variable-weight english western european extended-latin european vietnamese,100 | 200 | 300 | 400 | 500 | 600 | 700 | 800 | 900,opsz: - | wght: -,latin | latin-ext | vietnamese,Tyler Finck | ETC,1261,1499,No,2020-12-02,2025-09-02,https://fonts.google.com/specimen/Imbue
679,Imperial Script,Handwriting,,Display | Handwriting,personal casual friendly warm handwritten script organic  headline hero decorative large-text attention script cursive hand-drawn artistic informal english western european extended-latin european vietnamese,400,,latin | latin-ext | vietnamese,Robert Leuschke,1248,1802,No,2021-11-18,2025-09-11,https://fonts.google.com/specimen/Imperial+Script
680,Imprima,Sans Serif,Sans Serif,,clean modern minimal professional readable neutral geometric humanist grotesque english western european extended-latin european,400,,latin | latin-ext,Eduardo Tunni,926,1558,No,2012-03-14,2025-09-10,https://fonts.google.com/specimen/Imprima
681,Inclusive Sans,Sans Serif,Sans Serif,,clean modern minimal professional readable neutral geometric humanist grotesque italic variable variable-font responsive variable-weight english western european extended-latin european vietnamese,300 | 300i | 400 | 400i | 500 | 500i | 600 | 600i | 700 | 700i,wght: -,latin | latin-ext | vietnamese,Olivia King,1075,462,No,2023-09-12,2025-09-10,https://fonts.google.com/specimen/Inclusive+Sans
682,Inconsolata,Monospace,,Monospace,code developer technical fixed-width terminal programming  mono fixed-width tabular data code versatile multi-weight flexible variable variable-font responsive variable-weight variable-width english western european extended-latin european vietnamese top-popular trending most-used,200 | 300 | 400 | 500 | 600 | 700 | 800 | 900,wdth: - | wght: -,latin | latin-ext | vietnamese,Raph Levien,43,812,No,2010-02-19,2025-09-04,https://fonts.google.com/specimen/Inconsolata
683,Inder,Sans Serif,Sans Serif,,clean modern minimal professional readable neutral geometric humanist grotesque english western european extended-latin european,400,,latin | latin-ext,Sorkin Type,816,207,No,2011-12-19,2025-09-04,https://fonts.google.com/specimen/Inder
684,Indie Flower,Handwriting,,Display | Handwriting,personal casual friendly warm handwritten script organic  headline hero decorative large-text attention script cursive hand-drawn artistic informal english western european extended-latin european well-known common,400,,latin | latin-ext,Kimberly Geswein,154,1179,No,2011-03-09,2025-09-16,https://fonts.google.com/specimen/Indie+Flower
685,Ingrid Darling,Handwriting,,Handwriting | Display,personal casual friendly warm handwritten script organic  script cursive hand-drawn artistic informal headline hero decorative large-text attention english western european extended-latin european vietnamese,400,,latin | latin-ext | vietnamese,Robert Leuschke,1825,1410,No,2022-03-11,2025-09-04,https://fonts.google.com/specimen/Ingrid+Darling
686,Inika,Serif,Serif,,elegant traditional classic refined literary editorial transitional oldstyle didone english western european extended-latin european,400 | 700,,latin | latin-ext,Constanza Artigas,1351,512,No,2012-01-11,2025-09-04,https://fonts.google.com/specimen/Inika
687,Inknut Antiqua,Serif,Serif,,elegant traditional classic refined literary editorial transitional oldstyle didone versatile multi-weight flexible hindi devanagari indian english western european extended-latin european,300 | 400 | 500 | 600 | 700 | 800 | 900,,devanagari | latin | latin-ext,Claus Eggers Sørensen,985,1492,No,2015-05-20,2025-09-04,https://fonts.google.com/specimen/Inknut+Antiqua
688,Inria Sans,Sans Serif,Sans Serif,,clean modern minimal professional readable neutral geometric humanist grotesque italic english western european extended-latin european,300 | 300i | 400 | 400i | 700 | 700i,,latin | latin-ext,Grégori Vincens | Jérémie Hornus,766,681,No,2019-12-05,2025-09-04,https://fonts.google.com/specimen/Inria+Sans
689,Inria Serif,Serif,Serif,Display,elegant traditional classic refined literary editorial transitional oldstyle didone headline hero decorative large-text attention italic english western european extended-latin european,300 | 300i | 400 | 400i | 700 | 700i,,latin | latin-ext,Grégori Vincens | Jérémie Hornus,599,1850,No,2019-12-05,2025-09-11,https://fonts.google.com/specimen/Inria+Serif
690,Inspiration,Handwriting,,Display | Handwriting,personal casual friendly warm handwritten script organic  headline hero decorative large-text attention script cursive hand-drawn artistic informal english western european extended-latin european vietnamese,400,,latin | latin-ext | vietnamese,Robert Leuschke,1297,106,No,2021-11-26,2025-06-02,https://fonts.google.com/specimen/Inspiration
691,Instrument Sans,Sans Serif,Sans Serif,,clean modern minimal professional readable neutral geometric humanist grotesque italic variable variable-font responsive variable-weight variable-width english western european extended-latin european well-known common,400 | 400i | 500 | 500i | 600 | 600i | 700 | 700i,wdth: - | wght: -,latin | latin-ext,Rodrigo Fuenzalida | Jordan Egstad,174,601,No,2023-05-08,2025-09-04,https://fonts.google.com/specimen/Instrument+Sans
692,Instrument Serif,Serif,Serif,,elegant traditional classic refined literary editorial transitional oldstyle didone italic english western european extended-latin european popular widely-used,400 | 400i,,latin | latin-ext,Rodrigo Fuenzalida | Jordan Egstad,147,482,No,2023-03-21,2025-09-04,https://fonts.google.com/specimen/Instrument+Serif
693,Intel One Mono,Monospace,,Monospace,code developer technical fixed-width terminal programming  mono fixed-width tabular data code italic variable variable-font responsive variable-weight english western european extended-latin european vietnamese,300 | 300i | 400 | 400i | 500 | 500i | 600 | 600i | 700 | 700i,wght: -,latin | latin-ext | symbols2 | vietnamese,Intel Corporation | Frere-Jones Type,1777,335,No,2025-07-14,2025-07-16,https://fonts.google.com/specimen/Intel+One+Mono
694,Inter,Sans Serif,Sans Serif,,clean modern minimal professional readable neutral geometric humanist grotesque versatile multi-weight flexible italic variable variable-font responsive variable-weight russian cyrillic slavic cyrillic extended greek greek extended english western european extended-latin european vietnamese multilingual international top-popular trending most-used,100 | 100i | 200 | 200i | 300 | 300i | 400 | 400i | 500 | 500i | 600 | 600i | 700 | 700i | 800 | 800i | 900 | 900i,opsz: - | wght: -,cyrillic | cyrillic-ext | greek | greek-ext | latin | latin-ext | vietnamese,Rasmus Andersson,7,845,No,2020-01-24,2025-09-10,https://fonts.google.com/specimen/Inter
695,Inter Tight,Sans Serif,Sans Serif,Display,clean modern minimal professional readable neutral geometric humanist grotesque headline hero decorative large-text attention versatile multi-weight flexible italic variable variable-font responsive variable-weight russian cyrillic slavic cyrillic extended greek greek extended english western european extended-latin european vietnamese multilingual international popular widely-used,100 | 100i | 200 | 200i | 300 | 300i | 400 | 400i | 500 | 500i | 600 | 600i | 700 | 700i | 800 | 800i | 900 | 900i,wght: -,cyrillic | cyrillic-ext | greek | greek-ext | latin | latin-ext | vietnamese,Rasmus Andersson,117,1769,No,2022-07-22,2025-09-16,https://fonts.google.com/specimen/Inter+Tight
696,Irish Grover,Display,,Display,bold decorative headline attention-grabbing creative expressive  headline hero decorative large-text attention english western european,400,,latin,Sideshow,762,1494,No,2011-03-16,2025-05-30,https://fonts.google.com/specimen/Irish+Grover
697,Island Moments,Handwriting,,Display | Handwriting,personal casual friendly warm handwritten script organic  headline hero decorative large-text attention script cursive hand-drawn artistic informal english western european extended-latin european vietnamese,400,,latin | latin-ext | vietnamese,Robert Leuschke,1252,1890,No,2021-11-18,2025-09-11,https://fonts.google.com/specimen/Island+Moments
698,Istok Web,Sans Serif,Sans Serif,Display,clean modern minimal professional readable neutral geometric humanist grotesque headline hero decorative large-text attention italic russian cyrillic slavic cyrillic extended english western european extended-latin european,400 | 400i | 700 | 700i,,cyrillic | cyrillic-ext | latin | latin-ext,Andrey V. Panov,405,2089,No,2011-07-13,2025-09-10,https://fonts.google.com/specimen/Istok+Web
699,Italiana,Sans Serif,Sans Serif,Display,clean modern minimal professional readable neutral geometric humanist grotesque headline hero decorative large-text attention english western european,400,,latin,Santiago Orozco,566,1318,No,2012-03-14,2025-06-25,https://fonts.google.com/specimen/Italiana
700,Italianno,Handwriting,,Handwriting,personal casual friendly warm handwritten script organic  script cursive hand-drawn artistic informal english western european extended-latin european vietnamese,400,,latin | latin-ext | vietnamese,Robert Leuschke,438,2156,No,2011-12-19,2025-09-04,https://fonts.google.com/specimen/Italianno
701,Itim,Handwriting,,Display | Handwriting,personal casual friendly warm handwritten script organic  headline hero decorative large-text attention script cursive hand-drawn artistic informal english western european extended-latin european thai southeast-asia vietnamese,400,,latin | latin-ext | thai | vietnamese,Cadson Demak,444,1549,No,2015-07-01,2025-09-16,https://fonts.google.com/specimen/Itim
702,Jacquard 12,Display,,Display,bold decorative headline attention-grabbing creative expressive  headline hero decorative large-text attention english western european extended-latin european,400,,latin | latin-ext | math | symbols,Sarah Cadigan-Fried,1436,425,No,2024-05-09,2025-09-17,https://fonts.google.com/specimen/Jacquard+12
703,Jacquard 12 Charted,Display,,Display,bold decorative headline attention-grabbing creative expressive  headline hero decorative large-text attention english western european extended-latin european,400,,latin | latin-ext | math | symbols,Sarah Cadigan-Fried,1908,738,No,2024-04-10,2025-09-17,https://fonts.google.com/specimen/Jacquard+12+Charted
704,Jacquard 24,Display,,Display,bold decorative headline attention-grabbing creative expressive  headline hero decorative large-text attention english western european extended-latin european,400,,latin | latin-ext,Sarah Cadigan-Fried,1616,880,No,2024-04-10,2025-09-17,https://fonts.google.com/specimen/Jacquard+24
705,Jacquard 24 Charted,Display,,Display,bold decorative headline attention-grabbing creative expressive  headline hero decorative large-text attention english western european extended-latin european,400,,latin | latin-ext,Sarah Cadigan-Fried,1940,1487,No,2024-03-14,2025-09-17,https://fonts.google.com/specimen/Jacquard+24+Charted
706,Jacquarda Bastarda 9,Display,Serif,Display,bold decorative headline attention-grabbing creative expressive transitional oldstyle didone headline hero decorative large-text attention english western european extended-latin european,400,,latin | latin-ext | math | symbols,Sarah Cadigan-Fried,1709,1236,No,2024-01-24,2025-09-17,https://fonts.google.com/specimen/Jacquarda+Bastarda+9
707,Jacquarda Bastarda 9 Charted,Display,Serif,Display,bold decorative headline attention-grabbing creative expressive transitional oldstyle didone headline hero decorative large-text attention english western european extended-latin european,400,,latin | latin-ext | math | symbols,Sarah Cadigan-Fried,2037,807,No,2024-04-10,2025-09-17,https://fonts.google.com/specimen/Jacquarda+Bastarda+9+Charted
708,Jacques Francois,Serif,Serif,Display,elegant traditional classic refined literary editorial transitional oldstyle didone headline hero decorative large-text attention english western european,400,,latin,Cyreal,1324,118,No,2012-09-07,2025-09-08,https://fonts.google.com/specimen/Jacques+Francois
709,Jacques Francois Shadow,Display,Serif,Display,bold decorative headline attention-grabbing creative expressive transitional oldstyle didone headline hero decorative large-text attention english western european,400,,latin,Cyreal,1479,2094,No,2012-09-07,2025-09-04,https://fonts.google.com/specimen/Jacques+Francois+Shadow
710,Jaini,Display,,Display,bold decorative headline attention-grabbing creative expressive  headline hero decorative large-text attention hindi devanagari indian english western european extended-latin european,400,,devanagari | latin | latin-ext,Ek Type,1786,2212,No,2024-05-01,2025-05-30,https://fonts.google.com/specimen/Jaini
711,Jaini Purva,Display,,Display,bold decorative headline attention-grabbing creative expressive  headline hero decorative large-text attention hindi devanagari indian english western european extended-latin european,400,,devanagari | latin | latin-ext,Ek Type,1888,2179,No,2024-05-01,2025-05-30,https://fonts.google.com/specimen/Jaini+Purva
712,Jaldi,Sans Serif,Sans Serif,,clean modern minimal professional readable neutral geometric humanist grotesque hindi devanagari indian english western european extended-latin european,400 | 700,,devanagari | latin | latin-ext,Omnibus-Type,923,1813,No,2015-04-22,2025-09-16,https://fonts.google.com/specimen/Jaldi
713,Jaro,Sans Serif,Sans Serif,Display,clean modern minimal professional readable neutral geometric humanist grotesque headline hero decorative large-text attention variable variable-font responsive english western european extended-latin european vietnamese,400,opsz: -,latin | latin-ext | vietnamese,Agyei Archer | Céline Hurka | Mirko Velimirović,943,500,No,2024-03-14,2025-09-16,https://fonts.google.com/specimen/Jaro
714,Jersey 10,Display,Sans Serif,Display,bold decorative headline attention-grabbing creative expressive geometric humanist grotesque headline hero decorative large-text attention english western european extended-latin european,400,,latin | latin-ext,Sarah Cadigan-Fried,955,96,No,2024-04-10,2025-09-17,https://fonts.google.com/specimen/Jersey+10
715,Jersey 10 Charted,Display,Sans Serif,Display,bold decorative headline attention-grabbing creative expressive geometric humanist grotesque headline hero decorative large-text attention english western european extended-latin european,400,,latin | latin-ext,Sarah Cadigan-Fried,2014,701,No,2024-04-10,2025-09-17,https://fonts.google.com/specimen/Jersey+10+Charted
716,Jersey 15,Display,Sans Serif,Display,bold decorative headline attention-grabbing creative expressive geometric humanist grotesque headline hero decorative large-text attention english western european extended-latin european,400,,latin | latin-ext,Sarah Cadigan-Fried,1341,224,No,2024-04-10,2025-09-17,https://fonts.google.com/specimen/Jersey+15
717,Jersey 15 Charted,Display,Sans Serif,Display,bold decorative headline attention-grabbing creative expressive geometric humanist grotesque headline hero decorative large-text attention english western european extended-latin european,400,,latin | latin-ext,Sarah Cadigan-Fried,1960,1976,No,2024-04-10,2025-09-17,https://fonts.google.com/specimen/Jersey+15+Charted
718,Jersey 20,Display,Sans Serif,Display,bold decorative headline attention-grabbing creative expressive geometric humanist grotesque headline hero decorative large-text attention english western european extended-latin european,400,,latin | latin-ext,Sarah Cadigan-Fried,1564,1329,No,2024-04-10,2025-09-17,https://fonts.google.com/specimen/Jersey+20
719,Jersey 20 Charted,Display,Sans Serif,Display,bold decorative headline attention-grabbing creative expressive geometric humanist grotesque headline hero decorative large-text attention english western european extended-latin european,400,,latin | latin-ext,Sarah Cadigan-Fried,1994,348,No,2024-04-10,2025-09-17,https://fonts.google.com/specimen/Jersey+20+Charted
720,Jersey 25,Display,Sans Serif,Display,bold decorative headline attention-grabbing creative expressive geometric humanist grotesque headline hero decorative large-text attention english western european extended-latin european,400,,latin | latin-ext,Sarah Cadigan-Fried,948,363,No,2024-04-10,2025-09-17,https://fonts.google.com/specimen/Jersey+25
721,Jersey 25 Charted,Display,Sans Serif,Display,bold decorative headline attention-grabbing creative expressive geometric humanist grotesque headline hero decorative large-text attention english western european extended-latin european,400,,latin | latin-ext,Sarah Cadigan-Fried,1973,411,No,2024-05-01,2025-09-17,https://fonts.google.com/specimen/Jersey+25+Charted
722,JetBrains Mono,Monospace,,Monospace,code developer technical fixed-width terminal programming  mono fixed-width tabular data code versatile multi-weight flexible italic variable variable-font responsive variable-weight russian cyrillic slavic cyrillic extended greek english western european extended-latin european vietnamese multilingual international popular widely-used,100 | 100i | 200 | 200i | 300 | 300i | 400 | 400i | 500 | 500i | 600 | 600i | 700 | 700i | 800 | 800i,wght: -,cyrillic | cyrillic-ext | greek | latin | latin-ext | vietnamese,JetBrains | Philipp Nurullin | Konstantin Bulenkov,136,124,No,2020-11-18,2025-09-11,https://fonts.google.com/specimen/JetBrains+Mono
723,Jim Nightshade,Handwriting,,Handwriting,personal casual friendly warm handwritten script organic  script cursive hand-drawn artistic informal english western european extended-latin european,400,,latin | latin-ext,Astigmatic,1593,1821,No,2012-01-04,2025-09-11,https://fonts.google.com/specimen/Jim+Nightshade
724,Joan,Serif,Serif,,elegant traditional classic refined literary editorial transitional oldstyle didone english western european extended-latin european,400,,latin | latin-ext,Paolo Biagini,1397,1959,No,2022-04-28,2025-09-04,https://fonts.google.com/specimen/Joan
725,Jockey One,Sans Serif,Sans Serif,Display,clean modern minimal professional readable neutral geometric humanist grotesque headline hero decorative large-text attention english western european extended-latin european,400,,latin | latin-ext,TypeTogether,700,2033,No,2011-10-26,2025-09-16,https://fonts.google.com/specimen/Jockey+One
726,Jolly Lodger,Display,,Display,bold decorative headline attention-grabbing creative expressive  headline hero decorative large-text attention english western european extended-latin european,400,,latin | latin-ext,Font Diner,1278,1307,No,2012-03-14,2025-09-10,https://fonts.google.com/specimen/Jolly+Lodger
727,Jomhuria,Display,Serif,Display,bold decorative headline attention-grabbing creative expressive transitional oldstyle didone headline hero decorative large-text attention english western european extended-latin european,400,,latin | latin-ext,KB Studio,821,262,No,2016-06-15,2025-06-02,https://fonts.google.com/specimen/Jomhuria
728,Jomolhari,Serif,Serif,Display,elegant traditional classic refined literary editorial transitional oldstyle didone headline hero decorative large-text attention english western european tibetan,400,,latin | tibetan,Christopher J. Fynn,1338,1846,No,2019-09-10,2025-09-10,https://fonts.google.com/specimen/Jomolhari
729,Josefin Sans,Sans Serif,Sans Serif,Display,clean modern minimal professional readable neutral geometric humanist grotesque headline hero decorative large-text attention versatile multi-weight flexible italic variable variable-font responsive variable-weight english western european extended-latin european vietnamese popular widely-used,100 | 100i | 200 | 200i | 300 | 300i | 400 | 400i | 500 | 500i | 600 | 600i | 700 | 700i,wght: -,latin | latin-ext | vietnamese,Santiago Orozco,76,918,No,2010-11-17,2025-09-04,https://fonts.google.com/specimen/Josefin+Sans
730,Josefin Slab,Serif,Slab Serif,Display,elegant traditional classic refined literary editorial slab mechanical sturdy strong headline hero decorative large-text attention versatile multi-weight flexible italic variable variable-font responsive variable-weight english western european,100 | 100i | 200 | 200i | 300 | 300i | 400 | 400i | 500 | 500i | 600 | 600i | 700 | 700i,wght: -,latin,Santiago Orozco,319,1152,No,2010-11-17,2025-09-16,https://fonts.google.com/specimen/Josefin+Slab
731,Jost,Sans Serif,Sans Serif,,clean modern minimal professional readable neutral geometric humanist grotesque versatile multi-weight flexible italic variable variable-font responsive variable-weight russian cyrillic slavic english western european extended-latin european popular widely-used,100 | 100i | 200 | 200i | 300 | 300i | 400 | 400i | 500 | 500i | 600 | 600i | 700 | 700i | 800 | 800i | 900 | 900i,wght: -,cyrillic | latin | latin-ext,Owen Earl,60,743,No,2020-02-11,2025-09-10,https://fonts.google.com/specimen/Jost
732,Joti One,Display,Serif,Display,bold decorative headline attention-grabbing creative expressive transitional oldstyle didone headline hero decorative large-text attention english western european extended-latin european,400,,latin | latin-ext,Eduardo Tunni,1394,1261,No,2012-10-31,2025-09-16,https://fonts.google.com/specimen/Joti+One
733,Jua,Sans Serif,Sans Serif,Display,clean modern minimal professional readable neutral geometric humanist grotesque headline hero decorative large-text attention korean hangul english western european,400,,korean | latin,Woowahan Brothers,525,795,No,2018-02-24,2025-09-04,https://fonts.google.com/specimen/Jua
734,Judson,Serif,Serif,,elegant traditional classic refined literary editorial transitional oldstyle didone italic english western european extended-latin european vietnamese,400 | 400i | 700,,latin | latin-ext | vietnamese,Daniel Johnson,572,899,No,2011-05-04,2025-09-11,https://fonts.google.com/specimen/Judson
735,Julee,Handwriting,,Handwriting,personal casual friendly warm handwritten script organic  script cursive hand-drawn artistic informal english western european extended-latin european,400,,latin | latin-ext,Julián Tunni,934,1485,No,2011-09-07,2025-09-16,https://fonts.google.com/specimen/Julee
736,Julius Sans One,Sans Serif,Sans Serif,Display,clean modern minimal professional readable neutral geometric humanist grotesque headline hero decorative large-text attention english western european extended-latin european,400,,latin | latin-ext,Luciano Vergara,491,1271,No,2012-10-05,2025-09-16,https://fonts.google.com/specimen/Julius+Sans+One
737,Junge,Serif,Serif,Handwriting,elegant traditional classic refined literary editorial transitional oldstyle didone script cursive hand-drawn artistic informal english western european,400,,latin,Cyreal,1359,1923,No,2012-01-18,2025-09-11,https://fonts.google.com/specimen/Junge
738,Jura,Sans Serif,Sans Serif,Display,clean modern minimal professional readable neutral geometric humanist grotesque headline hero decorative large-text attention variable variable-font responsive variable-weight russian cyrillic slavic cyrillic extended greek greek extended english western european extended-latin european vietnamese multilingual international,300 | 400 | 500 | 600 | 700,wght: -,cyrillic | cyrillic-ext | greek | greek-ext | kayah-li | latin | latin-ext | vietnamese,Daniel Johnson | Cyreal,387,2097,No,2011-05-18,2025-09-16,https://fonts.google.com/specimen/Jura
739,Just Another Hand,Handwriting,,Handwriting,personal casual friendly warm handwritten script organic  script cursive hand-drawn artistic informal english western european extended-latin european,400,,latin | latin-ext,Astigmatic,546,1968,No,2010-12-20,2025-09-08,https://fonts.google.com/specimen/Just+Another+Hand
740,Just Me Again Down Here,Handwriting,,Handwriting,personal casual friendly warm handwritten script organic  script cursive hand-drawn artistic informal english western european extended-latin european,400,,latin | latin-ext,Kimberly Geswein,963,426,No,2010-12-07,2025-09-04,https://fonts.google.com/specimen/Just+Me+Again+Down+Here
741,K2D,Sans Serif,Sans Serif,Display,clean modern minimal professional readable neutral geometric humanist grotesque headline hero decorative large-text attention versatile multi-weight flexible italic english western european extended-latin european thai southeast-asia vietnamese,100 | 100i | 200 | 200i | 300 | 300i | 400 | 400i | 500 | 500i | 600 | 600i | 700 | 700i | 800 | 800i,,latin | latin-ext | thai | vietnamese,Cadson Demak,489,636,No,2018-09-10,2025-09-11,https://fonts.google.com/specimen/K2D
742,Kablammo,Display,,Display,bold decorative headline attention-grabbing creative expressive  headline hero decorative large-text attention variable variable-font responsive russian cyrillic slavic cyrillic extended english western european extended-latin european vietnamese multilingual international,400,MORF: -,cyrillic | cyrillic-ext | emoji | latin | latin-ext | vietnamese,Vectro Type Foundry | Travis Kochel | Lizy Gershenzon | Daria Cohen | Ethan Cohen,1037,2070,No,2023-06-06,2025-09-11,https://fonts.google.com/specimen/Kablammo
743,Kadwa,Serif,Serif,,elegant traditional classic refined literary editorial transitional oldstyle didone hindi devanagari indian english western european,400 | 700,,devanagari | latin,Sol Matas,749,220,No,2015-06-17,2025-09-10,https://fonts.google.com/specimen/Kadwa
744,Kaisei Decol,Serif,Serif,,elegant traditional classic refined literary editorial transitional oldstyle didone russian cyrillic slavic japanese kanji hiragana katakana english western european extended-latin european,400 | 500 | 700,,cyrillic | japanese | latin | latin-ext,Font-Kai,504,1185,No,2021-05-21,2025-09-16,https://fonts.google.com/specimen/Kaisei+Decol
745,Kaisei HarunoUmi,Serif,Serif,,elegant traditional classic refined literary editorial transitional oldstyle didone russian cyrillic slavic japanese kanji hiragana katakana english western european extended-latin european,400 | 500 | 700,,cyrillic | japanese | latin | latin-ext,Font-Kai,1326,379,No,2021-05-21,2025-09-16,https://fonts.google.com/specimen/Kaisei+HarunoUmi
746,Kaisei Opti,Serif,Serif,,elegant traditional classic refined literary editorial transitional oldstyle didone russian cyrillic slavic japanese kanji hiragana katakana english western european extended-latin european,400 | 500 | 700,,cyrillic | japanese | latin | latin-ext,Font-Kai,852,819,No,2021-05-21,2025-09-11,https://fonts.google.com/specimen/Kaisei+Opti
747,Kaisei Tokumin,Serif,Serif,,elegant traditional classic refined literary editorial transitional oldstyle didone russian cyrillic slavic japanese kanji hiragana katakana english western european extended-latin european,400 | 500 | 700 | 800,,cyrillic | japanese | latin | latin-ext,Font-Kai,1120,2222,No,2021-05-21,2025-09-04,https://fonts.google.com/specimen/Kaisei+Tokumin
748,Kalam,Handwriting,,Handwriting,personal casual friendly warm handwritten script organic  script cursive hand-drawn artistic informal hindi devanagari indian english western european extended-latin european well-known common,300 | 400 | 700,,devanagari | latin | latin-ext,Indian Type Foundry,167,1250,No,2014-10-17,2025-09-11,https://fonts.google.com/specimen/Kalam
749,Kalnia,Serif,Serif,Display,elegant traditional classic refined literary editorial transitional oldstyle didone headline hero decorative large-text attention versatile multi-weight flexible variable variable-font responsive variable-weight variable-width english western european extended-latin european,100 | 200 | 300 | 400 | 500 | 600 | 700,wdth: - | wght: -,latin | latin-ext | math,Frida Medrano,1002,1428,No,2023-12-05,2025-09-16,https://fonts.google.com/specimen/Kalnia
750,Kalnia Glaze,Display,Serif,Display,bold decorative headline attention-grabbing creative expressive transitional oldstyle didone headline hero decorative large-text attention versatile multi-weight flexible variable variable-font responsive variable-weight variable-width english western european extended-latin european,100 | 200 | 300 | 400 | 500 | 600 | 700,wdth: - | wght: -,latin | latin-ext,Frida Medrano,1785,2188,No,2024-03-26,2025-09-10,https://fonts.google.com/specimen/Kalnia+Glaze
751,Kameron,Serif,Slab Serif,,elegant traditional classic refined literary editorial slab mechanical sturdy strong variable variable-font responsive variable-weight english western european extended-latin european,400 | 500 | 600 | 700,wght: -,latin | latin-ext,Vernon Adams,633,1881,No,2011-06-08,2025-09-04,https://fonts.google.com/specimen/Kameron
752,Kanchenjunga,Sans Serif,Sans Serif,,clean modern minimal professional readable neutral geometric humanist grotesque english western european,400 | 500 | 600 | 700,,kirat-rai | latin,Becca Hirsbrunner Spalinger,1976,1418,No,2025-04-17,2025-04-23,https://fonts.google.com/specimen/Kanchenjunga
753,Kanit,Sans Serif,Sans Serif,,clean modern minimal professional readable neutral geometric humanist grotesque versatile multi-weight flexible italic english western european extended-latin european thai southeast-asia vietnamese top-popular trending most-used,100 | 100i | 200 | 200i | 300 | 300i | 400 | 400i | 500 | 500i | 600 | 600i | 700 | 700i | 800 | 800i | 900 | 900i,,latin | latin-ext | thai | vietnamese,Cadson Demak,41,1141,No,2015-12-07,2025-09-11,https://fonts.google.com/specimen/Kanit
754,Kantumruy Pro,Sans Serif,Sans Serif,,clean modern minimal professional readable neutral geometric humanist grotesque versatile multi-weight flexible italic variable variable-font responsive variable-weight khmer cambodian english western european extended-latin european,100 | 100i | 200 | 200i | 300 | 300i | 400 | 400i | 500 | 500i | 600 | 600i | 700 | 700i,wght: -,khmer | latin | latin-ext,Tep Sovichet | Wei Huang,738,857,No,2022-05-12,2025-09-04,https://fonts.google.com/specimen/Kantumruy+Pro
755,Kapakana,Handwriting,,Display | Handwriting,personal casual friendly warm handwritten script organic  headline hero decorative large-text attention script cursive hand-drawn artistic informal variable variable-font responsive variable-weight japanese kanji hiragana katakana english western european extended-latin european,300 | 400,wght: -,japanese | latin | latin-ext,Kousuke Nagai,1275,863,No,2025-05-20,2025-09-11,https://fonts.google.com/specimen/Kapakana
756,Karantina,Display,,Display,bold decorative headline attention-grabbing creative expressive  headline hero decorative large-text attention hebrew RTL israeli english western european extended-latin european,300 | 400 | 700,,hebrew | latin | latin-ext,Rony Koch,1231,1266,No,2021-03-11,2025-09-16,https://fonts.google.com/specimen/Karantina
757,Karla,Sans Serif,Sans Serif,,clean modern minimal professional readable neutral geometric humanist grotesque versatile multi-weight flexible italic variable variable-font responsive variable-weight english western european extended-latin european popular widely-used,200 | 200i | 300 | 300i | 400 | 400i | 500 | 500i | 600 | 600i | 700 | 700i | 800 | 800i,wght: -,latin | latin-ext,Jonny Pinhorn,59,789,No,2012-03-14,2025-09-11,https://fonts.google.com/specimen/Karla
758,Karla Tamil Inclined,Sans Serif,Sans Serif,,clean modern minimal professional readable neutral geometric humanist grotesque tamil indian,400 | 700,,tamil,Jonathan Pinhorn,1984,635,No,2024-10-28,2024-10-29,https://fonts.google.com/specimen/Karla+Tamil+Inclined
759,Karla Tamil Upright,Sans Serif,Sans Serif,,clean modern minimal professional readable neutral geometric humanist grotesque tamil indian,400 | 700,,tamil,Jonathan Pinhorn,1927,2178,No,2024-10-28,2024-10-29,https://fonts.google.com/specimen/Karla+Tamil+Upright
760,Karma,Serif,Serif,,elegant traditional classic refined literary editorial transitional oldstyle didone hindi devanagari indian english western european extended-latin european,300 | 400 | 500 | 600 | 700,,devanagari | latin | latin-ext,Indian Type Foundry,580,1506,No,2014-06-25,2025-09-08,https://fonts.google.com/specimen/Karma
761,Katibeh,Display,Serif,Display,bold decorative headline attention-grabbing creative expressive transitional oldstyle didone headline hero decorative large-text attention arabic RTL middle-east english western european extended-latin european,400,,arabic | latin | latin-ext,KB Studio,1208,1409,No,2016-06-15,2025-09-10,https://fonts.google.com/specimen/Katibeh
762,Kaushan Script,Handwriting,,Display | Handwriting,personal casual friendly warm handwritten script organic  headline hero decorative large-text attention script cursive hand-drawn artistic informal english western european extended-latin european well-known common,400,,latin | latin-ext,Impallari Type,269,846,No,2012-01-25,2025-09-10,https://fonts.google.com/specimen/Kaushan+Script
763,Kavivanar,Handwriting,,Handwriting | Display,personal casual friendly warm handwritten script organic  script cursive hand-drawn artistic informal headline hero decorative large-text attention english western european extended-latin european tamil indian,400,,latin | latin-ext | tamil,Tharique Azeez,1200,2030,No,2016-06-20,2025-09-08,https://fonts.google.com/specimen/Kavivanar
764,Kavoon,Display,Serif,Display,bold decorative headline attention-grabbing creative expressive transitional oldstyle didone headline hero decorative large-text attention english western european extended-latin european,400,,latin | latin-ext,Viktoriya Grabowska,1140,1247,No,2013-01-23,2025-09-04,https://fonts.google.com/specimen/Kavoon
765,Kay Pho Du,Serif,Slab Serif,,elegant traditional classic refined literary editorial slab mechanical sturdy strong english western european extended-latin european,400 | 500 | 600 | 700,,kayah-li | latin | latin-ext,SIL International,1971,1903,No,2023-10-23,2025-05-30,https://fonts.google.com/specimen/Kay+Pho+Du
766,Kdam Thmor Pro,Sans Serif,Sans Serif,Display,clean modern minimal professional readable neutral geometric humanist grotesque headline hero decorative large-text attention khmer cambodian english western european extended-latin european,400,,khmer | latin | latin-ext,Tep Sovichet | Hak Longdey,1157,660,No,2022-05-11,2025-09-02,https://fonts.google.com/specimen/Kdam+Thmor+Pro
767,Keania One,Display,Sans Serif,Display,bold decorative headline attention-grabbing creative expressive geometric humanist grotesque headline hero decorative large-text attention english western european extended-latin european,400,,latin | latin-ext,Julia Petretta,1281,1919,No,2012-10-31,2025-09-11,https://fonts.google.com/specimen/Keania+One
768,Kedebideri,Sans Serif,Sans Serif,,clean modern minimal professional readable neutral geometric humanist grotesque versatile multi-weight flexible english western european,400 | 500 | 600 | 700 | 800 | 900,,beria-erfe | latin,SIL International,1938,2160,No,2025-09-10,2026-01-29,https://fonts.google.com/specimen/Kedebideri
769,Kelly Slab,Display,Sans Serif,Display,bold decorative headline attention-grabbing creative expressive geometric humanist grotesque headline hero decorative large-text attention russian cyrillic slavic english western european extended-latin european,400,,cyrillic | latin | latin-ext,Denis Masharov,800,840,No,2011-07-27,2025-06-02,https://fonts.google.com/specimen/Kelly+Slab
770,Kenia,Display,Sans Serif,Display,bold decorative headline attention-grabbing creative expressive geometric humanist grotesque headline hero decorative large-text attention english western european,400,,latin,Julia Petretta,1211,1003,No,2010-12-15,2025-09-11,https://fonts.google.com/specimen/Kenia
771,Khand,Sans Serif,Sans Serif,,clean modern minimal professional readable neutral geometric humanist grotesque hindi devanagari indian english western european extended-latin european well-known common,300 | 400 | 500 | 600 | 700,,devanagari | latin | latin-ext,Indian Type Foundry,242,93,No,2014-07-14,2025-09-04,https://fonts.google.com/specimen/Khand
772,Khmer,Sans Serif,Sans Serif,,clean modern minimal professional readable neutral geometric humanist grotesque khmer cambodian,400,,khmer,Danh Hong,1195,2032,No,2011-03-02,2025-09-17,https://fonts.google.com/specimen/Khmer
773,Khula,Sans Serif,Sans Serif,,clean modern minimal professional readable neutral geometric humanist grotesque hindi devanagari indian english western european extended-latin european,300 | 400 | 600 | 700 | 800,,devanagari | latin | latin-ext,Erin McLaughlin,516,1748,No,2015-01-28,2025-09-08,https://fonts.google.com/specimen/Khula
774,Kings,Handwriting,,Display | Handwriting,personal casual friendly warm handwritten script organic  headline hero decorative large-text attention script cursive hand-drawn artistic informal english western european extended-latin european vietnamese,400,,latin | latin-ext | vietnamese,Robert Leuschke,1643,502,No,2021-10-21,2025-09-11,https://fonts.google.com/specimen/Kings
775,Kirang Haerang,Display,,Display,bold decorative headline attention-grabbing creative expressive  headline hero decorative large-text attention korean hangul english western european,400,,korean | latin,Woowahan Brothers,1605,2253,No,2018-02-24,2025-09-10,https://fonts.google.com/specimen/Kirang+Haerang
776,Kite One,Sans Serif,Sans Serif,,clean modern minimal professional readable neutral geometric humanist grotesque english western european extended-latin european,400,,latin | latin-ext,Eduardo Tunni,1406,1456,No,2012-10-26,2025-09-10,https://fonts.google.com/specimen/Kite+One
777,Kiwi Maru,Serif,Serif,,elegant traditional classic refined literary editorial transitional oldstyle didone russian cyrillic slavic japanese kanji hiragana katakana english western european extended-latin european,300 | 400 | 500,,cyrillic | japanese | latin | latin-ext,Hiroki-Chan,596,1505,No,2020-12-14,2025-09-11,https://fonts.google.com/specimen/Kiwi+Maru
778,Klee One,Handwriting,,Handwriting,personal casual friendly warm handwritten script organic  script cursive hand-drawn artistic informal russian cyrillic slavic greek extended japanese kanji hiragana katakana english western european extended-latin european,400 | 600,,cyrillic | greek-ext | japanese | latin | latin-ext,Fontworks Inc.,687,2023,No,2021-06-08,2025-09-08,https://fonts.google.com/specimen/Klee+One
779,Knewave,Display,,Display,bold decorative headline attention-grabbing creative expressive  headline hero decorative large-text attention english western european extended-latin european,400,,latin | latin-ext,Tyler Finck,693,1617,No,2011-11-23,2025-09-16,https://fonts.google.com/specimen/Knewave
780,KoHo,Sans Serif,Sans Serif,,clean modern minimal professional readable neutral geometric humanist grotesque versatile multi-weight flexible italic english western european extended-latin european thai southeast-asia vietnamese,200 | 200i | 300 | 300i | 400 | 400i | 500 | 500i | 600 | 600i | 700 | 700i,,latin | latin-ext | thai | vietnamese,Cadson Demak,847,485,No,2018-09-10,2025-09-11,https://fonts.google.com/specimen/KoHo
781,Kodchasan,Sans Serif,Sans Serif,,clean modern minimal professional readable neutral geometric humanist grotesque versatile multi-weight flexible italic english western european extended-latin european thai southeast-asia vietnamese,200 | 200i | 300 | 300i | 400 | 400i | 500 | 500i | 600 | 600i | 700 | 700i,,latin | latin-ext | thai | vietnamese,Cadson Demak,907,800,No,2018-09-10,2025-09-08,https://fonts.google.com/specimen/Kodchasan
782,Kode Mono,Monospace,Sans Serif,Monospace,code developer technical fixed-width terminal programming geometric humanist grotesque mono fixed-width tabular data code variable variable-font responsive variable-weight english western european extended-latin european,400 | 500 | 600 | 700,wght: -,latin | latin-ext,Isa Ozler,1317,2075,No,2024-02-14,2025-09-10,https://fonts.google.com/specimen/Kode+Mono
783,Koh Santepheap,Serif,Serif,,elegant traditional classic refined literary editorial transitional oldstyle didone khmer cambodian english western european,100 | 300 | 400 | 700 | 900,,khmer | latin,Danh Hong,1483,1599,No,2021-06-10,2025-09-10,https://fonts.google.com/specimen/Koh+Santepheap
784,Kolker Brush,Handwriting,,Display | Handwriting,personal casual friendly warm handwritten script organic  headline hero decorative large-text attention script cursive hand-drawn artistic informal english western european extended-latin european vietnamese,400,,latin | latin-ext | vietnamese,Robert Leuschke,1719,1914,No,2021-11-26,2025-09-16,https://fonts.google.com/specimen/Kolker+Brush
785,Konkhmer Sleokchher,Display,,Display,bold decorative headline attention-grabbing creative expressive  headline hero decorative large-text attention khmer cambodian english western european extended-latin european,400,,khmer | latin | latin-ext,Suon May Sophanith,1526,424,No,2023-04-26,2025-09-02,https://fonts.google.com/specimen/Konkhmer+Sleokchher
786,Kosugi,Sans Serif,Sans Serif,,clean modern minimal professional readable neutral geometric humanist grotesque russian cyrillic slavic japanese kanji hiragana katakana english western european extended-latin european,400,,cyrillic | japanese | latin | latin-ext,MOTOYA,626,376,No,2016-01-21,2025-09-08,https://fonts.google.com/specimen/Kosugi
787,Kosugi Maru,Sans Serif,Sans Serif,,clean modern minimal professional readable neutral geometric humanist grotesque russian cyrillic slavic japanese kanji hiragana katakana english western european extended-latin european,400,,cyrillic | japanese | latin | latin-ext,MOTOYA,355,1539,No,2016-01-21,2025-09-08,https://fonts.google.com/specimen/Kosugi+Maru
788,Kotta One,Serif,Serif,,elegant traditional classic refined literary editorial transitional oldstyle didone english western european extended-latin european,400,,latin | latin-ext,Ania Kruk,1431,1480,No,2012-01-25,2025-09-04,https://fonts.google.com/specimen/Kotta+One
789,Koulen,Display,Sans Serif,Display,bold decorative headline attention-grabbing creative expressive geometric humanist grotesque headline hero decorative large-text attention khmer cambodian english western european,400,,khmer | latin,Danh Hong,649,823,No,2011-03-02,2025-09-16,https://fonts.google.com/specimen/Koulen
790,Kranky,Display,Serif,Display,bold decorative headline attention-grabbing creative expressive transitional oldstyle didone headline hero decorative large-text attention english western european,400,,latin,Sideshow,990,1224,No,2011-01-06,2025-06-02,https://fonts.google.com/specimen/Kranky
791,Kreon,Serif,Serif,,elegant traditional classic refined literary editorial transitional oldstyle didone variable variable-font responsive variable-weight english western european extended-latin european,300 | 400 | 500 | 600 | 700,wght: -,latin | latin-ext,Julia Petretta,545,1424,No,2011-02-02,2025-09-11,https://fonts.google.com/specimen/Kreon
792,Kristi,Handwriting,,Display | Handwriting,personal casual friendly warm handwritten script organic  headline hero decorative large-text attention script cursive hand-drawn artistic informal english western european,400,,latin,Birgit Pulk,682,1474,No,2010-12-20,2025-09-10,https://fonts.google.com/specimen/Kristi
793,Krona One,Sans Serif,Sans Serif,,clean modern minimal professional readable neutral geometric humanist grotesque english western european extended-latin european,400,,latin | latin-ext,Yvonne Schüttler,610,1556,No,2012-02-22,2025-09-04,https://fonts.google.com/specimen/Krona+One
794,Krub,Sans Serif,Sans Serif,,clean modern minimal professional readable neutral geometric humanist grotesque versatile multi-weight flexible italic english western european extended-latin european thai southeast-asia vietnamese,200 | 200i | 300 | 300i | 400 | 400i | 500 | 500i | 600 | 600i | 700 | 700i,,latin | latin-ext | thai | vietnamese,Cadson Demak,337,446,No,2018-09-10,2025-09-16,https://fonts.google.com/specimen/Krub
795,Kufam,Sans Serif,Sans Serif,,clean modern minimal professional readable neutral geometric humanist grotesque versatile multi-weight flexible italic variable variable-font responsive variable-weight arabic RTL middle-east english western european extended-latin european vietnamese,400 | 400i | 500 | 500i | 600 | 600i | 700 | 700i | 800 | 800i | 900 | 900i,wght: -,arabic | latin | latin-ext | vietnamese,Original Type | Wael Morcos | Artur Schmal,601,2012,No,2020-07-14,2025-09-02,https://fonts.google.com/specimen/Kufam
796,Kulim Park,Sans Serif,Sans Serif,,clean modern minimal professional readable neutral geometric humanist grotesque italic english western european extended-latin european,200 | 200i | 300 | 300i | 400 | 400i | 600 | 600i | 700 | 700i,,latin | latin-ext,Dale Sattler,1279,901,No,2019-09-25,2025-09-11,https://fonts.google.com/specimen/Kulim+Park
797,Kumar One,Display,Serif,Display,bold decorative headline attention-grabbing creative expressive transitional oldstyle didone headline hero decorative large-text attention gujarati indian english western european extended-latin european,400,,gujarati | latin | latin-ext,Indian Type Foundry,1410,369,No,2016-06-15,2025-09-08,https://fonts.google.com/specimen/Kumar+One
798,Kumar One Outline,Display,,Display,bold decorative headline attention-grabbing creative expressive  headline hero decorative large-text attention gujarati indian english western european extended-latin european,400,,gujarati | latin | latin-ext,Indian Type Foundry,1606,1671,No,2016-06-15,2025-06-25,https://fonts.google.com/specimen/Kumar+One+Outline
799,Kumbh Sans,Sans Serif,Sans Serif,,clean modern minimal professional readable neutral geometric humanist grotesque versatile multi-weight flexible variable variable-font responsive variable-weight english western european extended-latin european well-known common,100 | 200 | 300 | 400 | 500 | 600 | 700 | 800 | 900,YOPQ: - | wght: -,latin | latin-ext | math | symbols,Saurabh Sharma,264,1605,No,2020-07-22,2025-09-16,https://fonts.google.com/specimen/Kumbh+Sans
800,Kurale,Serif,Serif,,elegant traditional classic refined literary editorial transitional oldstyle didone russian cyrillic slavic cyrillic extended hindi devanagari indian english western european extended-latin european,400,,cyrillic | cyrillic-ext | devanagari | latin | latin-ext,Eduardo Tunni,879,2154,No,2015-05-14,2025-09-11,https://fonts.google.com/specimen/Kurale
801,LINE Seed JP,Sans Serif,Sans Serif,,clean modern minimal professional readable neutral geometric humanist grotesque russian cyrillic slavic greek extended japanese kanji hiragana katakana english western european extended-latin european,100 | 400 | 700 | 800,,cyrillic | greek-ext | japanese | latin | latin-ext,LY Corporation | Fontrix | Fontworks,315,2,No,2026-01-21,2026-01-22,https://fonts.google.com/specimen/LINE+Seed+JP
802,LXGW Marker Gothic,Sans Serif,Sans Serif,,clean modern minimal professional readable neutral geometric humanist grotesque chinese traditional russian cyrillic slavic cyrillic extended greek english western european extended-latin european vietnamese multilingual international,400,,chinese-traditional | cyrillic | cyrillic-ext | greek | latin | latin-ext | symbols2 | vietnamese,LXGW,1702,100,No,2025-06-11,2025-06-12,https://fonts.google.com/specimen/LXGW+Marker+Gothic
803,LXGW WenKai Mono TC,Monospace,,Monospace,code developer technical fixed-width terminal programming  mono fixed-width tabular data code chinese traditional russian cyrillic slavic cyrillic extended greek greek extended english western european extended-latin european vietnamese multilingual international,300 | 400 | 700,,chinese-traditional | cyrillic | cyrillic-ext | greek | greek-ext | latin | latin-ext | lisu | vietnamese,LXGW,1597,2267,No,2024-05-23,2025-06-09,https://fonts.google.com/specimen/LXGW+WenKai+Mono+TC
804,LXGW WenKai TC,Handwriting,,Handwriting,personal casual friendly warm handwritten script organic  script cursive hand-drawn artistic informal chinese traditional russian cyrillic slavic cyrillic extended greek greek extended english western european extended-latin european vietnamese multilingual international,300 | 400 | 700,,chinese-traditional | cyrillic | cyrillic-ext | greek | greek-ext | latin | latin-ext | lisu | vietnamese,LXGW,1411,2079,No,2024-05-23,2025-06-09,https://fonts.google.com/specimen/LXGW+WenKai+TC
805,La Belle Aurore,Handwriting,,Handwriting | Display,personal casual friendly warm handwritten script organic  script cursive hand-drawn artistic informal headline hero decorative large-text attention english western european extended-latin european,400,,latin | latin-ext,Kimberly Geswein,515,977,No,2011-06-08,2025-09-04,https://fonts.google.com/specimen/La+Belle+Aurore
806,Labrada,Serif,Serif,,elegant traditional classic refined literary editorial transitional oldstyle didone versatile multi-weight flexible italic variable variable-font responsive variable-weight english western european extended-latin european vietnamese,100 | 100i | 200 | 200i | 300 | 300i | 400 | 400i | 500 | 500i | 600 | 600i | 700 | 700i | 800 | 800i | 900 | 900i,wght: -,latin | latin-ext | vietnamese,Mercedes Jáuregui | Omnibus-Type,1707,650,No,2023-01-18,2025-09-02,https://fonts.google.com/specimen/Labrada
807,Lacquer,Display,,Display,bold decorative headline attention-grabbing creative expressive  headline hero decorative large-text attention english western european,400,,latin,Niki Polyocan | Eli Block,927,1300,No,2019-07-03,2025-09-11,https://fonts.google.com/specimen/Lacquer
808,Laila,Serif,Serif,Display,elegant traditional classic refined literary editorial transitional oldstyle didone headline hero decorative large-text attention hindi devanagari indian english western european extended-latin european,300 | 400 | 500 | 600 | 700,,devanagari | latin | latin-ext,Indian Type Foundry,604,821,No,2014-08-27,2025-06-25,https://fonts.google.com/specimen/Laila
809,Lakki Reddy,Handwriting,Serif,Display,personal casual friendly warm handwritten script organic transitional oldstyle didone headline hero decorative large-text attention english western european telugu indian,400,,latin | telugu,Appaji Ambarisha Darbha,1561,1516,No,2015-01-12,2025-09-10,https://fonts.google.com/specimen/Lakki+Reddy
810,Lalezar,Sans Serif,Sans Serif,,clean modern minimal professional readable neutral geometric humanist grotesque arabic RTL middle-east english western european extended-latin european vietnamese,400,,arabic | latin | latin-ext | vietnamese,Borna Izadpanah,459,289,No,2016-06-15,2025-09-16,https://fonts.google.com/specimen/Lalezar
811,Lancelot,Display,Serif,Display,bold decorative headline attention-grabbing creative expressive transitional oldstyle didone headline hero decorative large-text attention english western european extended-latin european,400,,latin | latin-ext,Marion Kadi,1508,1759,No,2011-11-02,2025-09-02,https://fonts.google.com/specimen/Lancelot
812,Langar,Display,,Display,bold decorative headline attention-grabbing creative expressive  headline hero decorative large-text attention punjabi gurmukhi indian english western european extended-latin european,400,,gurmukhi | latin | latin-ext,Typeland | Alessia Mazzarella,1676,2269,No,2016-06-15,2025-09-08,https://fonts.google.com/specimen/Langar
813,Lateef,Serif,Serif,,elegant traditional classic refined literary editorial transitional oldstyle didone versatile multi-weight flexible arabic RTL middle-east english western european extended-latin european,200 | 300 | 400 | 500 | 600 | 700 | 800,,arabic | latin | latin-ext,SIL International,361,43,No,2015-03-03,2025-09-16,https://fonts.google.com/specimen/Lateef
814,Lato,Sans Serif,Sans Serif,,clean modern minimal professional readable neutral geometric humanist grotesque italic english western european extended-latin european top-popular trending most-used,100 | 100i | 300 | 300i | 400 | 400i | 700 | 700i | 900 | 900i,,latin | latin-ext,Łukasz Dziedzic,10,1338,No,2010-12-15,2025-09-16,https://fonts.google.com/specimen/Lato
815,Lavishly Yours,Handwriting,,Handwriting | Display,personal casual friendly warm handwritten script organic  script cursive hand-drawn artistic informal headline hero decorative large-text attention english western european extended-latin european vietnamese,400,,latin | latin-ext | vietnamese,Robert Leuschke,1133,328,No,2022-03-11,2025-09-04,https://fonts.google.com/specimen/Lavishly+Yours
816,League Gothic,Sans Serif,Sans Serif,Display,clean modern minimal professional readable neutral geometric humanist grotesque headline hero decorative large-text attention variable variable-font responsive variable-width english western european extended-latin european vietnamese well-known common,400,wdth: -,latin | latin-ext | vietnamese,Tyler Finck | Caroline Hadilaksono | Micah Rich,295,1344,No,2021-12-09,2025-09-10,https://fonts.google.com/specimen/League+Gothic
817,League Script,Handwriting,,Display | Handwriting,personal casual friendly warm handwritten script organic  headline hero decorative large-text attention script cursive hand-drawn artistic informal english western european,400,,latin,Haley Fiege,983,1598,No,2011-03-09,2025-09-10,https://fonts.google.com/specimen/League+Script
818,League Spartan,Sans Serif,Sans Serif,,clean modern minimal professional readable neutral geometric humanist grotesque versatile multi-weight flexible variable variable-font responsive variable-weight english western european extended-latin european vietnamese well-known common,100 | 200 | 300 | 400 | 500 | 600 | 700 | 800 | 900,wght: -,latin | latin-ext | vietnamese,Matt Bailey | Tyler Finck,186,1672,No,2021-12-17,2025-09-08,https://fonts.google.com/specimen/League+Spartan
819,Leckerli One,Handwriting,,Display | Handwriting,personal casual friendly warm handwritten script organic  headline hero decorative large-text attention script cursive hand-drawn artistic informal english western european,400,,latin,Gesine Todt,507,1562,No,2011-07-20,2025-09-11,https://fonts.google.com/specimen/Leckerli+One
820,Ledger,Serif,Serif,,elegant traditional classic refined literary editorial transitional oldstyle didone russian cyrillic slavic english western european extended-latin european,400,,cyrillic | latin | latin-ext,Denis Masharov,1112,600,No,2012-02-22,2025-09-10,https://fonts.google.com/specimen/Ledger
821,Lekton,Monospace,,Monospace,code developer technical fixed-width terminal programming  mono fixed-width tabular data code italic english western european extended-latin european,400 | 400i | 700,,latin | latin-ext,ISIA Urbino,780,1156,No,2010-12-20,2025-09-10,https://fonts.google.com/specimen/Lekton
822,Lemon,Display,Serif,Display,bold decorative headline attention-grabbing creative expressive transitional oldstyle didone headline hero decorative large-text attention english western european extended-latin european,400,,latin | latin-ext,Eduardo Tunni,1081,2200,No,2011-11-30,2025-09-04,https://fonts.google.com/specimen/Lemon
823,Lemonada,Display,Sans Serif,Handwriting,bold decorative headline attention-grabbing creative expressive geometric humanist grotesque script cursive hand-drawn artistic informal variable variable-font responsive variable-weight arabic RTL middle-east english western european extended-latin european vietnamese,300 | 400 | 500 | 600 | 700,wght: -,arabic | latin | latin-ext | vietnamese,Mohamed Gaber | Eduardo Tunni,542,885,No,2016-06-15,2025-09-02,https://fonts.google.com/specimen/Lemonada
824,Lexend,Sans Serif,Sans Serif,,clean modern minimal professional readable neutral geometric humanist grotesque versatile multi-weight flexible variable variable-font responsive variable-weight english western european extended-latin european vietnamese popular widely-used,100 | 200 | 300 | 400 | 500 | 600 | 700 | 800 | 900,wght: -,latin | latin-ext | vietnamese,Bonnie Shaver-Troup | Thomas Jockin | Santiago Orozco | Héctor Gómez | Superunion,110,843,No,2021-03-08,2025-09-08,https://fonts.google.com/specimen/Lexend
825,Lexend Deca,Sans Serif,Sans Serif,,clean modern minimal professional readable neutral geometric humanist grotesque versatile multi-weight flexible variable variable-font responsive variable-weight english western european extended-latin european vietnamese popular widely-used,100 | 200 | 300 | 400 | 500 | 600 | 700 | 800 | 900,wght: -,latin | latin-ext | vietnamese,Bonnie Shaver-Troup | Thomas Jockin | Santiago Orozco | Héctor Gómez | Superunion,142,1479,No,2019-08-01,2025-09-16,https://fonts.google.com/specimen/Lexend+Deca
826,Lexend Exa,Sans Serif,Sans Serif,,clean modern minimal professional readable neutral geometric humanist grotesque versatile multi-weight flexible variable variable-font responsive variable-weight english western european extended-latin european vietnamese,100 | 200 | 300 | 400 | 500 | 600 | 700 | 800 | 900,wght: -,latin | latin-ext | vietnamese,Bonnie Shaver-Troup | Thomas Jockin | Santiago Orozco | Héctor Gómez | Superunion,615,1438,No,2019-08-01,2025-09-08,https://fonts.google.com/specimen/Lexend+Exa
827,Lexend Giga,Sans Serif,Sans Serif,,clean modern minimal professional readable neutral geometric humanist grotesque versatile multi-weight flexible variable variable-font responsive variable-weight english western european extended-latin european vietnamese,100 | 200 | 300 | 400 | 500 | 600 | 700 | 800 | 900,wght: -,latin | latin-ext | vietnamese,Bonnie Shaver-Troup | Thomas Jockin | Santiago Orozco | Héctor Gómez | Superunion,304,63,No,2019-08-01,2025-09-10,https://fonts.google.com/specimen/Lexend+Giga
828,Lexend Mega,Sans Serif,Sans Serif,,clean modern minimal professional readable neutral geometric humanist grotesque versatile multi-weight flexible variable variable-font responsive variable-weight english western european extended-latin european vietnamese,100 | 200 | 300 | 400 | 500 | 600 | 700 | 800 | 900,wght: -,latin | latin-ext | vietnamese,Bonnie Shaver-Troup | Thomas Jockin | Santiago Orozco | Héctor Gómez | Superunion,1327,2151,No,2019-08-01,2025-09-08,https://fonts.google.com/specimen/Lexend+Mega
829,Lexend Peta,Sans Serif,Sans Serif,,clean modern minimal professional readable neutral geometric humanist grotesque versatile multi-weight flexible variable variable-font responsive variable-weight english western european extended-latin european vietnamese,100 | 200 | 300 | 400 | 500 | 600 | 700 | 800 | 900,wght: -,latin | latin-ext | vietnamese,Bonnie Shaver-Troup | Thomas Jockin | Santiago Orozco | Héctor Gómez | Superunion,799,623,No,2019-08-01,2025-09-11,https://fonts.google.com/specimen/Lexend+Peta
830,Lexend Tera,Sans Serif,Sans Serif,,clean modern minimal professional readable neutral geometric humanist grotesque versatile multi-weight flexible variable variable-font responsive variable-weight english western european extended-latin european vietnamese,100 | 200 | 300 | 400 | 500 | 600 | 700 | 800 | 900,wght: -,latin | latin-ext | vietnamese,Bonnie Shaver-Troup | Thomas Jockin | Santiago Orozco | Héctor Gómez | Superunion,1468,1926,No,2019-08-01,2025-09-04,https://fonts.google.com/specimen/Lexend+Tera
831,Lexend Zetta,Sans Serif,Sans Serif,,clean modern minimal professional readable neutral geometric humanist grotesque versatile multi-weight flexible variable variable-font responsive variable-weight english western european extended-latin european vietnamese,100 | 200 | 300 | 400 | 500 | 600 | 700 | 800 | 900,wght: -,latin | latin-ext | vietnamese,Bonnie Shaver-Troup | Thomas Jockin | Santiago Orozco | Héctor Gómez | Superunion,902,243,No,2019-08-01,2025-09-11,https://fonts.google.com/specimen/Lexend+Zetta
832,Libertinus Keyboard,Display,,Display,bold decorative headline attention-grabbing creative expressive  headline hero decorative large-text attention english western european extended-latin european,400,,latin | latin-ext,Philipp H. Poll,1996,672,No,2025-08-25,2025-08-26,https://fonts.google.com/specimen/Libertinus+Keyboard
833,Libertinus Math,Display,,Display,bold decorative headline attention-grabbing creative expressive  headline hero decorative large-text attention russian cyrillic slavic cyrillic extended greek greek extended english western european extended-latin european vietnamese multilingual international,400,,cyrillic | cyrillic-ext | greek | greek-ext | latin | latin-ext | math | vietnamese,Philipp H. Poll,1626,1524,No,2025-06-23,2025-06-25,https://fonts.google.com/specimen/Libertinus+Math
834,Libertinus Mono,Monospace,,Monospace,code developer technical fixed-width terminal programming  mono fixed-width tabular data code english western european extended-latin european,400,,latin | latin-ext,Philipp H. Poll,1747,1744,No,2025-06-23,2025-06-25,https://fonts.google.com/specimen/Libertinus+Mono
835,Libertinus Sans,Sans Serif,Sans Serif,,clean modern minimal professional readable neutral geometric humanist grotesque italic russian cyrillic slavic cyrillic extended greek greek extended english western european extended-latin european vietnamese multilingual international,400 | 400i | 700,,cyrillic | cyrillic-ext | greek | greek-ext | latin | latin-ext | vietnamese,Philipp H. Poll,1633,533,No,2025-07-28,2025-07-30,https://fonts.google.com/specimen/Libertinus+Sans
836,Libertinus Serif,Serif,Serif,,elegant traditional classic refined literary editorial transitional oldstyle didone italic russian cyrillic slavic cyrillic extended greek greek extended hebrew RTL israeli english western european extended-latin european vietnamese multilingual international,400 | 400i | 600 | 600i | 700 | 700i,,cyrillic | cyrillic-ext | greek | greek-ext | hebrew | latin | latin-ext | vietnamese,Philipp H. Poll,1651,217,No,2025-07-28,2025-07-30,https://fonts.google.com/specimen/Libertinus+Serif
837,Libertinus Serif Display,Display,,Display,bold decorative headline attention-grabbing creative expressive  headline hero decorative large-text attention russian cyrillic slavic cyrillic extended greek greek extended english western european extended-latin european vietnamese multilingual international,400,,cyrillic | cyrillic-ext | greek | greek-ext | latin | latin-ext | vietnamese,Philipp H. Poll,1887,2224,No,2025-08-25,2025-08-26,https://fonts.google.com/specimen/Libertinus+Serif+Display
838,Libre Barcode 128,Display,,Symbols | Display,bold decorative headline attention-grabbing creative expressive  icon symbol emoji pictograph headline hero decorative large-text attention english western european,400,,latin,Lasse Fister,673,1534,No,2017-07-31,2025-09-17,https://fonts.google.com/specimen/Libre+Barcode+128
839,Libre Barcode 128 Text,Display,,Symbols | Display,bold decorative headline attention-grabbing creative expressive  icon symbol emoji pictograph headline hero decorative large-text attention english western european,400,,latin,Lasse Fister,1051,1946,No,2017-07-31,2025-09-17,https://fonts.google.com/specimen/Libre+Barcode+128+Text
840,Libre Barcode 39,Display,,Symbols | Display,bold decorative headline attention-grabbing creative expressive  icon symbol emoji pictograph headline hero decorative large-text attention english western european well-known common,400,,latin,Lasse Fister,270,392,No,2017-07-31,2025-09-17,https://fonts.google.com/specimen/Libre+Barcode+39
841,Libre Barcode 39 Extended,Display,,Symbols | Display,bold decorative headline attention-grabbing creative expressive  icon symbol emoji pictograph headline hero decorative large-text attention english western european,400,,latin,Lasse Fister,1345,1712,No,2017-08-21,2025-09-17,https://fonts.google.com/specimen/Libre+Barcode+39+Extended
842,Libre Barcode 39 Extended Text,Display,,Symbols | Display,bold decorative headline attention-grabbing creative expressive  icon symbol emoji pictograph headline hero decorative large-text attention english western european,400,,latin,Lasse Fister,892,1880,No,2017-08-21,2025-09-17,https://fonts.google.com/specimen/Libre+Barcode+39+Extended+Text
843,Libre Barcode 39 Text,Display,,Symbols | Display,bold decorative headline attention-grabbing creative expressive  icon symbol emoji pictograph headline hero decorative large-text attention english western european,400,,latin,Lasse Fister,688,1663,No,2017-07-31,2025-09-17,https://fonts.google.com/specimen/Libre+Barcode+39+Text
844,Libre Barcode EAN13 Text,Display,,Symbols | Display,bold decorative headline attention-grabbing creative expressive  icon symbol emoji pictograph headline hero decorative large-text attention english western european,400,,latin,Lasse Fister,1541,1594,No,2020-10-25,2025-09-17,https://fonts.google.com/specimen/Libre+Barcode+EAN13+Text
845,Libre Baskerville,Serif,Serif,,elegant traditional classic refined literary editorial transitional oldstyle didone italic variable variable-font responsive variable-weight english western european extended-latin european popular widely-used,400 | 400i | 500 | 500i | 600 | 600i | 700 | 700i,wght: -,latin | latin-ext,Impallari Type,72,596,No,2012-11-30,2025-11-20,https://fonts.google.com/specimen/Libre+Baskerville
846,Libre Bodoni,Serif,Serif,,elegant traditional classic refined literary editorial transitional oldstyle didone italic variable variable-font responsive variable-weight english western european extended-latin european vietnamese,400 | 400i | 500 | 500i | 600 | 600i | 700 | 700i,wght: -,latin | latin-ext | vietnamese,Pablo Impallari | Rodrigo Fuenzalida,353,1694,No,2022-04-13,2025-09-16,https://fonts.google.com/specimen/Libre+Bodoni
847,Libre Caslon Display,Serif,Serif,Display,elegant traditional classic refined literary editorial transitional oldstyle didone headline hero decorative large-text attention english western european extended-latin european,400,,latin | latin-ext,Impallari Type,640,112,No,2017-11-29,2025-09-16,https://fonts.google.com/specimen/Libre+Caslon+Display
848,Libre Caslon Text,Serif,Serif,,elegant traditional classic refined literary editorial transitional oldstyle didone italic english western european extended-latin european well-known common,400 | 400i | 700,,latin | latin-ext,Impallari Type,257,1420,No,2013-03-14,2025-05-30,https://fonts.google.com/specimen/Libre+Caslon+Text
849,Libre Franklin,Sans Serif,Sans Serif,,clean modern minimal professional readable neutral geometric humanist grotesque versatile multi-weight flexible italic variable variable-font responsive variable-weight russian cyrillic slavic cyrillic extended english western european extended-latin european vietnamese popular widely-used,100 | 100i | 200 | 200i | 300 | 300i | 400 | 400i | 500 | 500i | 600 | 600i | 700 | 700i | 800 | 800i | 900 | 900i,wght: -,cyrillic | cyrillic-ext | latin | latin-ext | vietnamese,Impallari Type,82,876,No,2016-06-15,2025-09-08,https://fonts.google.com/specimen/Libre+Franklin
850,Licorice,Handwriting,,Display | Handwriting,personal casual friendly warm handwritten script organic  headline hero decorative large-text attention script cursive hand-drawn artistic informal english western european extended-latin european vietnamese,400,,latin | latin-ext | vietnamese,Robert Leuschke,1021,2286,No,2021-11-18,2025-09-11,https://fonts.google.com/specimen/Licorice
851,Life Savers,Display,Serif,Display,bold decorative headline attention-grabbing creative expressive transitional oldstyle didone headline hero decorative large-text attention english western european extended-latin european,400 | 700 | 800,,latin | latin-ext,Impallari Type,1024,394,No,2012-08-13,2025-09-08,https://fonts.google.com/specimen/Life+Savers
852,Lilex,Monospace,Sans Serif,Monospace,code developer technical fixed-width terminal programming geometric humanist grotesque mono fixed-width tabular data code versatile multi-weight flexible italic variable variable-font responsive variable-weight russian cyrillic slavic cyrillic extended greek english western european extended-latin european vietnamese multilingual international,100 | 100i | 200 | 200i | 300 | 300i | 400 | 400i | 500 | 500i | 600 | 600i | 700 | 700i,wght: -,cyrillic | cyrillic-ext | greek | latin | latin-ext | symbols2 | vietnamese,Mike Abbink | Paul van der Laan | Pieter van Rosmalen | Mikhael Khrustik,1787,1967,No,2025-12-08,2025-12-10,https://fonts.google.com/specimen/Lilex
853,Lilita One,Display,Sans Serif,Display,bold decorative headline attention-grabbing creative expressive geometric humanist grotesque headline hero decorative large-text attention english western european extended-latin european well-known common,400,,latin | latin-ext,Juan Montoreano,155,1390,No,2012-01-11,2025-09-10,https://fonts.google.com/specimen/Lilita+One
854,Lily Script One,Display,,Display,bold decorative headline attention-grabbing creative expressive  headline hero decorative large-text attention english western european extended-latin european,400,,latin | latin-ext,Julia Petretta,970,537,No,2013-06-05,2025-09-08,https://fonts.google.com/specimen/Lily+Script+One
855,Limelight,Display,Sans Serif,Display,bold decorative headline attention-grabbing creative expressive geometric humanist grotesque headline hero decorative large-text attention english western european extended-latin european,400,,latin | latin-ext,Nicole Fally | Sorkin Type,543,229,No,2011-05-25,2025-09-16,https://fonts.google.com/specimen/Limelight
856,Linden Hill,Serif,Serif,Display,elegant traditional classic refined literary editorial transitional oldstyle didone headline hero decorative large-text attention italic english western european extended-latin european,400 | 400i,,latin | latin-ext,Barry Schwartz,1472,1734,No,2011-10-19,2025-09-10,https://fonts.google.com/specimen/Linden+Hill
857,Linefont,Display,,Symbols | Display,bold decorative headline attention-grabbing creative expressive  icon symbol emoji pictograph headline hero decorative large-text attention versatile multi-weight flexible variable variable-font responsive variable-weight variable-width,100 | 1000 | 200 | 300 | 400 | 500 | 600 | 700 | 800 | 900,wdth: - | wght: -,,Dmitry Ivanov,1826,1242,No,2023-09-26,2025-09-17,https://fonts.google.com/specimen/Linefont
858,Lisu Bosa,Serif,Serif,,elegant traditional classic refined literary editorial transitional oldstyle didone versatile multi-weight flexible italic english western european extended-latin european,200 | 200i | 300 | 300i | 400 | 400i | 500 | 500i | 600 | 600i | 700 | 700i | 800 | 800i | 900 | 900i,,latin | latin-ext | lisu,SIL International,1867,1962,No,2023-07-20,2025-05-30,https://fonts.google.com/specimen/Lisu+Bosa
859,Liter,Sans Serif,Sans Serif,,clean modern minimal professional readable neutral geometric humanist grotesque russian cyrillic slavic english western european extended-latin european,400,,cyrillic | latin | latin-ext,Anton Skugarov | Alexandr Ivanin,1421,565,No,2025-01-08,2025-06-25,https://fonts.google.com/specimen/Liter
860,Literata,Serif,Serif,,elegant traditional classic refined literary editorial transitional oldstyle didone versatile multi-weight flexible italic variable variable-font responsive variable-weight russian cyrillic slavic cyrillic extended greek greek extended english western european extended-latin european vietnamese multilingual international well-known common,200 | 200i | 300 | 300i | 400 | 400i | 500 | 500i | 600 | 600i | 700 | 700i | 800 | 800i | 900 | 900i,opsz: - | wght: -,cyrillic | cyrillic-ext | greek | greek-ext | latin | latin-ext | vietnamese,TypeTogether,265,1649,No,2018-12-06,2025-09-11,https://fonts.google.com/specimen/Literata
861,Liu Jian Mao Cao,Handwriting,,Handwriting | Display,personal casual friendly warm handwritten script organic  script cursive hand-drawn artistic informal headline hero decorative large-text attention chinese simplified mandarin english western european,400,,chinese-simplified | latin,Liu Zhengjiang | Kimberly Geswein | ZhongQi,1293,682,No,2019-03-17,2025-09-04,https://fonts.google.com/specimen/Liu+Jian+Mao+Cao
862,Livvic,Sans Serif,Sans Serif,,clean modern minimal professional readable neutral geometric humanist grotesque versatile multi-weight flexible italic english western european extended-latin european vietnamese,100 | 100i | 200 | 200i | 300 | 300i | 400 | 400i | 500 | 500i | 600 | 600i | 700 | 700i | 900 | 900i,,latin | latin-ext | vietnamese,LV= | Jacques Le Bailly,556,1006,No,2019-06-21,2025-09-16,https://fonts.google.com/specimen/Livvic
863,Lobster,Display,Sans Serif,Display,bold decorative headline attention-grabbing creative expressive geometric humanist grotesque headline hero decorative large-text attention russian cyrillic slavic cyrillic extended english western european extended-latin european vietnamese popular widely-used,400,,cyrillic | cyrillic-ext | latin | latin-ext | vietnamese,Impallari Type,115,1303,No,2010-05-17,2025-09-08,https://fonts.google.com/specimen/Lobster
864,Lobster Two,Display,Sans Serif,Display,bold decorative headline attention-grabbing creative expressive geometric humanist grotesque headline hero decorative large-text attention italic english western european popular widely-used,400 | 400i | 700 | 700i,,latin,Impallari Type,51,90,No,2011-06-21,2025-09-11,https://fonts.google.com/specimen/Lobster+Two
865,Londrina Outline,Display,Sans Serif,Display,bold decorative headline attention-grabbing creative expressive geometric humanist grotesque headline hero decorative large-text attention english western european,400,,latin,Marcelo Magalhães,1323,1724,No,2012-03-14,2025-09-08,https://fonts.google.com/specimen/Londrina+Outline
866,Londrina Shadow,Display,Sans Serif,Display,bold decorative headline attention-grabbing creative expressive geometric humanist grotesque headline hero decorative large-text attention english western european,400,,latin,Marcelo Magalhães,1462,2048,No,2012-03-14,2025-09-16,https://fonts.google.com/specimen/Londrina+Shadow
867,Londrina Sketch,Display,Sans Serif,Display,bold decorative headline attention-grabbing creative expressive geometric humanist grotesque headline hero decorative large-text attention english western european,400,,latin,Marcelo Magalhães,1459,143,No,2012-03-14,2025-09-08,https://fonts.google.com/specimen/Londrina+Sketch
868,Londrina Solid,Display,Sans Serif,Display,bold decorative headline attention-grabbing creative expressive geometric humanist grotesque headline hero decorative large-text attention english western european,100 | 300 | 400 | 900,,latin,Marcelo Magalhães,532,1982,No,2012-03-14,2025-09-16,https://fonts.google.com/specimen/Londrina+Solid
869,Long Cang,Handwriting,,Handwriting,personal casual friendly warm handwritten script organic  script cursive hand-drawn artistic informal chinese simplified mandarin english western european,400,,chinese-simplified | latin,Chen Xiaomin,1187,275,No,2019-03-17,2025-09-08,https://fonts.google.com/specimen/Long+Cang
870,Lora,Serif,Serif,,elegant traditional classic refined literary editorial transitional oldstyle didone italic variable variable-font responsive variable-weight russian cyrillic slavic cyrillic extended english western european extended-latin european vietnamese multilingual international top-popular trending most-used,400 | 400i | 500 | 500i | 600 | 600i | 700 | 700i,wght: -,cyrillic | cyrillic-ext | latin | latin-ext | math | symbols | vietnamese,Cyreal,39,1592,No,2011-07-06,2025-09-11,https://fonts.google.com/specimen/Lora
871,Love Light,Handwriting,,Handwriting | Display,personal casual friendly warm handwritten script organic  script cursive hand-drawn artistic informal headline hero decorative large-text attention english western european extended-latin european vietnamese,400,,latin | latin-ext | vietnamese,Robert Leuschke,1638,1841,No,2021-12-02,2025-09-04,https://fonts.google.com/specimen/Love+Light
872,Love Ya Like A Sister,Display,,Handwriting | Display,bold decorative headline attention-grabbing creative expressive  script cursive hand-drawn artistic informal headline hero decorative large-text attention english western european extended-latin european,400,,latin | latin-ext,Kimberly Geswein,747,1782,No,2011-07-06,2025-09-04,https://fonts.google.com/specimen/Love+Ya+Like+A+Sister
873,Loved by the King,Handwriting,,Handwriting | Display,personal casual friendly warm handwritten script organic  script cursive hand-drawn artistic informal headline hero decorative large-text attention english western european extended-latin european,400,,latin | latin-ext,Kimberly Geswein,1087,2173,No,2011-07-06,2025-09-04,https://fonts.google.com/specimen/Loved+by+the+King
874,Lovers Quarrel,Handwriting,,Handwriting | Display,personal casual friendly warm handwritten script organic  script cursive hand-drawn artistic informal headline hero decorative large-text attention english western european extended-latin european vietnamese,400,,latin | latin-ext | vietnamese,Robert Leuschke,1292,2248,No,2012-03-29,2025-09-08,https://fonts.google.com/specimen/Lovers+Quarrel
875,Luckiest Guy,Display,,Handwriting | Display,bold decorative headline attention-grabbing creative expressive  script cursive hand-drawn artistic informal headline hero decorative large-text attention english western european extended-latin european well-known common,400,,latin | latin-ext,Astigmatic,195,612,No,2011-01-06,2025-09-08,https://fonts.google.com/specimen/Luckiest+Guy
876,Lugrasimo,Handwriting,Serif,Handwriting,personal casual friendly warm handwritten script organic transitional oldstyle didone script cursive hand-drawn artistic informal english western european extended-latin european,400,,latin | latin-ext,The DocRepair Project | Astigmatic,1384,1950,No,2023-04-12,2025-06-02,https://fonts.google.com/specimen/Lugrasimo
877,Lumanosimo,Handwriting,Serif,Handwriting,personal casual friendly warm handwritten script organic transitional oldstyle didone script cursive hand-drawn artistic informal english western european extended-latin european,400,,latin | latin-ext,The DocRepair Project | Eduardo Tunni,1017,995,No,2023-04-12,2025-06-02,https://fonts.google.com/specimen/Lumanosimo
878,Lunasima,Sans Serif,Sans Serif,,clean modern minimal professional readable neutral geometric humanist grotesque russian cyrillic slavic cyrillic extended greek greek extended hebrew RTL israeli english western european extended-latin european vietnamese multilingual international,400 | 700,,cyrillic | cyrillic-ext | greek | greek-ext | hebrew | latin | latin-ext | vietnamese,The DocRepair Project | Google,1659,1707,No,2023-07-10,2025-05-30,https://fonts.google.com/specimen/Lunasima
879,Lusitana,Serif,Serif,,elegant traditional classic refined literary editorial transitional oldstyle didone english western european,400 | 700,,latin,Ana Paula Megda,357,441,No,2012-01-11,2025-09-08,https://fonts.google.com/specimen/Lusitana
880,Lustria,Serif,Serif,,elegant traditional classic refined literary editorial transitional oldstyle didone english western european,400,,latin,MADType,416,1736,No,2012-01-18,2025-09-11,https://fonts.google.com/specimen/Lustria
881,Luxurious Roman,Display,Serif,Display,bold decorative headline attention-grabbing creative expressive transitional oldstyle didone headline hero decorative large-text attention english western european extended-latin european vietnamese,400,,latin | latin-ext | vietnamese,Robert Leuschke,1502,1855,No,2021-11-18,2025-09-08,https://fonts.google.com/specimen/Luxurious+Roman
882,Luxurious Script,Handwriting,,Handwriting | Display,personal casual friendly warm handwritten script organic  script cursive hand-drawn artistic informal headline hero decorative large-text attention english western european extended-latin european vietnamese,400,,latin | latin-ext | vietnamese,Robert Leuschke,1335,2096,No,2021-11-02,2025-09-08,https://fonts.google.com/specimen/Luxurious+Script
883,M PLUS 1,Sans Serif,Sans Serif,,clean modern minimal professional readable neutral geometric humanist grotesque versatile multi-weight flexible variable variable-font responsive variable-weight japanese kanji hiragana katakana english western european extended-latin european vietnamese,100 | 200 | 300 | 400 | 500 | 600 | 700 | 800 | 900,wght: -,japanese | latin | latin-ext | vietnamese,Coji Morishita,372,1248,No,2021-08-25,2025-09-10,https://fonts.google.com/specimen/M+PLUS+1
884,M PLUS 1 Code,Monospace,,Monospace,code developer technical fixed-width terminal programming  mono fixed-width tabular data code versatile multi-weight flexible variable variable-font responsive variable-weight japanese kanji hiragana katakana english western european extended-latin european vietnamese,100 | 200 | 300 | 400 | 500 | 600 | 700,wght: -,japanese | latin | latin-ext | vietnamese,Coji Morishita,390,19,No,2021-09-21,2025-09-04,https://fonts.google.com/specimen/M+PLUS+1+Code
885,M PLUS 1p,Sans Serif,Sans Serif,,clean modern minimal professional readable neutral geometric humanist grotesque versatile multi-weight flexible russian cyrillic slavic cyrillic extended greek greek extended hebrew RTL israeli japanese kanji hiragana katakana english western european extended-latin european vietnamese multilingual international popular widely-used,100 | 300 | 400 | 500 | 700 | 800 | 900,,cyrillic | cyrillic-ext | greek | greek-ext | hebrew | japanese | latin | latin-ext | vietnamese,Coji Morishita | M+ Fonts Project,148,346,No,2017-06-12,2026-01-06,https://fonts.google.com/specimen/M+PLUS+1p
886,M PLUS 2,Sans Serif,Sans Serif,,clean modern minimal professional readable neutral geometric humanist grotesque versatile multi-weight flexible variable variable-font responsive variable-weight japanese kanji hiragana katakana english western european extended-latin european vietnamese,100 | 200 | 300 | 400 | 500 | 600 | 700 | 800 | 900,wght: -,japanese | latin | latin-ext | vietnamese,Coji Morishita,551,605,No,2021-08-25,2025-09-08,https://fonts.google.com/specimen/M+PLUS+2
887,M PLUS Code Latin,Sans Serif,Sans Serif,Monospace,clean modern minimal professional readable neutral geometric humanist grotesque mono fixed-width tabular data code versatile multi-weight flexible variable variable-font responsive variable-weight variable-width english western european extended-latin european vietnamese,100 | 200 | 300 | 400 | 500 | 600 | 700,wdth: - | wght: -,latin | latin-ext | vietnamese,Coji Morishita,1683,64,No,2021-09-21,2025-09-16,https://fonts.google.com/specimen/M+PLUS+Code+Latin
888,M PLUS Rounded 1c,Sans Serif,Sans Serif,,clean modern minimal professional readable neutral geometric humanist grotesque versatile multi-weight flexible russian cyrillic slavic cyrillic extended greek greek extended hebrew RTL israeli japanese kanji hiragana katakana english western european extended-latin european vietnamese multilingual international popular widely-used,100 | 300 | 400 | 500 | 700 | 800 | 900,,cyrillic | cyrillic-ext | greek | greek-ext | hebrew | japanese | latin | latin-ext | vietnamese,Coji Morishita | M+ Fonts Project,116,1620,No,2018-05-17,2026-01-06,https://fonts.google.com/specimen/M+PLUS+Rounded+1c
889,Ma Shan Zheng,Handwriting,,Handwriting,personal casual friendly warm handwritten script organic  script cursive hand-drawn artistic informal chinese simplified mandarin english western european,400,,chinese-simplified | latin,Ma ShanZheng,609,457,No,2019-03-17,2026-02-17,https://fonts.google.com/specimen/Ma+Shan+Zheng
890,Macondo,Display,,Display | Handwriting,bold decorative headline attention-grabbing creative expressive  headline hero decorative large-text attention script cursive hand-drawn artistic informal english western european,400,,latin,John Vargas Beltrán,368,1585,No,2012-01-18,2025-09-11,https://fonts.google.com/specimen/Macondo
891,Macondo Swash Caps,Display,,Handwriting | Display,bold decorative headline attention-grabbing creative expressive  script cursive hand-drawn artistic informal headline hero decorative large-text attention english western european,400,,latin,John Vargas Beltrán,1198,1676,No,2012-01-18,2025-09-08,https://fonts.google.com/specimen/Macondo+Swash+Caps
892,Mada,Sans Serif,Sans Serif,,clean modern minimal professional readable neutral geometric humanist grotesque versatile multi-weight flexible variable variable-font responsive variable-weight arabic RTL middle-east english western european extended-latin european,200 | 300 | 400 | 500 | 600 | 700 | 800 | 900,wght: -,arabic | latin | latin-ext,Khaled Hosny | Paul D. Hunt,432,1673,No,2017-07-26,2025-09-04,https://fonts.google.com/specimen/Mada
893,Madimi One,Sans Serif,Sans Serif,Display,clean modern minimal professional readable neutral geometric humanist grotesque headline hero decorative large-text attention english western european extended-latin european,400,,latin | latin-ext | math | symbols,Taurai Valerie Mtake | Mirko Velimirović,992,828,No,2024-02-26,2025-05-30,https://fonts.google.com/specimen/Madimi+One
894,Magra,Sans Serif,Sans Serif,,clean modern minimal professional readable neutral geometric humanist grotesque english western european extended-latin european,400 | 700,,latin | latin-ext,FontFuror,851,1814,No,2012-01-11,2025-09-08,https://fonts.google.com/specimen/Magra
895,Maiden Orange,Serif,Slab Serif,Display,elegant traditional classic refined literary editorial slab mechanical sturdy strong headline hero decorative large-text attention english western european extended-latin european,400,,latin | latin-ext,Astigmatic,1125,997,No,2010-12-20,2025-09-08,https://fonts.google.com/specimen/Maiden+Orange
896,Maitree,Serif,Serif,,elegant traditional classic refined literary editorial transitional oldstyle didone versatile multi-weight flexible english western european extended-latin european thai southeast-asia vietnamese,200 | 300 | 400 | 500 | 600 | 700,,latin | latin-ext | thai | vietnamese,Cadson Demak,726,531,No,2016-06-15,2025-09-11,https://fonts.google.com/specimen/Maitree
897,Major Mono Display,Monospace,Sans Serif,Monospace | Display,code developer technical fixed-width terminal programming geometric humanist grotesque mono fixed-width tabular data code headline hero decorative large-text attention english western european extended-latin european vietnamese,400,,latin | latin-ext | vietnamese,Emre Parlak,612,544,No,2018-12-11,2025-09-02,https://fonts.google.com/specimen/Major+Mono+Display
898,Mako,Sans Serif,Sans Serif,,clean modern minimal professional readable neutral geometric humanist grotesque english western european extended-latin european,400,,latin | latin-ext,Vernon Adams,975,930,No,2011-05-11,2025-05-30,https://fonts.google.com/specimen/Mako
899,Mali,Handwriting,,Handwriting,personal casual friendly warm handwritten script organic  script cursive hand-drawn artistic informal versatile multi-weight flexible italic english western european extended-latin european thai southeast-asia vietnamese,200 | 200i | 300 | 300i | 400 | 400i | 500 | 500i | 600 | 600i | 700 | 700i,,latin | latin-ext | thai | vietnamese,Cadson Demak,573,1465,No,2018-09-10,2025-09-08,https://fonts.google.com/specimen/Mali
900,Mallanna,Sans Serif,Sans Serif,,clean modern minimal professional readable neutral geometric humanist grotesque english western european telugu indian,400,,latin | telugu,Purushoth Kumar Guttula,810,368,No,2014-12-10,2025-09-10,https://fonts.google.com/specimen/Mallanna
901,Maname,Serif,Serif,,elegant traditional classic refined literary editorial transitional oldstyle didone english western european extended-latin european sinhala sri-lankan vietnamese,400,,latin | latin-ext | sinhala | vietnamese,Pathum Egodawatta | Mooniak,1897,508,No,2024-07-04,2025-05-30,https://fonts.google.com/specimen/Maname
902,Mandali,Sans Serif,Sans Serif,,clean modern minimal professional readable neutral geometric humanist grotesque english western european telugu indian,400,,latin | telugu,Purushoth Kumar Guttula,583,569,No,2014-12-10,2025-09-10,https://fonts.google.com/specimen/Mandali
903,Manjari,Sans Serif,Sans Serif,Display,clean modern minimal professional readable neutral geometric humanist grotesque headline hero decorative large-text attention english western european extended-latin european malayalam indian,100 | 400 | 700,,latin | latin-ext | malayalam,Santhosh Thottingal,845,1490,No,2018-11-21,2025-09-11,https://fonts.google.com/specimen/Manjari
904,Manrope,Sans Serif,Sans Serif,,clean modern minimal professional readable neutral geometric humanist grotesque versatile multi-weight flexible variable variable-font responsive variable-weight russian cyrillic slavic cyrillic extended greek english western european extended-latin european vietnamese multilingual international top-popular trending most-used,200 | 300 | 400 | 500 | 600 | 700 | 800,wght: -,cyrillic | cyrillic-ext | greek | latin | latin-ext | vietnamese,Mikhail Sharanda,38,871,No,2019-10-02,2025-09-04,https://fonts.google.com/specimen/Manrope
905,Mansalva,Handwriting,Sans Serif,Display,personal casual friendly warm handwritten script organic geometric humanist grotesque headline hero decorative large-text attention greek english western european extended-latin european vietnamese,400,,greek | latin | latin-ext | vietnamese,Carolina Short,880,1647,No,2019-08-29,2025-09-16,https://fonts.google.com/specimen/Mansalva
906,Manuale,Serif,Serif,,elegant traditional classic refined literary editorial transitional oldstyle didone versatile multi-weight flexible italic variable variable-font responsive variable-weight english western european extended-latin european vietnamese,300 | 300i | 400 | 400i | 500 | 500i | 600 | 600i | 700 | 700i | 800 | 800i,wght: -,latin | latin-ext | vietnamese,Omnibus-Type,1129,104,No,2017-07-31,2025-09-10,https://fonts.google.com/specimen/Manuale
907,Manufacturing Consent,Display,,Display,bold decorative headline attention-grabbing creative expressive  headline hero decorative large-text attention english western european extended-latin european,400,,latin | latin-ext,Fredrick Brennan,1554,1575,No,2025-06-23,2025-06-25,https://fonts.google.com/specimen/Manufacturing+Consent
908,Marcellus,Serif,Serif,,elegant traditional classic refined literary editorial transitional oldstyle didone english western european extended-latin european well-known common,400,,latin | latin-ext,Astigmatic,176,1596,No,2012-05-09,2025-09-11,https://fonts.google.com/specimen/Marcellus
909,Marcellus SC,Serif,Serif,,elegant traditional classic refined literary editorial transitional oldstyle didone english western european extended-latin european,400,,latin | latin-ext,Astigmatic,587,1768,No,2012-05-09,2025-09-02,https://fonts.google.com/specimen/Marcellus+SC
910,Marck Script,Handwriting,,Display | Handwriting,personal casual friendly warm handwritten script organic  headline hero decorative large-text attention script cursive hand-drawn artistic informal russian cyrillic slavic english western european extended-latin european,400,,cyrillic | latin | latin-ext,Denis Masharov,464,872,No,2011-10-12,2025-09-10,https://fonts.google.com/specimen/Marck+Script
911,Margarine,Display,Sans Serif,Display,bold decorative headline attention-grabbing creative expressive geometric humanist grotesque headline hero decorative large-text attention english western european extended-latin european,400,,latin | latin-ext,Astigmatic,1303,1381,No,2012-11-16,2025-09-16,https://fonts.google.com/specimen/Margarine
912,Marhey,Display,Sans Serif,Display,bold decorative headline attention-grabbing creative expressive geometric humanist grotesque headline hero decorative large-text attention variable variable-font responsive variable-weight arabic RTL middle-east english western european extended-latin european,300 | 400 | 500 | 600 | 700,wght: -,arabic | latin | latin-ext,Nur Syamsi | Bustanul Arifin,1347,1321,No,2022-10-06,2025-09-08,https://fonts.google.com/specimen/Marhey
913,Markazi Text,Serif,Serif,,elegant traditional classic refined literary editorial transitional oldstyle didone variable variable-font responsive variable-weight arabic RTL middle-east english western european extended-latin european vietnamese,400 | 500 | 600 | 700,wght: -,arabic | latin | latin-ext | vietnamese,Borna Izadpanah | Florian Runge | Fiona Ross,759,1227,No,2018-06-05,2025-09-04,https://fonts.google.com/specimen/Markazi+Text
914,Marko One,Serif,Serif,,elegant traditional classic refined literary editorial transitional oldstyle didone english western european,400,,latin,Cyreal,1478,1687,No,2011-12-13,2025-09-16,https://fonts.google.com/specimen/Marko+One
915,Marmelad,Sans Serif,Sans Serif,,clean modern minimal professional readable neutral geometric humanist grotesque russian cyrillic slavic cyrillic extended english western european extended-latin european vietnamese,400,,cyrillic | cyrillic-ext | latin | latin-ext | vietnamese,Cyreal | Manvel Shmavonyan,744,984,No,2011-12-07,2025-09-11,https://fonts.google.com/specimen/Marmelad
916,Martel,Serif,Serif,,elegant traditional classic refined literary editorial transitional oldstyle didone versatile multi-weight flexible hindi devanagari indian english western european extended-latin european well-known common,200 | 300 | 400 | 600 | 700 | 800 | 900,,devanagari | latin | latin-ext,Dan Reynolds,284,1930,No,2015-04-20,2025-09-04,https://fonts.google.com/specimen/Martel
917,Martel Sans,Sans Serif,Sans Serif,,clean modern minimal professional readable neutral geometric humanist grotesque versatile multi-weight flexible hindi devanagari indian english western european extended-latin european,200 | 300 | 400 | 600 | 700 | 800 | 900,,devanagari | latin | latin-ext,Dan Reynolds | Mathieu Réguer,482,1405,No,2015-03-04,2025-09-04,https://fonts.google.com/specimen/Martel+Sans
918,Martian Mono,Monospace,,Monospace,code developer technical fixed-width terminal programming  mono fixed-width tabular data code versatile multi-weight flexible variable variable-font responsive variable-weight variable-width russian cyrillic slavic cyrillic extended english western european extended-latin european,100 | 200 | 300 | 400 | 500 | 600 | 700 | 800,wdth: - | wght: -,cyrillic | cyrillic-ext | latin | latin-ext,Roman Shamin | Evil Martians,1011,1508,No,2022-11-25,2025-09-16,https://fonts.google.com/specimen/Martian+Mono
919,Marvel,Sans Serif,Sans Serif,Display,clean modern minimal professional readable neutral geometric humanist grotesque headline hero decorative large-text attention italic english western european,400 | 400i | 700 | 700i,,latin,Carolina Trebol,795,599,No,2011-08-03,2025-06-02,https://fonts.google.com/specimen/Marvel
920,Matangi,Sans Serif,Sans Serif,,clean modern minimal professional readable neutral geometric humanist grotesque versatile multi-weight flexible variable variable-font responsive variable-weight hindi devanagari indian english western european extended-latin european,300 | 400 | 500 | 600 | 700 | 800 | 900,wght: -,devanagari | latin | latin-ext,The Graphic Ant,1899,1791,No,2025-04-28,2025-08-26,https://fonts.google.com/specimen/Matangi
921,Mate,Serif,Serif,Display,elegant traditional classic refined literary editorial transitional oldstyle didone headline hero decorative large-text attention italic english western european extended-latin european,400 | 400i,,latin | latin-ext,Eduardo Tunni,653,1462,No,2011-11-02,2025-09-10,https://fonts.google.com/specimen/Mate
922,Mate SC,Serif,Serif,,elegant traditional classic refined literary editorial transitional oldstyle didone english western european extended-latin european,400,,latin | latin-ext,Eduardo Tunni,1260,575,No,2011-11-02,2025-09-04,https://fonts.google.com/specimen/Mate+SC
923,Matemasie,Sans Serif,Sans Serif,Display,clean modern minimal professional readable neutral geometric humanist grotesque headline hero decorative large-text attention english western european extended-latin european,400,,latin | latin-ext,Adam Yeo,1663,562,No,2024-08-06,2025-05-30,https://fonts.google.com/specimen/Matemasie
924,Maven Pro,Sans Serif,Sans Serif,,clean modern minimal professional readable neutral geometric humanist grotesque versatile multi-weight flexible variable variable-font responsive variable-weight english western european extended-latin european vietnamese well-known common,400 | 500 | 600 | 700 | 800 | 900,wght: -,latin | latin-ext | vietnamese,Joe Prince,160,865,No,2011-05-25,2025-09-02,https://fonts.google.com/specimen/Maven+Pro
925,McLaren,Display,Sans Serif,Display,bold decorative headline attention-grabbing creative expressive geometric humanist grotesque headline hero decorative large-text attention english western european extended-latin european,400,,latin | latin-ext,Astigmatic,678,172,No,2012-08-13,2025-09-10,https://fonts.google.com/specimen/McLaren
926,Mea Culpa,Handwriting,,Display | Handwriting,personal casual friendly warm handwritten script organic  headline hero decorative large-text attention script cursive hand-drawn artistic informal english western european extended-latin european vietnamese,400,,latin | latin-ext | vietnamese,Robert Leuschke,1357,779,No,2021-12-02,2025-09-10,https://fonts.google.com/specimen/Mea+Culpa
927,Meddon,Handwriting,,Handwriting | Display,personal casual friendly warm handwritten script organic  script cursive hand-drawn artistic informal headline hero decorative large-text attention english western european extended-latin european,400,,latin | latin-ext,Vernon Adams,794,815,No,2011-02-02,2025-09-04,https://fonts.google.com/specimen/Meddon
928,MedievalSharp,Display,,Display | Handwriting,bold decorative headline attention-grabbing creative expressive  headline hero decorative large-text attention script cursive hand-drawn artistic informal english western european extended-latin european,400,,latin | latin-ext,Wojciech Kalinowski,862,644,No,2011-03-02,2025-09-10,https://fonts.google.com/specimen/MedievalSharp
929,Medula One,Display,,Display,bold decorative headline attention-grabbing creative expressive  headline hero decorative large-text attention english western european,400,,latin,LatinoType,1199,2039,No,2011-12-19,2025-09-10,https://fonts.google.com/specimen/Medula+One
930,Meera Inimai,Sans Serif,Sans Serif,,clean modern minimal professional readable neutral geometric humanist grotesque english western european tamil indian,400,,latin | tamil,SMC,1444,1500,No,2016-05-31,2025-09-04,https://fonts.google.com/specimen/Meera+Inimai
931,Megrim,Display,,Display,bold decorative headline attention-grabbing creative expressive  headline hero decorative large-text attention english western european extended-latin european,400,,latin | latin-ext,Daniel Johnson,768,358,No,2011-05-04,2025-09-10,https://fonts.google.com/specimen/Megrim
932,Meie Script,Handwriting,,Handwriting,personal casual friendly warm handwritten script organic  script cursive hand-drawn artistic informal english western european extended-latin european,400,,latin | latin-ext,Johan Kallas | Mihkel Virkus,935,2022,No,2012-08-21,2025-09-11,https://fonts.google.com/specimen/Meie+Script
933,Menbere,Sans Serif,Sans Serif,,clean modern minimal professional readable neutral geometric humanist grotesque versatile multi-weight flexible variable variable-font responsive variable-weight ethiopic amharic english western european extended-latin european vietnamese,100 | 200 | 300 | 400 | 500 | 600 | 700,wght: -,ethiopic | latin | latin-ext | vietnamese,Aleme Tadesse | Sorkin Type | Eben Sorkin,1782,67,No,2025-06-23,2025-06-25,https://fonts.google.com/specimen/Menbere
934,Meow Script,Handwriting,,Handwriting,personal casual friendly warm handwritten script organic  script cursive hand-drawn artistic informal english western european extended-latin european vietnamese,400,,latin | latin-ext | vietnamese,Robert Leuschke,893,343,No,2021-11-02,2025-09-11,https://fonts.google.com/specimen/Meow+Script
935,Merienda,Handwriting,,Handwriting,personal casual friendly warm handwritten script organic  script cursive hand-drawn artistic informal versatile multi-weight flexible variable variable-font responsive variable-weight english western european extended-latin european vietnamese,300 | 400 | 500 | 600 | 700 | 800 | 900,wght: -,latin | latin-ext | vietnamese,Eduardo Tunni,362,676,No,2012-10-31,2025-09-16,https://fonts.google.com/specimen/Merienda
936,Merriweather,Serif,Serif,,elegant traditional classic refined literary editorial transitional oldstyle didone versatile multi-weight flexible italic variable variable-font responsive variable-weight variable-width russian cyrillic slavic cyrillic extended english western european extended-latin european vietnamese top-popular trending most-used,300 | 300i | 400 | 400i | 500 | 500i | 600 | 600i | 700 | 700i | 800 | 800i | 900 | 900i,opsz: - | wdth: - | wght: -,cyrillic | cyrillic-ext | latin | latin-ext | vietnamese,Sorkin Type,32,1184,No,2011-05-11,2025-09-02,https://fonts.google.com/specimen/Merriweather
937,Merriweather Sans,Sans Serif,Sans Serif,,clean modern minimal professional readable neutral geometric humanist grotesque versatile multi-weight flexible italic variable variable-font responsive variable-weight cyrillic extended english western european extended-latin european vietnamese popular widely-used,300 | 300i | 400 | 400i | 500 | 500i | 600 | 600i | 700 | 700i | 800 | 800i,wght: -,cyrillic-ext | latin | latin-ext | vietnamese,Sorkin Type,135,471,No,2013-03-06,2025-09-16,https://fonts.google.com/specimen/Merriweather+Sans
938,Metal,Display,Serif,Display,bold decorative headline attention-grabbing creative expressive transitional oldstyle didone headline hero decorative large-text attention khmer cambodian english western european,400,,khmer | latin,Danh Hong,1481,2272,No,2011-03-02,2025-09-11,https://fonts.google.com/specimen/Metal
939,Metal Mania,Display,,Display,bold decorative headline attention-grabbing creative expressive  headline hero decorative large-text attention english western european extended-latin european,400,,latin | latin-ext,Open Window,1070,450,No,2012-07-11,2025-09-16,https://fonts.google.com/specimen/Metal+Mania
940,Metamorphous,Display,Serif,Display,bold decorative headline attention-grabbing creative expressive transitional oldstyle didone headline hero decorative large-text attention english western european extended-latin european,400,,latin | latin-ext,James Grieshaber,855,1471,No,2011-12-07,2025-09-08,https://fonts.google.com/specimen/Metamorphous
941,Metrophobic,Sans Serif,Sans Serif,,clean modern minimal professional readable neutral geometric humanist grotesque english western european extended-latin european vietnamese,400,,latin | latin-ext | vietnamese,Vernon Adams,575,439,No,2011-05-11,2025-09-11,https://fonts.google.com/specimen/Metrophobic
942,Michroma,Sans Serif,Sans Serif,Display,clean modern minimal professional readable neutral geometric humanist grotesque headline hero decorative large-text attention english western european extended-latin european,400,,latin | latin-ext,Vernon Adams,487,1721,No,2011-03-30,2025-09-04,https://fonts.google.com/specimen/Michroma
943,Micro 5,Display,Sans Serif,Display,bold decorative headline attention-grabbing creative expressive geometric humanist grotesque headline hero decorative large-text attention english western european extended-latin european,400,,latin | latin-ext | math | symbols,Sarah Cadigan-Fried,1441,2102,No,2024-02-14,2025-05-30,https://fonts.google.com/specimen/Micro+5
944,Micro 5 Charted,Display,Sans Serif,Display,bold decorative headline attention-grabbing creative expressive geometric humanist grotesque headline hero decorative large-text attention english western european extended-latin european,400,,latin | latin-ext | math | symbols,Sarah Cadigan-Fried,1943,295,No,2024-04-10,2025-05-30,https://fonts.google.com/specimen/Micro+5+Charted
945,Milonga,Display,Serif,Display,bold decorative headline attention-grabbing creative expressive transitional oldstyle didone headline hero decorative large-text attention english western european extended-latin european,400,,latin | latin-ext,Impallari Type,1015,1688,No,2012-11-30,2025-09-10,https://fonts.google.com/specimen/Milonga
946,Miltonian,Display,Serif,Display,bold decorative headline attention-grabbing creative expressive transitional oldstyle didone headline hero decorative large-text attention english western european,400,,latin,Impallari Type,1235,1311,No,2011-04-06,2025-09-16,https://fonts.google.com/specimen/Miltonian
947,Miltonian Tattoo,Display,Serif,Display,bold decorative headline attention-grabbing creative expressive transitional oldstyle didone headline hero decorative large-text attention english western european,400,,latin,Impallari Type,1177,674,No,2011-04-06,2025-09-10,https://fonts.google.com/specimen/Miltonian+Tattoo
948,Mina,Sans Serif,Sans Serif,,clean modern minimal professional readable neutral geometric humanist grotesque bengali bangladeshi indian english western european extended-latin european,400 | 700,,bengali | latin | latin-ext,Suman Bhandary | Natanael Gama | Mooniak,971,2014,No,2018-02-28,2025-09-08,https://fonts.google.com/specimen/Mina
949,Mingzat,Sans Serif,Sans Serif,,clean modern minimal professional readable neutral geometric humanist grotesque english western european extended-latin european,400,,latin | latin-ext | lepcha,SIL International,1770,1246,No,2022-05-25,2025-09-04,https://fonts.google.com/specimen/Mingzat
950,Miniver,Display,,Display | Handwriting,bold decorative headline attention-grabbing creative expressive  headline hero decorative large-text attention script cursive hand-drawn artistic informal english western european,400,,latin,Open Window,1205,2040,No,2011-12-19,2025-09-16,https://fonts.google.com/specimen/Miniver
951,Miriam Libre,Sans Serif,Sans Serif,,clean modern minimal professional readable neutral geometric humanist grotesque variable variable-font responsive variable-weight hebrew RTL israeli english western european extended-latin european,400 | 500 | 600 | 700,wght: -,hebrew | latin | latin-ext,Michal Sahar,825,549,No,2016-06-20,2025-09-04,https://fonts.google.com/specimen/Miriam+Libre
952,Mirza,Serif,Serif,,elegant traditional classic refined literary editorial transitional oldstyle didone arabic RTL middle-east english western european extended-latin european,400 | 500 | 600 | 700,,arabic | latin | latin-ext,KB Studio,876,150,No,2016-06-15,2025-09-08,https://fonts.google.com/specimen/Mirza
953,Miss Fajardose,Handwriting,,Handwriting,personal casual friendly warm handwritten script organic  script cursive hand-drawn artistic informal english western european extended-latin european,400,,latin | latin-ext,Sudtipos,1518,1295,No,2011-11-30,2025-09-04,https://fonts.google.com/specimen/Miss+Fajardose
954,Mitr,Sans Serif,Sans Serif,,clean modern minimal professional readable neutral geometric humanist grotesque versatile multi-weight flexible english western european extended-latin european thai southeast-asia vietnamese well-known common,200 | 300 | 400 | 500 | 600 | 700,,latin | latin-ext | thai | vietnamese,Cadson Demak,288,152,No,2016-06-15,2025-09-10,https://fonts.google.com/specimen/Mitr
955,Mochiy Pop One,Sans Serif,Sans Serif,Display,clean modern minimal professional readable neutral geometric humanist grotesque headline hero decorative large-text attention japanese kanji hiragana katakana english western european,400,,japanese | latin,FONTDASU,760,1955,No,2021-04-14,2025-09-08,https://fonts.google.com/specimen/Mochiy+Pop+One
956,Mochiy Pop P One,Sans Serif,Sans Serif,Display,clean modern minimal professional readable neutral geometric humanist grotesque headline hero decorative large-text attention japanese kanji hiragana katakana english western european,400,,japanese | latin,FONTDASU,1090,1760,No,2021-04-14,2025-09-02,https://fonts.google.com/specimen/Mochiy+Pop+P+One
957,Modak,Display,,Display,bold decorative headline attention-grabbing creative expressive  headline hero decorative large-text attention hindi devanagari indian english western european extended-latin european,400,,devanagari | latin | latin-ext,Ek Type,912,225,No,2015-02-18,2025-09-11,https://fonts.google.com/specimen/Modak
958,Modern Antiqua,Display,Serif,Display,bold decorative headline attention-grabbing creative expressive transitional oldstyle didone headline hero decorative large-text attention english western european extended-latin european,400,,latin | latin-ext,Wojciech Kalinowski,1039,383,No,2011-07-13,2025-09-08,https://fonts.google.com/specimen/Modern+Antiqua
959,Moderustic,Sans Serif,Sans Serif,,clean modern minimal professional readable neutral geometric humanist grotesque versatile multi-weight flexible variable variable-font responsive variable-weight russian cyrillic slavic cyrillic extended greek english western european extended-latin european,300 | 400 | 500 | 600 | 700 | 800,wght: -,cyrillic | cyrillic-ext | greek | latin | latin-ext,Tural Alisoy,1558,1678,No,2024-08-06,2025-09-10,https://fonts.google.com/specimen/Moderustic
960,Mogra,Display,,Display,bold decorative headline attention-grabbing creative expressive  headline hero decorative large-text attention gujarati indian english western european extended-latin european,400,,gujarati | latin | latin-ext,Lipi Raval,1401,303,No,2016-06-15,2025-09-11,https://fonts.google.com/specimen/Mogra
961,Mohave,Sans Serif,Sans Serif,,clean modern minimal professional readable neutral geometric humanist grotesque italic variable variable-font responsive variable-weight english western european extended-latin european,300 | 300i | 400 | 400i | 500 | 500i | 600 | 600i | 700 | 700i,wght: -,latin | latin-ext,Gumpita Rahayu,1117,832,No,2020-01-23,2025-09-04,https://fonts.google.com/specimen/Mohave
962,Moirai One,Display,,Display,bold decorative headline attention-grabbing creative expressive  headline hero decorative large-text attention korean hangul english western european extended-latin european,400,,korean | latin | latin-ext,Jiyeon Park | JAMO,1793,1978,No,2023-06-05,2026-03-03,https://fonts.google.com/specimen/Moirai+One
963,Molengo,Sans Serif,Sans Serif,,clean modern minimal professional readable neutral geometric humanist grotesque english western european extended-latin european,400,,latin | latin-ext,Denis Jacquerye,914,796,No,2010-04-19,2025-09-16,https://fonts.google.com/specimen/Molengo
964,Molle,Handwriting,,Handwriting | Display,personal casual friendly warm handwritten script organic  script cursive hand-drawn artistic informal headline hero decorative large-text attention italic english western european extended-latin european,400i,,latin | latin-ext,Elena Albertoni,1581,1367,No,2012-09-18,2025-09-04,https://fonts.google.com/specimen/Molle
965,Momo Signature,Sans Serif,Sans Serif,Handwriting,clean modern minimal professional readable neutral geometric humanist grotesque script cursive hand-drawn artistic informal english western european extended-latin european vietnamese,400,,latin | latin-ext | vietnamese,Type Associates,1312,403,No,2025-10-28,2025-10-29,https://fonts.google.com/specimen/Momo+Signature
966,Momo Trust Display,Sans Serif,Sans Serif,Display,clean modern minimal professional readable neutral geometric humanist grotesque headline hero decorative large-text attention english western european extended-latin european vietnamese,400,,latin | latin-ext | vietnamese,Type Associates,1557,283,No,2025-10-28,2025-10-29,https://fonts.google.com/specimen/Momo+Trust+Display
967,Momo Trust Sans,Sans Serif,Sans Serif,,clean modern minimal professional readable neutral geometric humanist grotesque versatile multi-weight flexible variable variable-font responsive variable-weight english western european extended-latin european vietnamese,200 | 300 | 400 | 500 | 600 | 700 | 800,wght: -,latin | latin-ext | vietnamese,Type Associates,1614,244,No,2025-10-28,2025-11-20,https://fonts.google.com/specimen/Momo+Trust+Sans
968,Mona Sans,Sans Serif,Sans Serif,,clean modern minimal professional readable neutral geometric humanist grotesque versatile multi-weight flexible italic variable variable-font responsive variable-weight variable-width english western european extended-latin european vietnamese,200 | 200i | 300 | 300i | 400 | 400i | 500 | 500i | 600 | 600i | 700 | 700i | 800 | 800i | 900 | 900i,wdth: - | wght: -,latin | latin-ext | vietnamese,Tobias Bjerrome Ahlin | Github | Degarism Studio | Sebastian Carewe,448,452,No,2024-11-04,2025-09-04,https://fonts.google.com/specimen/Mona+Sans
969,Monda,Sans Serif,Sans Serif,,clean modern minimal professional readable neutral geometric humanist grotesque variable variable-font responsive variable-weight english western european extended-latin european vietnamese,400 | 500 | 600 | 700,wght: -,latin | latin-ext | vietnamese,Vernon Adams,370,108,No,2012-11-30,2025-09-11,https://fonts.google.com/specimen/Monda
970,Monofett,Monospace,,Monospace,code developer technical fixed-width terminal programming  mono fixed-width tabular data code english western european extended-latin european,400,,latin | latin-ext,Vernon Adams,1077,1761,No,2011-05-04,2025-09-08,https://fonts.google.com/specimen/Monofett
971,Monomakh,Display,,Display,bold decorative headline attention-grabbing creative expressive  headline hero decorative large-text attention russian cyrillic slavic cyrillic extended english western european extended-latin european,400,,cyrillic | cyrillic-ext | latin | latin-ext,Aleksandr Andreev | Nikita Simmons,1509,420,No,2025-02-11,2025-05-30,https://fonts.google.com/specimen/Monomakh
972,Monomaniac One,Sans Serif,Sans Serif,Display,clean modern minimal professional readable neutral geometric humanist grotesque headline hero decorative large-text attention japanese kanji hiragana katakana english western european extended-latin european,400,,japanese | latin | latin-ext,Maniackers Design,848,2114,No,2020-12-08,2025-09-16,https://fonts.google.com/specimen/Monomaniac+One
973,Monoton,Display,Sans Serif,Display,bold decorative headline attention-grabbing creative expressive geometric humanist grotesque headline hero decorative large-text attention english western european extended-latin european,400,,latin | latin-ext,Vernon Adams,383,2087,No,2011-08-24,2025-09-16,https://fonts.google.com/specimen/Monoton
974,Monsieur La Doulaise,Handwriting,,Handwriting | Display,personal casual friendly warm handwritten script organic  script cursive hand-drawn artistic informal headline hero decorative large-text attention english western european extended-latin european,400,,latin | latin-ext,Sudtipos,694,1856,No,2011-11-30,2025-09-08,https://fonts.google.com/specimen/Monsieur+La+Doulaise
975,Montaga,Serif,Serif,,elegant traditional classic refined literary editorial transitional oldstyle didone english western european,400,,latin,Alejandra Rodriguez,1141,1666,No,2012-01-18,2025-09-04,https://fonts.google.com/specimen/Montaga
976,Montagu Slab,Serif,Slab Serif,Display,elegant traditional classic refined literary editorial slab mechanical sturdy strong headline hero decorative large-text attention versatile multi-weight flexible variable variable-font responsive variable-weight english western european extended-latin european vietnamese,100 | 200 | 300 | 400 | 500 | 600 | 700,opsz: - | wght: -,latin | latin-ext | vietnamese,Florian Karsten,659,1793,No,2021-09-20,2025-09-04,https://fonts.google.com/specimen/Montagu+Slab
977,MonteCarlo,Handwriting,,Display | Handwriting,personal casual friendly warm handwritten script organic  headline hero decorative large-text attention script cursive hand-drawn artistic informal english western european extended-latin european vietnamese,400,,latin | latin-ext | vietnamese,Robert Leuschke,1005,1366,No,2021-05-14,2025-09-11,https://fonts.google.com/specimen/MonteCarlo
978,Montez,Handwriting,,Handwriting | Display,personal casual friendly warm handwritten script organic  script cursive hand-drawn artistic informal headline hero decorative large-text attention english western european extended-latin european,400,,latin | latin-ext,Astigmatic,965,1716,No,2011-08-17,2025-09-08,https://fonts.google.com/specimen/Montez
979,Montserrat,Sans Serif,Sans Serif,,clean modern minimal professional readable neutral geometric humanist grotesque versatile multi-weight flexible italic variable variable-font responsive variable-weight russian cyrillic slavic cyrillic extended english western european extended-latin european vietnamese top-popular trending most-used,100 | 100i | 200 | 200i | 300 | 300i | 400 | 400i | 500 | 500i | 600 | 600i | 700 | 700i | 800 | 800i | 900 | 900i,wght: -,cyrillic | cyrillic-ext | latin | latin-ext | vietnamese,Julieta Ulanovsky | Sol Matas | Juan Pablo del Peral | Jacques Le Bailly,8,1194,No,2011-12-13,2025-09-04,https://fonts.google.com/specimen/Montserrat
980,Montserrat Alternates,Sans Serif,Sans Serif,,clean modern minimal professional readable neutral geometric humanist grotesque versatile multi-weight flexible italic russian cyrillic slavic cyrillic extended english western european extended-latin european vietnamese well-known common,100 | 100i | 200 | 200i | 300 | 300i | 400 | 400i | 500 | 500i | 600 | 600i | 700 | 700i | 800 | 800i | 900 | 900i,,cyrillic | cyrillic-ext | latin | latin-ext | vietnamese,Julieta Ulanovsky | Sol Matas | Juan Pablo del Peral | Jacques Le Bailly,221,1439,No,2012-10-01,2025-09-04,https://fonts.google.com/specimen/Montserrat+Alternates
981,Montserrat Underline,Sans Serif,Sans Serif,,clean modern minimal professional readable neutral geometric humanist grotesque versatile multi-weight flexible italic variable variable-font responsive variable-weight russian cyrillic slavic cyrillic extended english western european extended-latin european vietnamese,100 | 100i | 200 | 200i | 300 | 300i | 400 | 400i | 500 | 500i | 600 | 600i | 700 | 700i | 800 | 800i | 900 | 900i,wght: -,cyrillic | cyrillic-ext | latin | latin-ext | vietnamese,Julieta Ulanovsky | Sol Matas | Juan Pablo del Peral | Jacques Le Bailly,1389,2166,No,2024-12-02,2025-09-04,https://fonts.google.com/specimen/Montserrat+Underline
982,Moo Lah Lah,Display,Sans Serif,Display,bold decorative headline attention-grabbing creative expressive geometric humanist grotesque headline hero decorative large-text attention english western european extended-latin european vietnamese,400,,latin | latin-ext | vietnamese,Robert Leuschke,1760,594,No,2021-11-26,2025-09-10,https://fonts.google.com/specimen/Moo+Lah+Lah
983,Mooli,Sans Serif,Sans Serif,,clean modern minimal professional readable neutral geometric humanist grotesque english western european extended-latin european,400,,latin | latin-ext,Vernon Adams,1223,280,No,2023-09-12,2025-05-30,https://fonts.google.com/specimen/Mooli
984,Moon Dance,Handwriting,,Display | Handwriting,personal casual friendly warm handwritten script organic  headline hero decorative large-text attention script cursive hand-drawn artistic informal english western european extended-latin european vietnamese,400,,latin | latin-ext | vietnamese,Robert Leuschke,1082,850,No,2021-11-18,2025-09-16,https://fonts.google.com/specimen/Moon+Dance
985,Moul,Display,Serif,Display,bold decorative headline attention-grabbing creative expressive transitional oldstyle didone headline hero decorative large-text attention khmer cambodian english western european,400,,khmer | latin,Danh Hong,1042,1859,No,2011-03-02,2025-09-16,https://fonts.google.com/specimen/Moul
986,Moulpali,Sans Serif,Sans Serif,,clean modern minimal professional readable neutral geometric humanist grotesque khmer cambodian english western european,400,,khmer | latin,Danh Hong,1729,1541,No,2011-03-02,2025-09-10,https://fonts.google.com/specimen/Moulpali
987,Mountains of Christmas,Display,Serif,Display,bold decorative headline attention-grabbing creative expressive transitional oldstyle didone headline hero decorative large-text attention english western european,400 | 700,,latin,Tart Workshop,752,771,No,2010-12-14,2025-09-08,https://fonts.google.com/specimen/Mountains+of+Christmas
988,Mouse Memoirs,Sans Serif,Sans Serif,Display,clean modern minimal professional readable neutral geometric humanist grotesque headline hero decorative large-text attention english western european extended-latin european,400,,latin | latin-ext,Astigmatic,785,856,No,2012-11-02,2025-09-16,https://fonts.google.com/specimen/Mouse+Memoirs
989,Mozilla Headline,Sans Serif,Sans Serif,,clean modern minimal professional readable neutral geometric humanist grotesque versatile multi-weight flexible variable variable-font responsive variable-weight variable-width english western european extended-latin european,200 | 300 | 400 | 500 | 600 | 700,wdth: - | wght: -,latin | latin-ext,Studio DRAMA,1568,1407,No,2025-07-28,2025-07-30,https://fonts.google.com/specimen/Mozilla+Headline
990,Mozilla Text,Sans Serif,Sans Serif,,clean modern minimal professional readable neutral geometric humanist grotesque versatile multi-weight flexible variable variable-font responsive variable-weight english western european extended-latin european,200 | 300 | 400 | 500 | 600 | 700,wght: -,latin | latin-ext,Studio DRAMA,1144,2126,No,2025-07-28,2025-07-30,https://fonts.google.com/specimen/Mozilla+Text
991,Mr Bedfort,Handwriting,,Handwriting,personal casual friendly warm handwritten script organic  script cursive hand-drawn artistic informal english western european extended-latin european,400,,latin | latin-ext,Sudtipos,1540,735,No,2012-01-11,2025-09-08,https://fonts.google.com/specimen/Mr+Bedfort
992,Mr Dafoe,Handwriting,,Handwriting,personal casual friendly warm handwritten script organic  script cursive hand-drawn artistic informal english western european extended-latin european,400,,latin | latin-ext,Sudtipos,433,1007,No,2011-11-30,2025-09-02,https://fonts.google.com/specimen/Mr+Dafoe
993,Mr De Haviland,Handwriting,,Handwriting,personal casual friendly warm handwritten script organic  script cursive hand-drawn artistic informal english western european extended-latin european,400,,latin | latin-ext,Sudtipos,899,1008,No,2011-11-30,2025-09-16,https://fonts.google.com/specimen/Mr+De+Haviland
994,Mrs Saint Delafield,Handwriting,,Handwriting,personal casual friendly warm handwritten script organic  script cursive hand-drawn artistic informal english western european extended-latin european,400,,latin | latin-ext,Sudtipos,520,1798,No,2012-01-11,2025-09-16,https://fonts.google.com/specimen/Mrs+Saint+Delafield
995,Mrs Sheppards,Handwriting,,Handwriting | Display,personal casual friendly warm handwritten script organic  script cursive hand-drawn artistic informal headline hero decorative large-text attention english western european extended-latin european,400,,latin | latin-ext,Sudtipos,1598,1278,No,2011-11-30,2025-09-08,https://fonts.google.com/specimen/Mrs+Sheppards
996,Ms Madi,Handwriting,,Handwriting,personal casual friendly warm handwritten script organic  script cursive hand-drawn artistic informal english western european extended-latin european vietnamese,400,,latin | latin-ext | vietnamese,Robert Leuschke,450,589,No,2022-03-23,2025-05-30,https://fonts.google.com/specimen/Ms+Madi
997,Mukta,Sans Serif,Sans Serif,,clean modern minimal professional readable neutral geometric humanist grotesque versatile multi-weight flexible hindi devanagari indian english western european extended-latin european popular widely-used,200 | 300 | 400 | 500 | 600 | 700 | 800,,devanagari | latin | latin-ext,Ek Type,104,1895,No,2017-01-26,2025-09-08,https://fonts.google.com/specimen/Mukta
998,Mukta Mahee,Sans Serif,Sans Serif,,clean modern minimal professional readable neutral geometric humanist grotesque versatile multi-weight flexible punjabi gurmukhi indian english western european extended-latin european,200 | 300 | 400 | 500 | 600 | 700 | 800,,gurmukhi | latin | latin-ext,Ek Type,937,486,No,2017-05-19,2025-09-04,https://fonts.google.com/specimen/Mukta+Mahee
999,Mukta Malar,Sans Serif,Sans Serif,,clean modern minimal professional readable neutral geometric humanist grotesque versatile multi-weight flexible english western european extended-latin european tamil indian,200 | 300 | 400 | 500 | 600 | 700 | 800,,latin | latin-ext | tamil,Ek Type,402,733,No,2017-02-13,2025-09-16,https://fonts.google.com/specimen/Mukta+Malar
1000,Mukta Vaani,Sans Serif,Sans Serif,,clean modern minimal professional readable neutral geometric humanist grotesque versatile multi-weight flexible gujarati indian english western european extended-latin european,200 | 300 | 400 | 500 | 600 | 700 | 800,,gujarati | latin | latin-ext,Ek Type,739,34,No,2016-06-15,2025-09-08,https://fonts.google.com/specimen/Mukta+Vaani
1001,Mulish,Sans Serif,Sans Serif,,clean modern minimal professional readable neutral geometric humanist grotesque versatile multi-weight flexible italic variable variable-font responsive variable-weight russian cyrillic slavic cyrillic extended english western european extended-latin european vietnamese top-popular trending most-used,1000 | 1000i | 200 | 200i | 300 | 300i | 400 | 400i | 500 | 500i | 600 | 600i | 700 | 700i | 800 | 800i | 900 | 900i,wght: -,cyrillic | cyrillic-ext | latin | latin-ext | vietnamese,Vernon Adams | Cyreal | Jacques Le Bailly,40,1298,No,2011-05-25,2025-09-08,https://fonts.google.com/specimen/Mulish
1002,Murecho,Sans Serif,Sans Serif,,clean modern minimal professional readable neutral geometric humanist grotesque versatile multi-weight flexible variable variable-font responsive variable-weight russian cyrillic slavic cyrillic extended greek japanese kanji hiragana katakana english western european extended-latin european multilingual international,100 | 200 | 300 | 400 | 500 | 600 | 700 | 800 | 900,wght: -,cyrillic | cyrillic-ext | greek | japanese | latin | latin-ext,Neil Summerour,570,2155,No,2021-10-27,2025-09-08,https://fonts.google.com/specimen/Murecho
1003,MuseoModerno,Display,Sans Serif,Display,bold decorative headline attention-grabbing creative expressive geometric humanist grotesque headline hero decorative large-text attention versatile multi-weight flexible italic variable variable-font responsive variable-weight english western european extended-latin european vietnamese,100 | 100i | 200 | 200i | 300 | 300i | 400 | 400i | 500 | 500i | 600 | 600i | 700 | 700i | 800 | 800i | 900 | 900i,wght: -,latin | latin-ext | vietnamese,Omnibus-Type,502,784,No,2020-05-17,2025-09-08,https://fonts.google.com/specimen/MuseoModerno
1004,My Soul,Handwriting,,Handwriting | Display,personal casual friendly warm handwritten script organic  script cursive hand-drawn artistic informal headline hero decorative large-text attention english western european extended-latin european vietnamese,400,,latin | latin-ext | vietnamese,Robert Leuschke,1316,114,No,2022-03-23,2025-09-04,https://fonts.google.com/specimen/My+Soul
1005,Mynerve,Handwriting,,Handwriting | Display,personal casual friendly warm handwritten script organic  script cursive hand-drawn artistic informal headline hero decorative large-text attention greek english western european extended-latin european vietnamese,400,,greek | latin | latin-ext | vietnamese,Carolina Short,1318,134,No,2023-01-03,2025-09-04,https://fonts.google.com/specimen/Mynerve
1006,Mystery Quest,Display,,Display,bold decorative headline attention-grabbing creative expressive  headline hero decorative large-text attention english western european extended-latin european,400,,latin | latin-ext,Sideshow,1249,1865,No,2012-02-29,2025-09-16,https://fonts.google.com/specimen/Mystery+Quest
1007,NTR,Sans Serif,Sans Serif,,clean modern minimal professional readable neutral geometric humanist grotesque english western european telugu indian,400,,latin | telugu,Purushoth Kumar Guttula,1064,2028,No,2014-12-10,2025-09-11,https://fonts.google.com/specimen/NTR
1008,Nabla,Display,,Display,bold decorative headline attention-grabbing creative expressive  headline hero decorative large-text attention variable variable-font responsive cyrillic extended english western european extended-latin european vietnamese,400,EDPT: - | EHLT: -,cyrillic-ext | latin | latin-ext | math | vietnamese,Arthur Reinders Folmer | Just van Rossum,1511,1971,No,2022-08-15,2025-09-16,https://fonts.google.com/specimen/Nabla
1009,Namdhinggo,Serif,Serif,,elegant traditional classic refined literary editorial transitional oldstyle didone english western european extended-latin european,400 | 500 | 600 | 700 | 800,,latin | latin-ext | limbu,SIL International,1903,2298,No,2024-02-14,2025-05-30,https://fonts.google.com/specimen/Namdhinggo
1010,Nanum Brush Script,Handwriting,,Handwriting,personal casual friendly warm handwritten script organic  script cursive hand-drawn artistic informal korean hangul english western european,400,,korean | latin,Sandoll Communication,531,250,No,2018-02-05,2025-09-08,https://fonts.google.com/specimen/Nanum+Brush+Script
1011,Nanum Gothic,Sans Serif,Sans Serif,,clean modern minimal professional readable neutral geometric humanist grotesque korean hangul english western european popular widely-used,400 | 700 | 800,,korean | latin,Sandoll Communication,86,688,No,2018-02-05,2025-05-30,https://fonts.google.com/specimen/Nanum+Gothic
1012,Nanum Gothic Coding,Handwriting,Sans Serif,Monospace,personal casual friendly warm handwritten script organic geometric humanist grotesque mono fixed-width tabular data code korean hangul english western european well-known common,400 | 700,,korean | latin,Sandoll Communication,236,163,No,2018-02-05,2025-09-10,https://fonts.google.com/specimen/Nanum+Gothic+Coding
1013,Nanum Myeongjo,Serif,Serif,,elegant traditional classic refined literary editorial transitional oldstyle didone korean hangul english western european well-known common,400 | 700 | 800,,korean | latin,Sandoll Communication,175,691,No,2018-02-05,2025-09-10,https://fonts.google.com/specimen/Nanum+Myeongjo
1014,Nanum Pen Script,Handwriting,,Handwriting,personal casual friendly warm handwritten script organic  script cursive hand-drawn artistic informal korean hangul english western european,400,,korean | latin,Sandoll Communication,408,361,No,2018-02-05,2025-05-30,https://fonts.google.com/specimen/Nanum+Pen+Script
1015,Narnoor,Sans Serif,Sans Serif,,clean modern minimal professional readable neutral geometric humanist grotesque english western european extended-latin european,400 | 500 | 600 | 700 | 800,,gunjala-gondi | latin | latin-ext | math | symbols,SIL International,1902,1878,No,2023-03-02,2025-06-25,https://fonts.google.com/specimen/Narnoor
1016,Nata Sans,Sans Serif,Sans Serif,,clean modern minimal professional readable neutral geometric humanist grotesque versatile multi-weight flexible variable variable-font responsive variable-weight russian cyrillic slavic cyrillic extended english western european extended-latin european vietnamese,100 | 200 | 300 | 400 | 500 | 600 | 700 | 800 | 900,wght: -,cyrillic | cyrillic-ext | latin | latin-ext | vietnamese,Daniel Uzquiano,1185,1645,No,2025-07-28,2025-07-30,https://fonts.google.com/specimen/Nata+Sans
1017,National Park,Sans Serif,Sans Serif,,clean modern minimal professional readable neutral geometric humanist grotesque versatile multi-weight flexible variable variable-font responsive variable-weight english western european extended-latin european vietnamese,200 | 300 | 400 | 500 | 600 | 700 | 800,wght: -,latin | latin-ext | vietnamese,Andrea Herstowski | Ben Hoepner | Jeremy Shellhorn,1485,80,No,2025-04-07,2025-09-11,https://fonts.google.com/specimen/National+Park
1018,Neonderthaw,Handwriting,,Display | Handwriting,personal casual friendly warm handwritten script organic  headline hero decorative large-text attention script cursive hand-drawn artistic informal english western european extended-latin european vietnamese,400,,latin | latin-ext | vietnamese,Robert Leuschke,1499,396,No,2021-11-18,2025-09-11,https://fonts.google.com/specimen/Neonderthaw
1019,Nerko One,Handwriting,,Handwriting,personal casual friendly warm handwritten script organic  script cursive hand-drawn artistic informal english western european extended-latin european,400,,latin | latin-ext,Nermin Kahrimanovic,1118,2025,No,2020-11-06,2025-09-16,https://fonts.google.com/specimen/Nerko+One
1020,Neucha,Handwriting,,Handwriting,personal casual friendly warm handwritten script organic  script cursive hand-drawn artistic informal russian cyrillic slavic english western european,400,,cyrillic | latin,Jovanny Lemonad,513,293,No,2010-09-21,2025-09-11,https://fonts.google.com/specimen/Neucha
1021,Neuton,Serif,Serif,Display,elegant traditional classic refined literary editorial transitional oldstyle didone headline hero decorative large-text attention italic english western european extended-latin european,200 | 300 | 400 | 400i | 700 | 800,,latin | latin-ext,Brian Zick,364,1160,No,2011-02-09,2025-09-16,https://fonts.google.com/specimen/Neuton
1022,New Amsterdam,Sans Serif,Sans Serif,,clean modern minimal professional readable neutral geometric humanist grotesque english western european extended-latin european,400,,latin | latin-ext,Vladimir Nikolic,1370,867,No,2024-08-09,2025-05-30,https://fonts.google.com/specimen/New+Amsterdam
1023,New Rocker,Display,,Display,bold decorative headline attention-grabbing creative expressive  headline hero decorative large-text attention english western european extended-latin european,400,,latin | latin-ext,Impallari Type,1085,2150,No,2012-11-30,2025-09-16,https://fonts.google.com/specimen/New+Rocker
1024,New Tegomin,Serif,Serif,,elegant traditional classic refined literary editorial transitional oldstyle didone japanese kanji hiragana katakana english western european extended-latin european,400,,japanese | latin | latin-ext,Kousuke Nagai,1455,1448,No,2020-12-13,2025-09-16,https://fonts.google.com/specimen/New+Tegomin
1025,News Cycle,Sans Serif,Sans Serif,,clean modern minimal professional readable neutral geometric humanist grotesque russian cyrillic slavic cyrillic extended greek greek extended english western european extended-latin european vietnamese multilingual international well-known common,400 | 700,,cyrillic | cyrillic-ext | greek | greek-ext | latin | latin-ext | vietnamese,Nathan Willis,216,158,No,2011-04-27,2025-09-16,https://fonts.google.com/specimen/News+Cycle
1026,Newsreader,Serif,Serif,,elegant traditional classic refined literary editorial transitional oldstyle didone versatile multi-weight flexible italic variable variable-font responsive variable-weight english western european extended-latin european vietnamese well-known common,200 | 200i | 300 | 300i | 400 | 400i | 500 | 500i | 600 | 600i | 700 | 700i | 800 | 800i,opsz: - | wght: -,latin | latin-ext | vietnamese,Production Type,210,797,No,2020-07-01,2025-09-08,https://fonts.google.com/specimen/Newsreader
1027,Niconne,Handwriting,,Handwriting,personal casual friendly warm handwritten script organic  script cursive hand-drawn artistic informal english western european extended-latin european,400,,latin | latin-ext,Vernon Adams,657,750,No,2011-11-23,2025-09-10,https://fonts.google.com/specimen/Niconne
1028,Niramit,Sans Serif,Sans Serif,,clean modern minimal professional readable neutral geometric humanist grotesque versatile multi-weight flexible italic english western european extended-latin european thai southeast-asia vietnamese,200 | 200i | 300 | 300i | 400 | 400i | 500 | 500i | 600 | 600i | 700 | 700i,,latin | latin-ext | thai | vietnamese,Cadson Demak,506,874,No,2018-09-10,2025-09-04,https://fonts.google.com/specimen/Niramit
1029,Nixie One,Display,,Display,bold decorative headline attention-grabbing creative expressive  headline hero decorative large-text attention english western european,400,,latin,Jovanny Lemonad,519,1219,No,2011-06-21,2025-09-10,https://fonts.google.com/specimen/Nixie+One
1030,Nobile,Sans Serif,Sans Serif,,clean modern minimal professional readable neutral geometric humanist grotesque italic russian cyrillic slavic english western european extended-latin european,400 | 400i | 500 | 500i | 700 | 700i,,cyrillic | latin | latin-ext,Vernon Adams,557,401,No,2010-05-10,2025-09-08,https://fonts.google.com/specimen/Nobile
1031,Nokora,Sans Serif,Sans Serif,,clean modern minimal professional readable neutral geometric humanist grotesque versatile multi-weight flexible variable variable-font responsive variable-weight khmer cambodian english western european,100 | 200 | 300 | 400 | 500 | 600 | 700 | 800 | 900,wght: -,khmer | latin,Danh Hong,773,263,No,2011-11-09,2025-09-16,https://fonts.google.com/specimen/Nokora
1032,Norican,Handwriting,,Handwriting,personal casual friendly warm handwritten script organic  script cursive hand-drawn artistic informal english western european extended-latin european,400,,latin | latin-ext,Vernon Adams,595,609,No,2012-02-08,2025-09-16,https://fonts.google.com/specimen/Norican
1033,Nosifer,Display,Sans Serif,Display,bold decorative headline attention-grabbing creative expressive geometric humanist grotesque headline hero decorative large-text attention english western european extended-latin european,400,,latin | latin-ext,Typomondo,1000,1519,No,2011-12-19,2025-06-02,https://fonts.google.com/specimen/Nosifer
1034,Notable,Sans Serif,Sans Serif,Display,clean modern minimal professional readable neutral geometric humanist grotesque headline hero decorative large-text attention english western european,400,,latin,Eli Block | Hana Tanimura | Noemie Le Coz,1151,78,No,2018-08-02,2025-09-02,https://fonts.google.com/specimen/Notable
1035,Nothing You Could Do,Handwriting,,Display | Handwriting,personal casual friendly warm handwritten script organic  headline hero decorative large-text attention script cursive hand-drawn artistic informal english western european,400,,latin,Kimberly Geswein,417,1170,No,2011-05-11,2025-09-16,https://fonts.google.com/specimen/Nothing+You+Could+Do
1036,Noticia Text,Serif,Serif,,elegant traditional classic refined literary editorial transitional oldstyle didone italic english western european extended-latin european vietnamese well-known common,400 | 400i | 700 | 700i,,latin | latin-ext | vietnamese,JM Solé,249,171,No,2012-02-08,2025-09-10,https://fonts.google.com/specimen/Noticia+Text
1037,Noto Color Emoji,Sans Serif,Sans Serif,,clean modern minimal professional readable neutral geometric humanist grotesque noto google international comprehensive popular widely-used,400,,emoji,Google,73,754,Yes,2021-02-16,2026-02-17,https://fonts.google.com/specimen/Noto+Color+Emoji
1038,Noto Emoji,Sans Serif,Sans Serif,,clean modern minimal professional readable neutral geometric humanist grotesque variable variable-font responsive variable-weight noto google international comprehensive,300 | 400 | 500 | 600 | 700,wght: -,emoji,Google,757,291,Yes,2022-04-29,2025-11-26,https://fonts.google.com/specimen/Noto+Emoji
1039,Noto Kufi Arabic,Sans Serif,Sans Serif,,clean modern minimal professional readable neutral geometric humanist grotesque versatile multi-weight flexible variable variable-font responsive variable-weight arabic RTL middle-east english western european extended-latin european noto google international comprehensive well-known common,100 | 200 | 300 | 400 | 500 | 600 | 700 | 800 | 900,wght: -,arabic | latin | latin-ext | math | symbols,Google,168,222,Yes,2020-11-19,2025-09-11,https://fonts.google.com/specimen/Noto+Kufi+Arabic
1040,Noto Music,Sans Serif,Sans Serif,Symbols,clean modern minimal professional readable neutral geometric humanist grotesque icon symbol emoji pictograph english western european extended-latin european noto google international comprehensive,400,,latin | latin-ext | music,Google,1266,2117,Yes,2020-11-19,2025-09-04,https://fonts.google.com/specimen/Noto+Music
1041,Noto Naskh Arabic,Serif,Serif,,elegant traditional classic refined literary editorial transitional oldstyle didone variable variable-font responsive variable-weight arabic RTL middle-east english western european extended-latin european noto google international comprehensive well-known common,400 | 500 | 600 | 700,wght: -,arabic | latin | latin-ext | math | symbols,Google,214,135,Yes,2020-11-19,2026-01-28,https://fonts.google.com/specimen/Noto+Naskh+Arabic
1042,Noto Nastaliq Urdu,Serif,Serif,,elegant traditional classic refined literary editorial transitional oldstyle didone variable variable-font responsive variable-weight arabic RTL middle-east english western european extended-latin european noto google international comprehensive well-known common,400 | 500 | 600 | 700,wght: -,arabic | latin | latin-ext,Google,277,50,Yes,2020-11-19,2025-09-02,https://fonts.google.com/specimen/Noto+Nastaliq+Urdu
1043,Noto Rashi Hebrew,Serif,Serif,,elegant traditional classic refined literary editorial transitional oldstyle didone versatile multi-weight flexible variable variable-font responsive variable-weight greek extended hebrew RTL israeli english western european extended-latin european noto google international comprehensive,100 | 200 | 300 | 400 | 500 | 600 | 700 | 800 | 900,wght: -,greek-ext | hebrew | latin | latin-ext,Google,396,1,Yes,2020-11-19,2025-09-16,https://fonts.google.com/specimen/Noto+Rashi+Hebrew
1044,Noto Sans,Sans Serif,Sans Serif,,clean modern minimal professional readable neutral geometric humanist grotesque versatile multi-weight flexible italic variable variable-font responsive variable-weight variable-width russian cyrillic slavic cyrillic extended hindi devanagari indian greek greek extended english western european extended-latin european vietnamese multilingual international noto google international comprehensive top-popular trending most-used,100 | 100i | 200 | 200i | 300 | 300i | 400 | 400i | 500 | 500i | 600 | 600i | 700 | 700i | 800 | 800i | 900 | 900i,wdth: - | wght: -,cyrillic | cyrillic-ext | devanagari | greek | greek-ext | latin | latin-ext | vietnamese,Google,19,1233,Yes,2013-02-27,2025-09-11,https://fonts.google.com/specimen/Noto+Sans
1045,Noto Sans Adlam,Sans Serif,Sans Serif,,clean modern minimal professional readable neutral geometric humanist grotesque variable variable-font responsive variable-weight english western european extended-latin european noto google international comprehensive,400 | 500 | 600 | 700,wght: -,adlam | latin | latin-ext,Google,1644,246,Yes,2020-11-19,2025-09-04,https://fonts.google.com/specimen/Noto+Sans+Adlam
1046,Noto Sans Adlam Unjoined,Sans Serif,Sans Serif,,clean modern minimal professional readable neutral geometric humanist grotesque variable variable-font responsive variable-weight english western european extended-latin european noto google international comprehensive,400 | 500 | 600 | 700,wght: -,adlam | latin | latin-ext,Google,1790,409,Yes,2020-11-19,2025-09-16,https://fonts.google.com/specimen/Noto+Sans+Adlam+Unjoined
1047,Noto Sans Anatolian Hieroglyphs,Sans Serif,Sans Serif,,clean modern minimal professional readable neutral geometric humanist grotesque english western european extended-latin european noto google international comprehensive,400,,anatolian-hieroglyphs | latin | latin-ext,Google,1628,1877,Yes,2020-11-19,2025-09-16,https://fonts.google.com/specimen/Noto+Sans+Anatolian+Hieroglyphs
1048,Noto Sans Arabic,Sans Serif,Sans Serif,,clean modern minimal professional readable neutral geometric humanist grotesque versatile multi-weight flexible variable variable-font responsive variable-weight variable-width arabic RTL middle-east english western european extended-latin european noto google international comprehensive popular widely-used,100 | 200 | 300 | 400 | 500 | 600 | 700 | 800 | 900,wdth: - | wght: -,arabic | latin | latin-ext | math | symbols,Google,126,129,Yes,2020-11-19,2025-09-17,https://fonts.google.com/specimen/Noto+Sans+Arabic
1049,Noto Sans Armenian,Sans Serif,Sans Serif,,clean modern minimal professional readable neutral geometric humanist grotesque versatile multi-weight flexible variable variable-font responsive variable-weight variable-width armenian english western european extended-latin european noto google international comprehensive,100 | 200 | 300 | 400 | 500 | 600 | 700 | 800 | 900,wdth: - | wght: -,armenian | latin | latin-ext,Google,1060,259,Yes,2020-11-19,2025-09-10,https://fonts.google.com/specimen/Noto+Sans+Armenian
1050,Noto Sans Avestan,Sans Serif,Sans Serif,,clean modern minimal professional readable neutral geometric humanist grotesque english western european extended-latin european noto google international comprehensive,400,,avestan | latin | latin-ext,Google,1845,2196,Yes,2020-11-19,2025-09-16,https://fonts.google.com/specimen/Noto+Sans+Avestan
1051,Noto Sans Balinese,Sans Serif,Sans Serif,,clean modern minimal professional readable neutral geometric humanist grotesque variable variable-font responsive variable-weight english western european extended-latin european noto google international comprehensive,400 | 500 | 600 | 700,wght: -,balinese | latin | latin-ext,Google,1773,1801,Yes,2020-11-19,2025-09-08,https://fonts.google.com/specimen/Noto+Sans+Balinese
1052,Noto Sans Bamum,Sans Serif,Sans Serif,,clean modern minimal professional readable neutral geometric humanist grotesque variable variable-font responsive variable-weight english western european extended-latin european noto google international comprehensive,400 | 500 | 600 | 700,wght: -,bamum | latin | latin-ext,Google,1829,834,Yes,2020-11-19,2025-09-11,https://fonts.google.com/specimen/Noto+Sans+Bamum
1053,Noto Sans Bassa Vah,Sans Serif,Sans Serif,,clean modern minimal professional readable neutral geometric humanist grotesque variable variable-font responsive variable-weight english western european extended-latin european noto google international comprehensive,400 | 500 | 600 | 700,wght: -,bassa-vah | latin | latin-ext,Google,2001,306,Yes,2020-11-19,2025-09-16,https://fonts.google.com/specimen/Noto+Sans+Bassa+Vah
1054,Noto Sans Batak,Sans Serif,Sans Serif,,clean modern minimal professional readable neutral geometric humanist grotesque english western european extended-latin european noto google international comprehensive,400,,batak | latin | latin-ext,Google,1717,273,Yes,2020-11-19,2025-08-26,https://fonts.google.com/specimen/Noto+Sans+Batak
1055,Noto Sans Bengali,Sans Serif,Sans Serif,,clean modern minimal professional readable neutral geometric humanist grotesque versatile multi-weight flexible variable variable-font responsive variable-weight variable-width bengali bangladeshi indian english western european extended-latin european noto google international comprehensive well-known common,100 | 200 | 300 | 400 | 500 | 600 | 700 | 800 | 900,wdth: - | wght: -,bengali | latin | latin-ext,Google,246,77,Yes,2020-11-19,2026-01-28,https://fonts.google.com/specimen/Noto+Sans+Bengali
1056,Noto Sans Bhaiksuki,Sans Serif,Sans Serif,,clean modern minimal professional readable neutral geometric humanist grotesque english western european extended-latin european noto google international comprehensive,400,,bhaiksuki | latin | latin-ext,Google,1967,1328,Yes,2020-11-19,2025-09-16,https://fonts.google.com/specimen/Noto+Sans+Bhaiksuki
1057,Noto Sans Brahmi,Sans Serif,Sans Serif,,clean modern minimal professional readable neutral geometric humanist grotesque english western european extended-latin european noto google international comprehensive,400,,brahmi | latin | latin-ext | math | symbols,Google,1881,2291,Yes,2020-11-19,2025-09-10,https://fonts.google.com/specimen/Noto+Sans+Brahmi
1058,Noto Sans Buginese,Sans Serif,Sans Serif,,clean modern minimal professional readable neutral geometric humanist grotesque english western european extended-latin european noto google international comprehensive,400,,buginese | latin | latin-ext,Google,1959,620,Yes,2020-11-19,2026-01-20,https://fonts.google.com/specimen/Noto+Sans+Buginese
1059,Noto Sans Buhid,Sans Serif,Sans Serif,,clean modern minimal professional readable neutral geometric humanist grotesque english western european extended-latin european noto google international comprehensive,400,,buhid | latin | latin-ext,Google,1390,2042,Yes,2020-11-19,2025-09-16,https://fonts.google.com/specimen/Noto+Sans+Buhid
1060,Noto Sans Canadian Aboriginal,Sans Serif,Sans Serif,,clean modern minimal professional readable neutral geometric humanist grotesque versatile multi-weight flexible variable variable-font responsive variable-weight english western european extended-latin european noto google international comprehensive,100 | 200 | 300 | 400 | 500 | 600 | 700 | 800 | 900,wght: -,canadian-aboriginal | latin | latin-ext | math | symbols,Google,1458,2174,Yes,2020-11-19,2025-09-16,https://fonts.google.com/specimen/Noto+Sans+Canadian+Aboriginal
1061,Noto Sans Carian,Sans Serif,Sans Serif,,clean modern minimal professional readable neutral geometric humanist grotesque english western european extended-latin european noto google international comprehensive,400,,carian | latin | latin-ext,Google,1708,1281,Yes,2020-11-19,2025-09-04,https://fonts.google.com/specimen/Noto+Sans+Carian
1062,Noto Sans Caucasian Albanian,Sans Serif,Sans Serif,,clean modern minimal professional readable neutral geometric humanist grotesque english western european extended-latin european noto google international comprehensive,400,,caucasian-albanian | latin | latin-ext,Google,1983,1514,Yes,2020-11-19,2025-09-16,https://fonts.google.com/specimen/Noto+Sans+Caucasian+Albanian
1063,Noto Sans Chakma,Sans Serif,Sans Serif,,clean modern minimal professional readable neutral geometric humanist grotesque english western european extended-latin european noto google international comprehensive,400,,chakma | latin | latin-ext,Google,1952,530,Yes,2020-11-19,2026-01-20,https://fonts.google.com/specimen/Noto+Sans+Chakma
1064,Noto Sans Cham,Sans Serif,Sans Serif,,clean modern minimal professional readable neutral geometric humanist grotesque versatile multi-weight flexible variable variable-font responsive variable-weight english western european extended-latin european noto google international comprehensive,100 | 200 | 300 | 400 | 500 | 600 | 700 | 800 | 900,wght: -,cham | latin | latin-ext,Google,1882,1183,Yes,2020-11-19,2025-09-16,https://fonts.google.com/specimen/Noto+Sans+Cham
1065,Noto Sans Cherokee,Sans Serif,Sans Serif,,clean modern minimal professional readable neutral geometric humanist grotesque versatile multi-weight flexible variable variable-font responsive variable-weight english western european extended-latin european noto google international comprehensive,100 | 200 | 300 | 400 | 500 | 600 | 700 | 800 | 900,wght: -,cherokee | latin | latin-ext,Google,1846,1795,Yes,2020-11-19,2025-09-04,https://fonts.google.com/specimen/Noto+Sans+Cherokee
1066,Noto Sans Chorasmian,Sans Serif,Sans Serif,,clean modern minimal professional readable neutral geometric humanist grotesque english western european extended-latin european noto google international comprehensive,400,,chorasmian | latin | latin-ext | math | symbols,Google,2028,2321,Yes,2023-05-23,2024-01-25,https://fonts.google.com/specimen/Noto+Sans+Chorasmian
1067,Noto Sans Coptic,Sans Serif,Sans Serif,,clean modern minimal professional readable neutral geometric humanist grotesque english western european extended-latin european noto google international comprehensive,400,,coptic | latin | latin-ext,Google,1678,173,Yes,2020-11-19,2025-09-04,https://fonts.google.com/specimen/Noto+Sans+Coptic
1068,Noto Sans Cuneiform,Sans Serif,Sans Serif,,clean modern minimal professional readable neutral geometric humanist grotesque english western european extended-latin european noto google international comprehensive,400,,cuneiform | latin | latin-ext,Google,1958,2148,Yes,2020-11-19,2025-09-16,https://fonts.google.com/specimen/Noto+Sans+Cuneiform
1069,Noto Sans Cypriot,Sans Serif,Sans Serif,,clean modern minimal professional readable neutral geometric humanist grotesque english western european extended-latin european noto google international comprehensive,400,,cypriot | latin | latin-ext,Google,1990,581,Yes,2020-11-19,2025-09-04,https://fonts.google.com/specimen/Noto+Sans+Cypriot
1070,Noto Sans Cypro Minoan,Sans Serif,Sans Serif,,clean modern minimal professional readable neutral geometric humanist grotesque english western european extended-latin european noto google international comprehensive,400,,cypro-minoan | latin | latin-ext,Google,1733,1917,Yes,2023-07-10,2025-05-30,https://fonts.google.com/specimen/Noto+Sans+Cypro+Minoan
1071,Noto Sans Deseret,Sans Serif,Sans Serif,,clean modern minimal professional readable neutral geometric humanist grotesque english western european extended-latin european noto google international comprehensive,400,,deseret | latin | latin-ext,Google,2000,226,Yes,2020-11-19,2025-09-16,https://fonts.google.com/specimen/Noto+Sans+Deseret
1072,Noto Sans Devanagari,Sans Serif,Sans Serif,,clean modern minimal professional readable neutral geometric humanist grotesque versatile multi-weight flexible variable variable-font responsive variable-weight variable-width hindi devanagari indian english western european extended-latin european noto google international comprehensive,100 | 200 | 300 | 400 | 500 | 600 | 700 | 800 | 900,wdth: - | wght: -,devanagari | latin | latin-ext,Google,310,1607,Yes,2020-11-19,2025-09-04,https://fonts.google.com/specimen/Noto+Sans+Devanagari
1073,Noto Sans Display,Sans Serif,Sans Serif,Display,clean modern minimal professional readable neutral geometric humanist grotesque headline hero decorative large-text attention versatile multi-weight flexible italic variable variable-font responsive variable-weight variable-width russian cyrillic slavic cyrillic extended greek greek extended english western european extended-latin european vietnamese multilingual international noto google international comprehensive well-known common,100 | 100i | 200 | 200i | 300 | 300i | 400 | 400i | 500 | 500i | 600 | 600i | 700 | 700i | 800 | 800i | 900 | 900i,wdth: - | wght: -,cyrillic | cyrillic-ext | greek | greek-ext | latin | latin-ext | vietnamese,Google,206,354,Yes,2020-11-19,2025-09-10,https://fonts.google.com/specimen/Noto+Sans+Display
1074,Noto Sans Duployan,Sans Serif,Sans Serif,,clean modern minimal professional readable neutral geometric humanist grotesque english western european extended-latin european noto google international comprehensive,400 | 700,,duployan | latin | latin-ext,Google,1751,1907,Yes,2020-11-19,2025-09-16,https://fonts.google.com/specimen/Noto+Sans+Duployan
1075,Noto Sans Egyptian Hieroglyphs,Sans Serif,Sans Serif,,clean modern minimal professional readable neutral geometric humanist grotesque english western european extended-latin european noto google international comprehensive,400,,egyptian-hieroglyphs | latin | latin-ext,Google,1884,751,Yes,2020-11-19,2025-09-16,https://fonts.google.com/specimen/Noto+Sans+Egyptian+Hieroglyphs
1076,Noto Sans Elbasan,Sans Serif,Sans Serif,,clean modern minimal professional readable neutral geometric humanist grotesque english western european extended-latin european noto google international comprehensive,400,,elbasan | latin | latin-ext,Google,1792,1823,Yes,2020-11-19,2025-09-11,https://fonts.google.com/specimen/Noto+Sans+Elbasan
1077,Noto Sans Elymaic,Sans Serif,Sans Serif,,clean modern minimal professional readable neutral geometric humanist grotesque english western european extended-latin european noto google international comprehensive,400,,elymaic | latin | latin-ext,Google,1939,188,Yes,2020-11-19,2025-09-16,https://fonts.google.com/specimen/Noto+Sans+Elymaic
1078,Noto Sans Ethiopic,Sans Serif,Sans Serif,,clean modern minimal professional readable neutral geometric humanist grotesque versatile multi-weight flexible variable variable-font responsive variable-weight variable-width ethiopic amharic english western european extended-latin european noto google international comprehensive,100 | 200 | 300 | 400 | 500 | 600 | 700 | 800 | 900,wdth: - | wght: -,ethiopic | latin | latin-ext,Google,1190,54,Yes,2016-04-15,2025-09-16,https://fonts.google.com/specimen/Noto+Sans+Ethiopic
1079,Noto Sans Georgian,Sans Serif,Sans Serif,,clean modern minimal professional readable neutral geometric humanist grotesque versatile multi-weight flexible variable variable-font responsive variable-weight variable-width cyrillic extended georgian greek extended english western european extended-latin european multilingual international noto google international comprehensive,100 | 200 | 300 | 400 | 500 | 600 | 700 | 800 | 900,wdth: - | wght: -,cyrillic-ext | georgian | greek-ext | latin | latin-ext | math | symbols,Google,737,62,Yes,2020-11-19,2025-09-04,https://fonts.google.com/specimen/Noto+Sans+Georgian
1080,Noto Sans Glagolitic,Sans Serif,Sans Serif,,clean modern minimal professional readable neutral geometric humanist grotesque cyrillic extended english western european extended-latin european multilingual international noto google international comprehensive,400,,cyrillic-ext | glagolitic | latin | latin-ext | math | symbols,Google,1720,433,Yes,2020-11-19,2025-09-04,https://fonts.google.com/specimen/Noto+Sans+Glagolitic
1081,Noto Sans Gothic,Sans Serif,Sans Serif,,clean modern minimal professional readable neutral geometric humanist grotesque english western european extended-latin european noto google international comprehensive,400,,gothic | latin | latin-ext,Google,1287,61,Yes,2020-11-19,2025-09-02,https://fonts.google.com/specimen/Noto+Sans+Gothic
1082,Noto Sans Grantha,Sans Serif,Sans Serif,,clean modern minimal professional readable neutral geometric humanist grotesque english western european extended-latin european noto google international comprehensive,400,,grantha | latin | latin-ext,Google,1989,2170,Yes,2020-11-19,2025-09-16,https://fonts.google.com/specimen/Noto+Sans+Grantha
1083,Noto Sans Gujarati,Sans Serif,Sans Serif,,clean modern minimal professional readable neutral geometric humanist grotesque versatile multi-weight flexible variable variable-font responsive variable-weight variable-width gujarati indian english western european extended-latin european noto google international comprehensive,100 | 200 | 300 | 400 | 500 | 600 | 700 | 800 | 900,wdth: - | wght: -,gujarati | latin | latin-ext | math | symbols,Google,1032,1533,Yes,2020-11-19,2025-09-16,https://fonts.google.com/specimen/Noto+Sans+Gujarati
1084,Noto Sans Gunjala Gondi,Sans Serif,Sans Serif,,clean modern minimal professional readable neutral geometric humanist grotesque variable variable-font responsive variable-weight english western european extended-latin european noto google international comprehensive,400 | 500 | 600 | 700,wght: -,gunjala-gondi | latin | latin-ext,Google,1191,2277,Yes,2020-11-19,2025-09-10,https://fonts.google.com/specimen/Noto+Sans+Gunjala+Gondi
1085,Noto Sans Gurmukhi,Sans Serif,Sans Serif,,clean modern minimal professional readable neutral geometric humanist grotesque versatile multi-weight flexible variable variable-font responsive variable-weight variable-width punjabi gurmukhi indian english western european extended-latin european noto google international comprehensive,100 | 200 | 300 | 400 | 500 | 600 | 700 | 800 | 900,wdth: - | wght: -,gurmukhi | latin | latin-ext,Google,1305,1163,Yes,2020-11-19,2025-09-04,https://fonts.google.com/specimen/Noto+Sans+Gurmukhi
1086,Noto Sans HK,Sans Serif,Sans Serif,,clean modern minimal professional readable neutral geometric humanist grotesque versatile multi-weight flexible variable variable-font responsive variable-weight russian cyrillic slavic english western european extended-latin european vietnamese noto google international comprehensive,100 | 200 | 300 | 400 | 500 | 600 | 700 | 800 | 900,wght: -,chinese-hongkong | cyrillic | latin | latin-ext | vietnamese,Google,400,458,Yes,2019-03-12,2026-01-06,https://fonts.google.com/specimen/Noto+Sans+HK
1087,Noto Sans Hanifi Rohingya,Sans Serif,Sans Serif,,clean modern minimal professional readable neutral geometric humanist grotesque variable variable-font responsive variable-weight english western european extended-latin european noto google international comprehensive,400 | 500 | 600 | 700,wght: -,hanifi-rohingya | latin | latin-ext,Google,1999,395,Yes,2020-11-19,2025-09-16,https://fonts.google.com/specimen/Noto+Sans+Hanifi+Rohingya
1088,Noto Sans Hanunoo,Sans Serif,Sans Serif,,clean modern minimal professional readable neutral geometric humanist grotesque english western european extended-latin european noto google international comprehensive,400,,hanunoo | latin | latin-ext,Google,1611,2083,Yes,2020-11-19,2025-09-10,https://fonts.google.com/specimen/Noto+Sans+Hanunoo
1089,Noto Sans Hatran,Sans Serif,Sans Serif,,clean modern minimal professional readable neutral geometric humanist grotesque english western european extended-latin european noto google international comprehensive,400,,hatran | latin | latin-ext,Google,1993,1714,Yes,2020-11-19,2025-09-11,https://fonts.google.com/specimen/Noto+Sans+Hatran
1090,Noto Sans Hebrew,Sans Serif,Sans Serif,,clean modern minimal professional readable neutral geometric humanist grotesque versatile multi-weight flexible variable variable-font responsive variable-weight variable-width cyrillic extended greek extended hebrew RTL israeli english western european extended-latin european noto google international comprehensive well-known common,100 | 200 | 300 | 400 | 500 | 600 | 700 | 800 | 900,wdth: - | wght: -,cyrillic-ext | greek-ext | hebrew | latin | latin-ext,Google,251,59,Yes,2020-11-19,2025-09-04,https://fonts.google.com/specimen/Noto+Sans+Hebrew
1091,Noto Sans Imperial Aramaic,Sans Serif,Sans Serif,,clean modern minimal professional readable neutral geometric humanist grotesque english western european extended-latin european noto google international comprehensive,400,,imperial-aramaic | latin | latin-ext,Google,1924,919,Yes,2020-11-19,2025-09-04,https://fonts.google.com/specimen/Noto+Sans+Imperial+Aramaic
1092,Noto Sans Indic Siyaq Numbers,Sans Serif,Sans Serif,,clean modern minimal professional readable neutral geometric humanist grotesque english western european extended-latin european noto google international comprehensive,400,,indic-siyaq-numbers | latin | latin-ext,Google,1853,855,Yes,2020-11-19,2025-09-04,https://fonts.google.com/specimen/Noto+Sans+Indic+Siyaq+Numbers
1093,Noto Sans Inscriptional Pahlavi,Sans Serif,Sans Serif,,clean modern minimal professional readable neutral geometric humanist grotesque english western european extended-latin european noto google international comprehensive,400,,inscriptional-pahlavi | latin | latin-ext,Google,1915,712,Yes,2020-11-19,2025-09-04,https://fonts.google.com/specimen/Noto+Sans+Inscriptional+Pahlavi
1094,Noto Sans Inscriptional Parthian,Sans Serif,Sans Serif,,clean modern minimal professional readable neutral geometric humanist grotesque english western european extended-latin european noto google international comprehensive,400,,inscriptional-parthian | latin | latin-ext,Google,1975,617,Yes,2020-11-19,2025-09-04,https://fonts.google.com/specimen/Noto+Sans+Inscriptional+Parthian
1095,Noto Sans JP,Sans Serif,Sans Serif,,clean modern minimal professional readable neutral geometric humanist grotesque versatile multi-weight flexible variable variable-font responsive variable-weight russian cyrillic slavic japanese kanji hiragana katakana english western european extended-latin european vietnamese noto google international comprehensive top-popular trending most-used,100 | 200 | 300 | 400 | 500 | 600 | 700 | 800 | 900,wght: -,cyrillic | japanese | latin | latin-ext | vietnamese,Google,5,1192,Yes,2015-01-29,2026-01-06,https://fonts.google.com/specimen/Noto+Sans+JP
1096,Noto Sans Javanese,Sans Serif,Sans Serif,,clean modern minimal professional readable neutral geometric humanist grotesque variable variable-font responsive variable-weight english western european extended-latin european noto google international comprehensive,400 | 500 | 600 | 700,wght: -,javanese | latin | latin-ext,Google,1642,1654,Yes,2020-11-19,2025-09-11,https://fonts.google.com/specimen/Noto+Sans+Javanese
1097,Noto Sans KR,Sans Serif,Sans Serif,,clean modern minimal professional readable neutral geometric humanist grotesque versatile multi-weight flexible variable variable-font responsive variable-weight russian cyrillic slavic korean hangul english western european extended-latin european vietnamese noto google international comprehensive top-popular trending most-used,100 | 200 | 300 | 400 | 500 | 600 | 700 | 800 | 900,wght: -,cyrillic | korean | latin | latin-ext | vietnamese,Google,31,330,Yes,2018-02-05,2026-01-06,https://fonts.google.com/specimen/Noto+Sans+KR
1098,Noto Sans Kaithi,Sans Serif,Sans Serif,,clean modern minimal professional readable neutral geometric humanist grotesque english western european extended-latin european noto google international comprehensive,400,,kaithi | latin | latin-ext,Google,1131,4,Yes,2020-11-19,2025-09-08,https://fonts.google.com/specimen/Noto+Sans+Kaithi
1099,Noto Sans Kannada,Sans Serif,Sans Serif,,clean modern minimal professional readable neutral geometric humanist grotesque versatile multi-weight flexible variable variable-font responsive variable-weight variable-width kannada indian english western european extended-latin european noto google international comprehensive,100 | 200 | 300 | 400 | 500 | 600 | 700 | 800 | 900,wdth: - | wght: -,kannada | latin | latin-ext,Google,786,630,Yes,2020-11-19,2026-03-03,https://fonts.google.com/specimen/Noto+Sans+Kannada
1100,Noto Sans Kawi,Sans Serif,Sans Serif,,clean modern minimal professional readable neutral geometric humanist grotesque variable variable-font responsive variable-weight english western european extended-latin european noto google international comprehensive,400 | 500 | 600 | 700,wght: -,kawi | latin | latin-ext,Google,1968,1799,Yes,2023-06-27,2025-09-11,https://fonts.google.com/specimen/Noto+Sans+Kawi
1101,Noto Sans Kayah Li,Sans Serif,Sans Serif,,clean modern minimal professional readable neutral geometric humanist grotesque variable variable-font responsive variable-weight english western european extended-latin european noto google international comprehensive,400 | 500 | 600 | 700,wght: -,kayah-li | latin | latin-ext,Google,2015,647,Yes,2020-11-19,2025-09-16,https://fonts.google.com/specimen/Noto+Sans+Kayah+Li
1102,Noto Sans Kharoshthi,Sans Serif,Sans Serif,,clean modern minimal professional readable neutral geometric humanist grotesque english western european extended-latin european noto google international comprehensive,400,,kharoshthi | latin | latin-ext,Google,2045,416,Yes,2020-11-19,2025-09-04,https://fonts.google.com/specimen/Noto+Sans+Kharoshthi
1103,Noto Sans Khmer,Sans Serif,Sans Serif,,clean modern minimal professional readable neutral geometric humanist grotesque versatile multi-weight flexible variable variable-font responsive variable-weight variable-width khmer cambodian english western european extended-latin european noto google international comprehensive,100 | 200 | 300 | 400 | 500 | 600 | 700 | 800 | 900,wdth: - | wght: -,khmer | latin | latin-ext,Google,921,302,Yes,2020-11-19,2025-09-11,https://fonts.google.com/specimen/Noto+Sans+Khmer
1104,Noto Sans Khojki,Sans Serif,Sans Serif,,clean modern minimal professional readable neutral geometric humanist grotesque english western european extended-latin european noto google international comprehensive,400,,khojki | latin | latin-ext,Google,1874,2292,Yes,2020-11-19,2025-09-08,https://fonts.google.com/specimen/Noto+Sans+Khojki
1105,Noto Sans Khudawadi,Sans Serif,Sans Serif,,clean modern minimal professional readable neutral geometric humanist grotesque english western european extended-latin european noto google international comprehensive,400,,khudawadi | latin | latin-ext,Google,2010,1995,Yes,2020-11-19,2025-09-11,https://fonts.google.com/specimen/Noto+Sans+Khudawadi
1106,Noto Sans Lao,Sans Serif,Sans Serif,,clean modern minimal professional readable neutral geometric humanist grotesque versatile multi-weight flexible variable variable-font responsive variable-weight variable-width lao laotian english western european extended-latin european noto google international comprehensive,100 | 200 | 300 | 400 | 500 | 600 | 700 | 800 | 900,wdth: - | wght: -,lao | latin | latin-ext,Google,1273,962,Yes,2020-11-19,2025-09-02,https://fonts.google.com/specimen/Noto+Sans+Lao
1107,Noto Sans Lao Looped,Sans Serif,Sans Serif,,clean modern minimal professional readable neutral geometric humanist grotesque versatile multi-weight flexible variable variable-font responsive variable-weight variable-width lao laotian english western european extended-latin european noto google international comprehensive,100 | 200 | 300 | 400 | 500 | 600 | 700 | 800 | 900,wdth: - | wght: -,lao | latin | latin-ext,Google,1163,2255,Yes,2022-09-05,2025-09-16,https://fonts.google.com/specimen/Noto+Sans+Lao+Looped
1108,Noto Sans Lepcha,Sans Serif,Sans Serif,,clean modern minimal professional readable neutral geometric humanist grotesque english western european extended-latin european noto google international comprehensive,400,,latin | latin-ext | lepcha,Google,2029,811,Yes,2020-11-19,2025-09-08,https://fonts.google.com/specimen/Noto+Sans+Lepcha
1109,Noto Sans Limbu,Sans Serif,Sans Serif,,clean modern minimal professional readable neutral geometric humanist grotesque english western european extended-latin european noto google international comprehensive,400,,latin | latin-ext | limbu,Google,1998,1730,Yes,2020-11-19,2025-09-04,https://fonts.google.com/specimen/Noto+Sans+Limbu
1110,Noto Sans Linear A,Sans Serif,Sans Serif,,clean modern minimal professional readable neutral geometric humanist grotesque english western european extended-latin european noto google international comprehensive,400,,latin | latin-ext | linear-a,Google,1823,1938,Yes,2020-11-19,2025-09-11,https://fonts.google.com/specimen/Noto+Sans+Linear+A
1111,Noto Sans Linear B,Sans Serif,Sans Serif,,clean modern minimal professional readable neutral geometric humanist grotesque english western european extended-latin european noto google international comprehensive,400,,latin | latin-ext | linear-b,Google,1978,999,Yes,2020-11-19,2025-09-11,https://fonts.google.com/specimen/Noto+Sans+Linear+B
1112,Noto Sans Lisu,Sans Serif,Sans Serif,,clean modern minimal professional readable neutral geometric humanist grotesque variable variable-font responsive variable-weight english western european extended-latin european noto google international comprehensive,400 | 500 | 600 | 700,wght: -,latin | latin-ext | lisu,Google,1858,1905,Yes,2020-11-19,2025-09-10,https://fonts.google.com/specimen/Noto+Sans+Lisu
1113,Noto Sans Lycian,Sans Serif,Sans Serif,,clean modern minimal professional readable neutral geometric humanist grotesque noto google international comprehensive,400,,lycian,Google,2050,608,Yes,2020-11-19,2025-09-08,https://fonts.google.com/specimen/Noto+Sans+Lycian
1114,Noto Sans Lydian,Sans Serif,Sans Serif,,clean modern minimal professional readable neutral geometric humanist grotesque english western european extended-latin european noto google international comprehensive,400,,latin | latin-ext | lydian,Google,1872,109,Yes,2020-11-19,2025-09-04,https://fonts.google.com/specimen/Noto+Sans+Lydian
1115,Noto Sans Mahajani,Sans Serif,Sans Serif,,clean modern minimal professional readable neutral geometric humanist grotesque english western european extended-latin european noto google international comprehensive,400,,latin | latin-ext | mahajani,Google,1859,687,Yes,2020-11-19,2025-09-11,https://fonts.google.com/specimen/Noto+Sans+Mahajani
1116,Noto Sans Malayalam,Sans Serif,Sans Serif,,clean modern minimal professional readable neutral geometric humanist grotesque versatile multi-weight flexible variable variable-font responsive variable-weight variable-width english western european extended-latin european malayalam indian noto google international comprehensive,100 | 200 | 300 | 400 | 500 | 600 | 700 | 800 | 900,wdth: - | wght: -,latin | latin-ext | malayalam,Google,500,721,Yes,2020-11-19,2025-09-11,https://fonts.google.com/specimen/Noto+Sans+Malayalam
1117,Noto Sans Mandaic,Sans Serif,Sans Serif,,clean modern minimal professional readable neutral geometric humanist grotesque english western european extended-latin european noto google international comprehensive,400,,latin | latin-ext | mandaic,Google,1986,1702,Yes,2020-11-19,2025-09-16,https://fonts.google.com/specimen/Noto+Sans+Mandaic
1118,Noto Sans Manichaean,Sans Serif,Sans Serif,,clean modern minimal professional readable neutral geometric humanist grotesque english western european extended-latin european noto google international comprehensive,400,,latin | latin-ext | manichaean,Google,2033,849,Yes,2020-11-19,2025-09-10,https://fonts.google.com/specimen/Noto+Sans+Manichaean
1119,Noto Sans Marchen,Sans Serif,Sans Serif,,clean modern minimal professional readable neutral geometric humanist grotesque english western european extended-latin european noto google international comprehensive,400,,latin | latin-ext | marchen,Google,1804,60,Yes,2020-11-19,2025-09-10,https://fonts.google.com/specimen/Noto+Sans+Marchen
1120,Noto Sans Masaram Gondi,Sans Serif,Sans Serif,,clean modern minimal professional readable neutral geometric humanist grotesque english western european extended-latin european noto google international comprehensive,400,,latin | latin-ext | masaram-gondi,Google,2036,436,Yes,2020-11-19,2026-01-20,https://fonts.google.com/specimen/Noto+Sans+Masaram+Gondi
1121,Noto Sans Math,Sans Serif,Sans Serif,,clean modern minimal professional readable neutral geometric humanist grotesque russian cyrillic slavic english western european noto google international comprehensive,400,,cyrillic | latin | math,Google,804,1806,Yes,2020-11-19,2025-09-02,https://fonts.google.com/specimen/Noto+Sans+Math
1122,Noto Sans Mayan Numerals,Sans Serif,Sans Serif,,clean modern minimal professional readable neutral geometric humanist grotesque english western european extended-latin european noto google international comprehensive,400,,latin | latin-ext | mayan-numerals,Google,1951,318,Yes,2020-11-19,2025-09-11,https://fonts.google.com/specimen/Noto+Sans+Mayan+Numerals
1123,Noto Sans Medefaidrin,Sans Serif,Sans Serif,,clean modern minimal professional readable neutral geometric humanist grotesque variable variable-font responsive variable-weight english western european extended-latin european noto google international comprehensive,400 | 500 | 600 | 700,wght: -,latin | latin-ext | medefaidrin,Google,1828,357,Yes,2020-11-19,2025-09-16,https://fonts.google.com/specimen/Noto+Sans+Medefaidrin
1124,Noto Sans Meetei Mayek,Sans Serif,Sans Serif,,clean modern minimal professional readable neutral geometric humanist grotesque versatile multi-weight flexible variable variable-font responsive variable-weight english western european extended-latin european noto google international comprehensive,100 | 200 | 300 | 400 | 500 | 600 | 700 | 800 | 900,wght: -,latin | latin-ext | meetei-mayek,Google,1001,2026,Yes,2020-11-19,2025-09-08,https://fonts.google.com/specimen/Noto+Sans+Meetei+Mayek
1125,Noto Sans Mende Kikakui,Sans Serif,Sans Serif,,clean modern minimal professional readable neutral geometric humanist grotesque english western european extended-latin european noto google international comprehensive,400,,latin | latin-ext | mende-kikakui,Google,2020,1385,Yes,2020-11-19,2026-01-20,https://fonts.google.com/specimen/Noto+Sans+Mende+Kikakui
1126,Noto Sans Meroitic,Sans Serif,Sans Serif,,clean modern minimal professional readable neutral geometric humanist grotesque english western european extended-latin european noto google international comprehensive,400,,latin | latin-ext | meroitic | meroitic-cursive | meroitic-hieroglyphs,Google,2042,540,Yes,2020-11-19,2025-09-04,https://fonts.google.com/specimen/Noto+Sans+Meroitic
1127,Noto Sans Miao,Sans Serif,Sans Serif,,clean modern minimal professional readable neutral geometric humanist grotesque english western european extended-latin european noto google international comprehensive,400,,latin | latin-ext | miao,Google,1905,1389,Yes,2020-11-19,2026-01-20,https://fonts.google.com/specimen/Noto+Sans+Miao
1128,Noto Sans Modi,Sans Serif,Sans Serif,,clean modern minimal professional readable neutral geometric humanist grotesque english western european extended-latin european noto google international comprehensive,400,,latin | latin-ext | modi,Google,1991,2118,Yes,2020-11-19,2025-09-10,https://fonts.google.com/specimen/Noto+Sans+Modi
1129,Noto Sans Mongolian,Sans Serif,Sans Serif,,clean modern minimal professional readable neutral geometric humanist grotesque english western european extended-latin european noto google international comprehensive,400,,latin | latin-ext | math | mongolian | symbols,Google,1744,2268,Yes,2020-11-19,2025-09-16,https://fonts.google.com/specimen/Noto+Sans+Mongolian
1130,Noto Sans Mono,Sans Serif,Sans Serif,Monospace,clean modern minimal professional readable neutral geometric humanist grotesque mono fixed-width tabular data code versatile multi-weight flexible variable variable-font responsive variable-weight variable-width russian cyrillic slavic cyrillic extended greek greek extended english western european extended-latin european vietnamese multilingual international noto google international comprehensive well-known common,100 | 200 | 300 | 400 | 500 | 600 | 700 | 800 | 900,wdth: - | wght: -,cyrillic | cyrillic-ext | greek | greek-ext | latin | latin-ext | vietnamese,Google,299,1568,Yes,2020-11-19,2025-09-10,https://fonts.google.com/specimen/Noto+Sans+Mono
1131,Noto Sans Mro,Sans Serif,Sans Serif,,clean modern minimal professional readable neutral geometric humanist grotesque english western european extended-latin european noto google international comprehensive,400,,latin | latin-ext | mro,Google,1982,2210,Yes,2020-11-19,2026-01-20,https://fonts.google.com/specimen/Noto+Sans+Mro
1132,Noto Sans Multani,Sans Serif,Sans Serif,,clean modern minimal professional readable neutral geometric humanist grotesque english western european extended-latin european noto google international comprehensive,400,,latin | latin-ext | multani,Google,1765,324,Yes,2020-11-19,2026-01-20,https://fonts.google.com/specimen/Noto+Sans+Multani
1133,Noto Sans Myanmar,Sans Serif,Sans Serif,,clean modern minimal professional readable neutral geometric humanist grotesque versatile multi-weight flexible variable variable-font responsive variable-weight variable-width english western european extended-latin european myanmar burmese noto google international comprehensive,100 | 200 | 300 | 400 | 500 | 600 | 700 | 800 | 900,wdth: - | wght: -,latin | latin-ext | myanmar,Google,930,629,Yes,2020-11-19,2026-01-20,https://fonts.google.com/specimen/Noto+Sans+Myanmar
1134,Noto Sans NKo,Sans Serif,Sans Serif,,clean modern minimal professional readable neutral geometric humanist grotesque english western european extended-latin european noto google international comprehensive,400,,latin | latin-ext | nko,Google,1745,33,Yes,2020-11-19,2025-09-16,https://fonts.google.com/specimen/Noto+Sans+NKo
1135,Noto Sans NKo Unjoined,Sans Serif,Sans Serif,,clean modern minimal professional readable neutral geometric humanist grotesque variable variable-font responsive variable-weight english western european extended-latin european noto google international comprehensive,400 | 500 | 600 | 700,wght: -,latin | latin-ext | nko,Google,1963,298,Yes,2023-09-26,2025-09-08,https://fonts.google.com/specimen/Noto+Sans+NKo+Unjoined
1136,Noto Sans Nabataean,Sans Serif,Sans Serif,,clean modern minimal professional readable neutral geometric humanist grotesque english western european extended-latin european noto google international comprehensive,400,,latin | latin-ext | nabataean,Google,2023,543,Yes,2020-11-19,2025-09-08,https://fonts.google.com/specimen/Noto+Sans+Nabataean
1137,Noto Sans Nag Mundari,Sans Serif,Sans Serif,,clean modern minimal professional readable neutral geometric humanist grotesque variable variable-font responsive variable-weight english western european extended-latin european noto google international comprehensive,400 | 500 | 600 | 700,wght: -,latin | latin-ext | nag-mundari,Google,1769,1606,Yes,2023-05-08,2025-09-08,https://fonts.google.com/specimen/Noto+Sans+Nag+Mundari
1138,Noto Sans Nandinagari,Sans Serif,Sans Serif,,clean modern minimal professional readable neutral geometric humanist grotesque english western european extended-latin european noto google international comprehensive,400,,latin | latin-ext | nandinagari,Google,1596,69,Yes,2023-05-08,2023-10-25,https://fonts.google.com/specimen/Noto+Sans+Nandinagari
1139,Noto Sans New Tai Lue,Sans Serif,Sans Serif,,clean modern minimal professional readable neutral geometric humanist grotesque variable variable-font responsive variable-weight english western european extended-latin european noto google international comprehensive,400 | 500 | 600 | 700,wght: -,latin | latin-ext | new-tai-lue,Google,1947,2090,Yes,2020-11-19,2025-09-02,https://fonts.google.com/specimen/Noto+Sans+New+Tai+Lue
1140,Noto Sans Newa,Sans Serif,Sans Serif,,clean modern minimal professional readable neutral geometric humanist grotesque english western european extended-latin european noto google international comprehensive,400,,latin | latin-ext | newa,Google,1835,1398,Yes,2020-11-19,2026-01-20,https://fonts.google.com/specimen/Noto+Sans+Newa
1141,Noto Sans Nushu,Sans Serif,Sans Serif,,clean modern minimal professional readable neutral geometric humanist grotesque english western european extended-latin european noto google international comprehensive,400,,latin | latin-ext | nushu,Google,2012,1512,Yes,2020-11-19,2025-09-16,https://fonts.google.com/specimen/Noto+Sans+Nushu
1142,Noto Sans Ogham,Sans Serif,Sans Serif,,clean modern minimal professional readable neutral geometric humanist grotesque english western european extended-latin european noto google international comprehensive,400,,latin | latin-ext | ogham,Google,2026,593,Yes,2020-11-19,2025-09-04,https://fonts.google.com/specimen/Noto+Sans+Ogham
1143,Noto Sans Ol Chiki,Sans Serif,Sans Serif,,clean modern minimal professional readable neutral geometric humanist grotesque variable variable-font responsive variable-weight english western european extended-latin european noto google international comprehensive,400 | 500 | 600 | 700,wght: -,latin | latin-ext | ol-chiki,Google,1913,2217,Yes,2020-11-19,2025-09-10,https://fonts.google.com/specimen/Noto+Sans+Ol+Chiki
1144,Noto Sans Old Hungarian,Sans Serif,Sans Serif,,clean modern minimal professional readable neutral geometric humanist grotesque english western european extended-latin european noto google international comprehensive,400,,latin | latin-ext | old-hungarian,Google,1807,1998,Yes,2020-11-19,2025-09-16,https://fonts.google.com/specimen/Noto+Sans+Old+Hungarian
1145,Noto Sans Old Italic,Sans Serif,Sans Serif,,clean modern minimal professional readable neutral geometric humanist grotesque english western european extended-latin european noto google international comprehensive,400,,latin | latin-ext | old-italic,Google,1815,988,Yes,2020-11-19,2025-09-08,https://fonts.google.com/specimen/Noto+Sans+Old+Italic
1146,Noto Sans Old North Arabian,Sans Serif,Sans Serif,,clean modern minimal professional readable neutral geometric humanist grotesque english western european extended-latin european noto google international comprehensive,400,,latin | latin-ext | old-north-arabian,Google,1755,133,Yes,2020-11-19,2025-09-11,https://fonts.google.com/specimen/Noto+Sans+Old+North+Arabian
1147,Noto Sans Old Permic,Sans Serif,Sans Serif,,clean modern minimal professional readable neutral geometric humanist grotesque cyrillic extended english western european extended-latin european noto google international comprehensive,400,,cyrillic-ext | latin | latin-ext | old-permic,Google,1866,46,Yes,2020-11-19,2025-09-10,https://fonts.google.com/specimen/Noto+Sans+Old+Permic
1148,Noto Sans Old Persian,Sans Serif,Sans Serif,,clean modern minimal professional readable neutral geometric humanist grotesque english western european extended-latin european noto google international comprehensive,400,,latin | latin-ext | old-persian,Google,1810,1547,Yes,2020-11-19,2025-09-08,https://fonts.google.com/specimen/Noto+Sans+Old+Persian
1149,Noto Sans Old Sogdian,Sans Serif,Sans Serif,,clean modern minimal professional readable neutral geometric humanist grotesque english western european extended-latin european noto google international comprehensive,400,,latin | latin-ext | old-sogdian,Google,2009,524,Yes,2020-11-19,2025-09-10,https://fonts.google.com/specimen/Noto+Sans+Old+Sogdian
1150,Noto Sans Old South Arabian,Sans Serif,Sans Serif,,clean modern minimal professional readable neutral geometric humanist grotesque english western european extended-latin european noto google international comprehensive,400,,latin | latin-ext | old-south-arabian,Google,1937,741,Yes,2020-11-19,2025-09-16,https://fonts.google.com/specimen/Noto+Sans+Old+South+Arabian
1151,Noto Sans Old Turkic,Sans Serif,Sans Serif,,clean modern minimal professional readable neutral geometric humanist grotesque english western european extended-latin european noto google international comprehensive,400,,latin | latin-ext | old-turkic,Google,1936,126,Yes,2020-11-19,2025-09-10,https://fonts.google.com/specimen/Noto+Sans+Old+Turkic
1152,Noto Sans Oriya,Sans Serif,Sans Serif,,clean modern minimal professional readable neutral geometric humanist grotesque versatile multi-weight flexible variable variable-font responsive variable-weight variable-width english western european extended-latin european odia oriya indian noto google international comprehensive,100 | 200 | 300 | 400 | 500 | 600 | 700 | 800 | 900,wdth: - | wght: -,latin | latin-ext | oriya,Google,919,36,Yes,2020-11-19,2026-02-19,https://fonts.google.com/specimen/Noto+Sans+Oriya
1153,Noto Sans Osage,Sans Serif,Sans Serif,,clean modern minimal professional readable neutral geometric humanist grotesque english western european extended-latin european noto google international comprehensive,400,,latin | latin-ext | osage,Google,1868,659,Yes,2020-11-19,2026-01-20,https://fonts.google.com/specimen/Noto+Sans+Osage
1154,Noto Sans Osmanya,Sans Serif,Sans Serif,,clean modern minimal professional readable neutral geometric humanist grotesque english western european extended-latin european noto google international comprehensive,400,,latin | latin-ext | osmanya,Google,1348,745,Yes,2020-11-19,2026-01-20,https://fonts.google.com/specimen/Noto+Sans+Osmanya
1155,Noto Sans Pahawh Hmong,Sans Serif,Sans Serif,,clean modern minimal professional readable neutral geometric humanist grotesque english western european extended-latin european noto google international comprehensive,400,,latin | latin-ext | pahawh-hmong,Google,1969,240,Yes,2020-11-19,2026-01-20,https://fonts.google.com/specimen/Noto+Sans+Pahawh+Hmong
1156,Noto Sans Palmyrene,Sans Serif,Sans Serif,,clean modern minimal professional readable neutral geometric humanist grotesque english western european extended-latin european noto google international comprehensive,400,,latin | latin-ext | palmyrene,Google,1734,145,Yes,2020-11-19,2025-09-02,https://fonts.google.com/specimen/Noto+Sans+Palmyrene
1157,Noto Sans Pau Cin Hau,Sans Serif,Sans Serif,,clean modern minimal professional readable neutral geometric humanist grotesque english western european extended-latin european noto google international comprehensive,400,,latin | latin-ext | pau-cin-hau,Google,2005,736,Yes,2020-11-19,2025-09-04,https://fonts.google.com/specimen/Noto+Sans+Pau+Cin+Hau
1158,Noto Sans PhagsPa,Sans Serif,Sans Serif,,clean modern minimal professional readable neutral geometric humanist grotesque english western european extended-latin european noto google international comprehensive,400,,latin | latin-ext | math | phags-pa | symbols,Google,2025,1815,Yes,2020-11-19,2025-09-10,https://fonts.google.com/specimen/Noto+Sans+PhagsPa
1159,Noto Sans Phoenician,Sans Serif,Sans Serif,,clean modern minimal professional readable neutral geometric humanist grotesque english western european extended-latin european noto google international comprehensive,400,,latin | latin-ext | phoenician,Google,1997,260,Yes,2020-11-19,2025-09-11,https://fonts.google.com/specimen/Noto+Sans+Phoenician
1160,Noto Sans Psalter Pahlavi,Sans Serif,Sans Serif,,clean modern minimal professional readable neutral geometric humanist grotesque english western european extended-latin european noto google international comprehensive,400,,latin | latin-ext | psalter-pahlavi,Google,1970,556,Yes,2020-11-19,2025-09-10,https://fonts.google.com/specimen/Noto+Sans+Psalter+Pahlavi
1161,Noto Sans Rejang,Sans Serif,Sans Serif,,clean modern minimal professional readable neutral geometric humanist grotesque english western european extended-latin european noto google international comprehensive,400,,latin | latin-ext | rejang,Google,1966,1331,Yes,2020-11-19,2025-12-10,https://fonts.google.com/specimen/Noto+Sans+Rejang
1162,Noto Sans Runic,Sans Serif,Sans Serif,,clean modern minimal professional readable neutral geometric humanist grotesque english western european extended-latin european noto google international comprehensive,400,,latin | latin-ext | runic,Google,1920,470,Yes,2020-11-19,2025-09-11,https://fonts.google.com/specimen/Noto+Sans+Runic
1163,Noto Sans SC,Sans Serif,Sans Serif,,clean modern minimal professional readable neutral geometric humanist grotesque versatile multi-weight flexible variable variable-font responsive variable-weight chinese simplified mandarin russian cyrillic slavic english western european extended-latin european vietnamese noto google international comprehensive popular widely-used,100 | 200 | 300 | 400 | 500 | 600 | 700 | 800 | 900,wght: -,chinese-simplified | cyrillic | latin | latin-ext | vietnamese,Google,77,382,Yes,2018-10-22,2026-01-06,https://fonts.google.com/specimen/Noto+Sans+SC
1164,Noto Sans Samaritan,Sans Serif,Sans Serif,,clean modern minimal professional readable neutral geometric humanist grotesque english western european extended-latin european noto google international comprehensive,400,,latin | latin-ext | samaritan,Google,1432,2273,Yes,2020-11-19,2025-09-10,https://fonts.google.com/specimen/Noto+Sans+Samaritan
1165,Noto Sans Saurashtra,Sans Serif,Sans Serif,,clean modern minimal professional readable neutral geometric humanist grotesque english western european extended-latin european noto google international comprehensive,400,,latin | latin-ext | saurashtra,Google,1979,474,Yes,2020-11-19,2025-09-16,https://fonts.google.com/specimen/Noto+Sans+Saurashtra
1166,Noto Sans Sharada,Sans Serif,Sans Serif,,clean modern minimal professional readable neutral geometric humanist grotesque english western european extended-latin european noto google international comprehensive,400,,latin | latin-ext | sharada,Google,1948,1486,Yes,2020-11-19,2026-01-20,https://fonts.google.com/specimen/Noto+Sans+Sharada
1167,Noto Sans Shavian,Sans Serif,Sans Serif,,clean modern minimal professional readable neutral geometric humanist grotesque english western european extended-latin european noto google international comprehensive,400,,latin | latin-ext | shavian,Google,1692,42,Yes,2020-11-19,2025-09-02,https://fonts.google.com/specimen/Noto+Sans+Shavian
1168,Noto Sans Siddham,Sans Serif,Sans Serif,,clean modern minimal professional readable neutral geometric humanist grotesque english western european extended-latin european noto google international comprehensive,400,,latin | latin-ext | siddham,Google,2031,739,Yes,2020-11-19,2025-09-10,https://fonts.google.com/specimen/Noto+Sans+Siddham
1169,Noto Sans SignWriting,Sans Serif,Sans Serif,,clean modern minimal professional readable neutral geometric humanist grotesque english western european extended-latin european noto google international comprehensive,400,,latin | latin-ext | signwriting,Google,1935,799,Yes,2022-10-30,2025-09-02,https://fonts.google.com/specimen/Noto+Sans+SignWriting
1170,Noto Sans Sinhala,Sans Serif,Sans Serif,,clean modern minimal professional readable neutral geometric humanist grotesque versatile multi-weight flexible variable variable-font responsive variable-weight variable-width english western european extended-latin european sinhala sri-lankan noto google international comprehensive,100 | 200 | 300 | 400 | 500 | 600 | 700 | 800 | 900,wdth: - | wght: -,latin | latin-ext | sinhala,Google,796,1406,Yes,2020-11-19,2025-09-17,https://fonts.google.com/specimen/Noto+Sans+Sinhala
1171,Noto Sans Sogdian,Sans Serif,Sans Serif,,clean modern minimal professional readable neutral geometric humanist grotesque english western european extended-latin european noto google international comprehensive,400,,latin | latin-ext | sogdian,Google,1833,181,Yes,2020-11-19,2025-09-11,https://fonts.google.com/specimen/Noto+Sans+Sogdian
1172,Noto Sans Sora Sompeng,Sans Serif,Sans Serif,,clean modern minimal professional readable neutral geometric humanist grotesque variable variable-font responsive variable-weight english western european extended-latin european noto google international comprehensive,400 | 500 | 600 | 700,wght: -,latin | latin-ext | sora-sompeng,Google,1496,448,Yes,2020-11-19,2025-09-10,https://fonts.google.com/specimen/Noto+Sans+Sora+Sompeng
1173,Noto Sans Soyombo,Sans Serif,Sans Serif,,clean modern minimal professional readable neutral geometric humanist grotesque english western european extended-latin european noto google international comprehensive,400,,latin | latin-ext | soyombo,Google,2024,1952,Yes,2020-11-19,2025-09-16,https://fonts.google.com/specimen/Noto+Sans+Soyombo
1174,Noto Sans Sundanese,Sans Serif,Sans Serif,,clean modern minimal professional readable neutral geometric humanist grotesque variable variable-font responsive variable-weight english western european extended-latin european noto google international comprehensive,400 | 500 | 600 | 700,wght: -,latin | latin-ext | sundanese,Google,1918,1301,Yes,2020-11-19,2025-09-11,https://fonts.google.com/specimen/Noto+Sans+Sundanese
1175,Noto Sans Sunuwar,Sans Serif,Sans Serif,,clean modern minimal professional readable neutral geometric humanist grotesque english western european extended-latin european noto google international comprehensive,400,,latin | latin-ext | sunuwar,Google,1848,38,Yes,2025-06-26,2025-06-26,https://fonts.google.com/specimen/Noto+Sans+Sunuwar
1176,Noto Sans Syloti Nagri,Sans Serif,Sans Serif,,clean modern minimal professional readable neutral geometric humanist grotesque english western european extended-latin european noto google international comprehensive,400,,latin | latin-ext | syloti-nagri,Google,1627,2130,Yes,2020-11-19,2025-09-04,https://fonts.google.com/specimen/Noto+Sans+Syloti+Nagri
1177,Noto Sans Symbols,Sans Serif,Sans Serif,Symbols,clean modern minimal professional readable neutral geometric humanist grotesque icon symbol emoji pictograph versatile multi-weight flexible variable variable-font responsive variable-weight english western european extended-latin european noto google international comprehensive,100 | 200 | 300 | 400 | 500 | 600 | 700 | 800 | 900,wght: -,latin | latin-ext | symbols,Google,445,2220,Yes,2020-11-19,2025-09-02,https://fonts.google.com/specimen/Noto+Sans+Symbols
1178,Noto Sans Symbols 2,Sans Serif,Sans Serif,Symbols,clean modern minimal professional readable neutral geometric humanist grotesque icon symbol emoji pictograph english western european extended-latin european multilingual international noto google international comprehensive,400,,braille | latin | latin-ext | math | mayan-numerals | symbols,Google,1161,423,Yes,2020-11-19,2025-09-04,https://fonts.google.com/specimen/Noto+Sans+Symbols+2
1179,Noto Sans Syriac,Sans Serif,Sans Serif,,clean modern minimal professional readable neutral geometric humanist grotesque versatile multi-weight flexible variable variable-font responsive variable-weight english western european extended-latin european noto google international comprehensive,100 | 200 | 300 | 400 | 500 | 600 | 700 | 800 | 900,wght: -,latin | latin-ext | syriac,Google,1736,881,Yes,2020-11-19,2025-09-04,https://fonts.google.com/specimen/Noto+Sans+Syriac
1180,Noto Sans Syriac Eastern,Sans Serif,Sans Serif,,clean modern minimal professional readable neutral geometric humanist grotesque versatile multi-weight flexible variable variable-font responsive variable-weight english western european extended-latin european noto google international comprehensive,100 | 200 | 300 | 400 | 500 | 600 | 700 | 800 | 900,wght: -,latin | latin-ext | syriac,Google,1762,179,Yes,2023-07-10,2025-09-02,https://fonts.google.com/specimen/Noto+Sans+Syriac+Eastern
1181,Noto Sans Syriac Western,Sans Serif,Sans Serif,,clean modern minimal professional readable neutral geometric humanist grotesque versatile multi-weight flexible variable variable-font responsive variable-weight english western european extended-latin european noto google international comprehensive,100 | 200 | 300 | 400 | 500 | 600 | 700 | 800 | 900,wght: -,latin | latin-ext | syriac,Google,1977,1252,Yes,2025-10-28,2025-10-29,https://fonts.google.com/specimen/Noto+Sans+Syriac+Western
1182,Noto Sans TC,Sans Serif,Sans Serif,,clean modern minimal professional readable neutral geometric humanist grotesque versatile multi-weight flexible variable variable-font responsive variable-weight chinese traditional russian cyrillic slavic english western european extended-latin european vietnamese noto google international comprehensive top-popular trending most-used,100 | 200 | 300 | 400 | 500 | 600 | 700 | 800 | 900,wght: -,chinese-traditional | cyrillic | latin | latin-ext | vietnamese,Google,42,404,Yes,2018-10-22,2026-01-06,https://fonts.google.com/specimen/Noto+Sans+TC
1183,Noto Sans Tagalog,Sans Serif,Sans Serif,,clean modern minimal professional readable neutral geometric humanist grotesque english western european extended-latin european noto google international comprehensive,400,,latin | latin-ext | tagalog,Google,1408,1864,Yes,2020-11-19,2025-09-16,https://fonts.google.com/specimen/Noto+Sans+Tagalog
1184,Noto Sans Tagbanwa,Sans Serif,Sans Serif,,clean modern minimal professional readable neutral geometric humanist grotesque english western european extended-latin european noto google international comprehensive,400,,latin | latin-ext | tagbanwa,Google,1916,1020,Yes,2020-11-19,2026-01-20,https://fonts.google.com/specimen/Noto+Sans+Tagbanwa
1185,Noto Sans Tai Le,Sans Serif,Sans Serif,,clean modern minimal professional readable neutral geometric humanist grotesque english western european extended-latin european noto google international comprehensive,400,,latin | latin-ext | tai-le,Google,1900,341,Yes,2020-11-19,2026-01-20,https://fonts.google.com/specimen/Noto+Sans+Tai+Le
1186,Noto Sans Tai Tham,Sans Serif,Sans Serif,,clean modern minimal professional readable neutral geometric humanist grotesque variable variable-font responsive variable-weight english western european extended-latin european noto google international comprehensive,400 | 500 | 600 | 700,wght: -,latin | latin-ext | tai-tham,Google,1934,877,Yes,2020-11-19,2025-09-16,https://fonts.google.com/specimen/Noto+Sans+Tai+Tham
1187,Noto Sans Tai Viet,Sans Serif,Sans Serif,,clean modern minimal professional readable neutral geometric humanist grotesque english western european extended-latin european noto google international comprehensive,400,,latin | latin-ext | tai-viet,Google,1470,1391,Yes,2020-11-19,2025-09-16,https://fonts.google.com/specimen/Noto+Sans+Tai+Viet
1188,Noto Sans Takri,Sans Serif,Sans Serif,,clean modern minimal professional readable neutral geometric humanist grotesque english western european extended-latin european noto google international comprehensive,400,,latin | latin-ext | takri,Google,1764,84,Yes,2020-11-19,2025-09-04,https://fonts.google.com/specimen/Noto+Sans+Takri
1189,Noto Sans Tamil,Sans Serif,Sans Serif,,clean modern minimal professional readable neutral geometric humanist grotesque versatile multi-weight flexible variable variable-font responsive variable-weight variable-width english western european extended-latin european tamil indian noto google international comprehensive,100 | 200 | 300 | 400 | 500 | 600 | 700 | 800 | 900,wdth: - | wght: -,latin | latin-ext | tamil,Google,314,614,Yes,2020-11-19,2025-09-16,https://fonts.google.com/specimen/Noto+Sans+Tamil
1190,Noto Sans Tamil Supplement,Sans Serif,Sans Serif,,clean modern minimal professional readable neutral geometric humanist grotesque english western european extended-latin european noto google international comprehensive,400,,latin | latin-ext | tamil-supplement,Google,1953,640,Yes,2020-11-19,2025-09-17,https://fonts.google.com/specimen/Noto+Sans+Tamil+Supplement
1191,Noto Sans Tangsa,Sans Serif,Sans Serif,,clean modern minimal professional readable neutral geometric humanist grotesque variable variable-font responsive variable-weight english western european extended-latin european noto google international comprehensive,400 | 500 | 600 | 700,wght: -,latin | latin-ext | tangsa,Google,1753,228,Yes,2022-09-11,2025-09-16,https://fonts.google.com/specimen/Noto+Sans+Tangsa
1192,Noto Sans Telugu,Sans Serif,Sans Serif,,clean modern minimal professional readable neutral geometric humanist grotesque versatile multi-weight flexible variable variable-font responsive variable-weight variable-width english western european extended-latin european telugu indian noto google international comprehensive popular widely-used,100 | 200 | 300 | 400 | 500 | 600 | 700 | 800 | 900,wdth: - | wght: -,latin | latin-ext | telugu,Google,101,986,Yes,2020-11-19,2025-09-08,https://fonts.google.com/specimen/Noto+Sans+Telugu
1193,Noto Sans Thaana,Sans Serif,Sans Serif,,clean modern minimal professional readable neutral geometric humanist grotesque versatile multi-weight flexible variable variable-font responsive variable-weight english western european extended-latin european noto google international comprehensive,100 | 200 | 300 | 400 | 500 | 600 | 700 | 800 | 900,wght: -,latin | latin-ext | thaana,Google,1368,2261,Yes,2020-11-19,2025-09-04,https://fonts.google.com/specimen/Noto+Sans+Thaana
1194,Noto Sans Thai,Sans Serif,Sans Serif,,clean modern minimal professional readable neutral geometric humanist grotesque versatile multi-weight flexible variable variable-font responsive variable-weight variable-width english western european extended-latin european thai southeast-asia noto google international comprehensive popular widely-used,100 | 200 | 300 | 400 | 500 | 600 | 700 | 800 | 900,wdth: - | wght: -,latin | latin-ext | thai,Google,144,349,Yes,2020-11-19,2025-09-04,https://fonts.google.com/specimen/Noto+Sans+Thai
1195,Noto Sans Thai Looped,Sans Serif,Sans Serif,,clean modern minimal professional readable neutral geometric humanist grotesque versatile multi-weight flexible variable variable-font responsive variable-weight variable-width english western european extended-latin european thai southeast-asia noto google international comprehensive,100 | 200 | 300 | 400 | 500 | 600 | 700 | 800 | 900,wdth: - | wght: -,latin | latin-ext | thai,Google,1010,582,Yes,2020-11-19,2025-09-04,https://fonts.google.com/specimen/Noto+Sans+Thai+Looped
1196,Noto Sans Tifinagh,Sans Serif,Sans Serif,,clean modern minimal professional readable neutral geometric humanist grotesque english western european extended-latin european noto google international comprehensive,400,,latin | latin-ext | tifinagh,Google,1816,774,Yes,2020-11-19,2025-09-10,https://fonts.google.com/specimen/Noto+Sans+Tifinagh
1197,Noto Sans Tirhuta,Sans Serif,Sans Serif,,clean modern minimal professional readable neutral geometric humanist grotesque english western european extended-latin european noto google international comprehensive,400,,latin | latin-ext | tirhuta,Google,1965,117,Yes,2020-11-19,2025-09-04,https://fonts.google.com/specimen/Noto+Sans+Tirhuta
1198,Noto Sans Ugaritic,Sans Serif,Sans Serif,,clean modern minimal professional readable neutral geometric humanist grotesque english western european extended-latin european noto google international comprehensive,400,,latin | latin-ext | ugaritic,Google,2002,798,Yes,2020-11-19,2025-09-16,https://fonts.google.com/specimen/Noto+Sans+Ugaritic
1199,Noto Sans Vai,Sans Serif,Sans Serif,,clean modern minimal professional readable neutral geometric humanist grotesque english western european extended-latin european noto google international comprehensive,400,,latin | latin-ext | vai,Google,1926,265,Yes,2020-11-19,2026-01-20,https://fonts.google.com/specimen/Noto+Sans+Vai
1200,Noto Sans Vithkuqi,Sans Serif,Sans Serif,,clean modern minimal professional readable neutral geometric humanist grotesque variable variable-font responsive variable-weight english western european extended-latin european noto google international comprehensive,400 | 500 | 600 | 700,wght: -,latin | latin-ext | vithkuqi,Google,1809,113,Yes,2022-10-10,2025-09-16,https://fonts.google.com/specimen/Noto+Sans+Vithkuqi
1201,Noto Sans Wancho,Sans Serif,Sans Serif,,clean modern minimal professional readable neutral geometric humanist grotesque english western european extended-latin european noto google international comprehensive,400,,latin | latin-ext | wancho,Google,1932,1197,Yes,2020-11-19,2026-01-20,https://fonts.google.com/specimen/Noto+Sans+Wancho
1202,Noto Sans Warang Citi,Sans Serif,Sans Serif,,clean modern minimal professional readable neutral geometric humanist grotesque english western european extended-latin european noto google international comprehensive,400,,latin | latin-ext | warang-citi,Google,1383,2271,Yes,2020-11-19,2026-01-20,https://fonts.google.com/specimen/Noto+Sans+Warang+Citi
1203,Noto Sans Yi,Sans Serif,Sans Serif,,clean modern minimal professional readable neutral geometric humanist grotesque english western european extended-latin european noto google international comprehensive,400,,latin | latin-ext | yi,Google,1788,313,Yes,2020-11-19,2026-01-20,https://fonts.google.com/specimen/Noto+Sans+Yi
1204,Noto Sans Zanabazar Square,Sans Serif,Sans Serif,,clean modern minimal professional readable neutral geometric humanist grotesque english western european extended-latin european noto google international comprehensive,400,,latin | latin-ext | zanabazar-square,Google,1925,311,Yes,2020-11-19,2025-09-16,https://fonts.google.com/specimen/Noto+Sans+Zanabazar+Square
1205,Noto Serif,Serif,Serif,,elegant traditional classic refined literary editorial transitional oldstyle didone versatile multi-weight flexible italic variable variable-font responsive variable-weight variable-width russian cyrillic slavic cyrillic extended greek greek extended english western european extended-latin european vietnamese multilingual international noto google international comprehensive popular widely-used,100 | 100i | 200 | 200i | 300 | 300i | 400 | 400i | 500 | 500i | 600 | 600i | 700 | 700i | 800 | 800i | 900 | 900i,wdth: - | wght: -,cyrillic | cyrillic-ext | greek | greek-ext | latin | latin-ext | math | vietnamese,Google,58,574,Yes,2013-02-27,2025-09-05,https://fonts.google.com/specimen/Noto+Serif
1206,Noto Serif Ahom,Serif,Serif,,elegant traditional classic refined literary editorial transitional oldstyle didone english western european extended-latin european noto google international comprehensive,400,,ahom | latin | latin-ext,Google,1422,489,Yes,2020-11-19,2025-09-08,https://fonts.google.com/specimen/Noto+Serif+Ahom
1207,Noto Serif Armenian,Serif,Serif,,elegant traditional classic refined literary editorial transitional oldstyle didone versatile multi-weight flexible variable variable-font responsive variable-weight variable-width armenian english western european extended-latin european noto google international comprehensive,100 | 200 | 300 | 400 | 500 | 600 | 700 | 800 | 900,wdth: - | wght: -,armenian | latin | latin-ext,Google,1548,390,Yes,2020-11-19,2025-09-04,https://fonts.google.com/specimen/Noto+Serif+Armenian
1208,Noto Serif Balinese,Serif,Serif,,elegant traditional classic refined literary editorial transitional oldstyle didone english western european extended-latin european noto google international comprehensive,400,,balinese | latin | latin-ext,Google,1756,2024,Yes,2020-11-19,2025-09-11,https://fonts.google.com/specimen/Noto+Serif+Balinese
1209,Noto Serif Bengali,Serif,Serif,,elegant traditional classic refined literary editorial transitional oldstyle didone versatile multi-weight flexible variable variable-font responsive variable-weight variable-width bengali bangladeshi indian english western european extended-latin european noto google international comprehensive well-known common,100 | 200 | 300 | 400 | 500 | 600 | 700 | 800 | 900,wdth: - | wght: -,bengali | latin | latin-ext,Google,290,70,Yes,2020-11-19,2025-09-17,https://fonts.google.com/specimen/Noto+Serif+Bengali
1210,Noto Serif Devanagari,Serif,Serif,,elegant traditional classic refined literary editorial transitional oldstyle didone versatile multi-weight flexible variable variable-font responsive variable-weight variable-width hindi devanagari indian english western european extended-latin european noto google international comprehensive,100 | 200 | 300 | 400 | 500 | 600 | 700 | 800 | 900,wdth: - | wght: -,devanagari | latin | latin-ext,Google,386,27,Yes,2020-11-19,2025-09-11,https://fonts.google.com/specimen/Noto+Serif+Devanagari
1211,Noto Serif Display,Serif,Serif,Display,elegant traditional classic refined literary editorial transitional oldstyle didone headline hero decorative large-text attention versatile multi-weight flexible italic variable variable-font responsive variable-weight variable-width russian cyrillic slavic cyrillic extended greek greek extended english western european extended-latin european vietnamese multilingual international noto google international comprehensive,100 | 100i | 200 | 200i | 300 | 300i | 400 | 400i | 500 | 500i | 600 | 600i | 700 | 700i | 800 | 800i | 900 | 900i,wdth: - | wght: -,cyrillic | cyrillic-ext | greek | greek-ext | latin | latin-ext | vietnamese,Google,472,1209,Yes,2020-11-19,2025-09-05,https://fonts.google.com/specimen/Noto+Serif+Display
1212,Noto Serif Dives Akuru,Serif,Serif,,elegant traditional classic refined literary editorial transitional oldstyle didone english western european extended-latin european,400,,dives-akuru | latin | latin-ext,Google,1949,102,No,2025-02-05,2025-08-26,https://fonts.google.com/specimen/Noto+Serif+Dives+Akuru
1213,Noto Serif Dogra,Serif,Serif,,elegant traditional classic refined literary editorial transitional oldstyle didone english western european extended-latin european noto google international comprehensive,400,,dogra | latin | latin-ext,Google,1855,1469,Yes,2020-11-19,2025-09-08,https://fonts.google.com/specimen/Noto+Serif+Dogra
1214,Noto Serif Ethiopic,Serif,Serif,,elegant traditional classic refined literary editorial transitional oldstyle didone versatile multi-weight flexible variable variable-font responsive variable-weight variable-width ethiopic amharic english western european extended-latin european noto google international comprehensive,100 | 200 | 300 | 400 | 500 | 600 | 700 | 800 | 900,wdth: - | wght: -,ethiopic | latin | latin-ext,Google,1625,159,Yes,2020-11-19,2025-09-11,https://fonts.google.com/specimen/Noto+Serif+Ethiopic
1215,Noto Serif Georgian,Serif,Serif,,elegant traditional classic refined literary editorial transitional oldstyle didone versatile multi-weight flexible variable variable-font responsive variable-weight variable-width georgian english western european extended-latin european noto google international comprehensive,100 | 200 | 300 | 400 | 500 | 600 | 700 | 800 | 900,wdth: - | wght: -,georgian | latin | latin-ext,Google,997,79,Yes,2020-11-19,2025-09-10,https://fonts.google.com/specimen/Noto+Serif+Georgian
1216,Noto Serif Grantha,Serif,Serif,,elegant traditional classic refined literary editorial transitional oldstyle didone english western european extended-latin european noto google international comprehensive,400,,grantha | latin | latin-ext,Google,1894,201,Yes,2020-11-19,2025-09-11,https://fonts.google.com/specimen/Noto+Serif+Grantha
1217,Noto Serif Gujarati,Serif,Serif,,elegant traditional classic refined literary editorial transitional oldstyle didone versatile multi-weight flexible variable variable-font responsive variable-weight gujarati indian english western european extended-latin european noto google international comprehensive,100 | 200 | 300 | 400 | 500 | 600 | 700 | 800 | 900,wght: -,gujarati | latin | latin-ext | math | symbols,Google,1559,1425,Yes,2020-11-19,2025-09-11,https://fonts.google.com/specimen/Noto+Serif+Gujarati
1218,Noto Serif Gurmukhi,Serif,Serif,,elegant traditional classic refined literary editorial transitional oldstyle didone versatile multi-weight flexible variable variable-font responsive variable-weight punjabi gurmukhi indian english western european extended-latin european noto google international comprehensive,100 | 200 | 300 | 400 | 500 | 600 | 700 | 800 | 900,wght: -,gurmukhi | latin | latin-ext,Google,1863,597,Yes,2020-11-19,2025-09-11,https://fonts.google.com/specimen/Noto+Serif+Gurmukhi
1219,Noto Serif HK,Serif,Serif,,elegant traditional classic refined literary editorial transitional oldstyle didone versatile multi-weight flexible variable variable-font responsive variable-weight russian cyrillic slavic english western european extended-latin european vietnamese noto google international comprehensive,200 | 300 | 400 | 500 | 600 | 700 | 800 | 900,wght: -,chinese-hongkong | cyrillic | latin | latin-ext | vietnamese,Google,1095,1287,Yes,2022-05-11,2026-01-06,https://fonts.google.com/specimen/Noto+Serif+HK
1220,Noto Serif Hebrew,Serif,Serif,,elegant traditional classic refined literary editorial transitional oldstyle didone versatile multi-weight flexible variable variable-font responsive variable-weight variable-width hebrew RTL israeli english western european extended-latin european noto google international comprehensive,100 | 200 | 300 | 400 | 500 | 600 | 700 | 800 | 900,wdth: - | wght: -,hebrew | latin | latin-ext,Google,381,30,Yes,2020-11-19,2025-09-08,https://fonts.google.com/specimen/Noto+Serif+Hebrew
1221,Noto Serif Hentaigana,Serif,Serif,,elegant traditional classic refined literary editorial transitional oldstyle didone versatile multi-weight flexible variable variable-font responsive variable-weight english western european extended-latin european noto google international comprehensive,200 | 300 | 400 | 500 | 600 | 700 | 800 | 900,wght: -,kana-extended | latin | latin-ext,Google,1906,1507,Yes,2025-01-27,2025-09-04,https://fonts.google.com/specimen/Noto+Serif+Hentaigana
1222,Noto Serif JP,Serif,Serif,,elegant traditional classic refined literary editorial transitional oldstyle didone versatile multi-weight flexible variable variable-font responsive variable-weight russian cyrillic slavic japanese kanji hiragana katakana english western european extended-latin european vietnamese noto google international comprehensive popular widely-used,200 | 300 | 400 | 500 | 600 | 700 | 800 | 900,wght: -,cyrillic | japanese | latin | latin-ext | vietnamese,Google,80,652,Yes,2018-08-22,2026-01-06,https://fonts.google.com/specimen/Noto+Serif+JP
1223,Noto Serif KR,Serif,Serif,,elegant traditional classic refined literary editorial transitional oldstyle didone versatile multi-weight flexible variable variable-font responsive variable-weight russian cyrillic slavic korean hangul english western european extended-latin european vietnamese noto google international comprehensive well-known common,200 | 300 | 400 | 500 | 600 | 700 | 800 | 900,wght: -,cyrillic | korean | latin | latin-ext | vietnamese,Google,166,167,Yes,2018-08-22,2026-01-06,https://fonts.google.com/specimen/Noto+Serif+KR
1224,Noto Serif Kannada,Serif,Serif,,elegant traditional classic refined literary editorial transitional oldstyle didone versatile multi-weight flexible variable variable-font responsive variable-weight kannada indian english western european extended-latin european noto google international comprehensive,100 | 200 | 300 | 400 | 500 | 600 | 700 | 800 | 900,wght: -,kannada | latin | latin-ext,Google,1387,2005,Yes,2020-11-19,2025-09-11,https://fonts.google.com/specimen/Noto+Serif+Kannada
1225,Noto Serif Khitan Small Script,Serif,Serif,,elegant traditional classic refined literary editorial transitional oldstyle didone english western european extended-latin european noto google international comprehensive,400,,khitan-small-script | latin | latin-ext,Google,1840,428,Yes,2023-07-10,2025-05-30,https://fonts.google.com/specimen/Noto+Serif+Khitan+Small+Script
1226,Noto Serif Khmer,Serif,Serif,,elegant traditional classic refined literary editorial transitional oldstyle didone versatile multi-weight flexible variable variable-font responsive variable-weight variable-width khmer cambodian english western european extended-latin european noto google international comprehensive,100 | 200 | 300 | 400 | 500 | 600 | 700 | 800 | 900,wdth: - | wght: -,khmer | latin | latin-ext,Google,1579,2046,Yes,2020-11-19,2025-09-11,https://fonts.google.com/specimen/Noto+Serif+Khmer
1227,Noto Serif Khojki,Serif,Serif,,elegant traditional classic refined literary editorial transitional oldstyle didone variable variable-font responsive variable-weight english western european extended-latin european noto google international comprehensive,400 | 500 | 600 | 700,wght: -,khojki | latin | latin-ext,Google,771,110,Yes,2022-08-29,2025-09-08,https://fonts.google.com/specimen/Noto+Serif+Khojki
1228,Noto Serif Lao,Serif,Serif,,elegant traditional classic refined literary editorial transitional oldstyle didone versatile multi-weight flexible variable variable-font responsive variable-weight variable-width lao laotian english western european extended-latin european noto google international comprehensive,100 | 200 | 300 | 400 | 500 | 600 | 700 | 800 | 900,wdth: - | wght: -,lao | latin | latin-ext,Google,1428,389,Yes,2020-11-19,2025-09-16,https://fonts.google.com/specimen/Noto+Serif+Lao
1229,Noto Serif Makasar,Serif,Serif,,elegant traditional classic refined literary editorial transitional oldstyle didone english western european extended-latin european noto google international comprehensive,400,,latin | latin-ext | makasar,Google,1802,212,Yes,2023-06-27,2023-06-29,https://fonts.google.com/specimen/Noto+Serif+Makasar
1230,Noto Serif Malayalam,Serif,Serif,,elegant traditional classic refined literary editorial transitional oldstyle didone versatile multi-weight flexible variable variable-font responsive variable-weight english western european extended-latin european malayalam indian noto google international comprehensive,100 | 200 | 300 | 400 | 500 | 600 | 700 | 800 | 900,wght: -,latin | latin-ext | malayalam,Google,1209,520,Yes,2020-11-19,2025-09-10,https://fonts.google.com/specimen/Noto+Serif+Malayalam
1231,Noto Serif Myanmar,Serif,Serif,,elegant traditional classic refined literary editorial transitional oldstyle didone versatile multi-weight flexible myanmar burmese noto google international comprehensive,100 | 200 | 300 | 400 | 500 | 600 | 700 | 800 | 900,,myanmar,Google,1838,1767,Yes,2020-11-19,2025-09-11,https://fonts.google.com/specimen/Noto+Serif+Myanmar
1232,Noto Serif NP Hmong,Serif,Serif,,elegant traditional classic refined literary editorial transitional oldstyle didone variable variable-font responsive variable-weight english western european noto google international comprehensive,400 | 500 | 600 | 700,wght: -,latin | nyiakeng-puachue-hmong,Google,1824,493,Yes,2020-11-19,2025-09-08,https://fonts.google.com/specimen/Noto+Serif+NP+Hmong
1233,Noto Serif Old Uyghur,Serif,Serif,,elegant traditional classic refined literary editorial transitional oldstyle didone english western european extended-latin european noto google international comprehensive,400,,latin | latin-ext | old-uyghur,Google,1942,2259,Yes,2023-09-25,2024-09-23,https://fonts.google.com/specimen/Noto+Serif+Old+Uyghur
1234,Noto Serif Oriya,Serif,Serif,,elegant traditional classic refined literary editorial transitional oldstyle didone variable variable-font responsive variable-weight english western european extended-latin european odia oriya indian noto google international comprehensive,400 | 500 | 600 | 700,wght: -,latin | latin-ext | oriya,Google,1798,890,Yes,2022-07-04,2025-09-08,https://fonts.google.com/specimen/Noto+Serif+Oriya
1235,Noto Serif Ottoman Siyaq,Serif,Serif,,elegant traditional classic refined literary editorial transitional oldstyle didone english western european extended-latin european noto google international comprehensive,400,,latin | latin-ext | ottoman-siyaq-numbers,Google,1904,1573,Yes,2023-06-21,2025-05-30,https://fonts.google.com/specimen/Noto+Serif+Ottoman+Siyaq
1236,Noto Serif SC,Serif,Serif,,elegant traditional classic refined literary editorial transitional oldstyle didone versatile multi-weight flexible variable variable-font responsive variable-weight chinese simplified mandarin russian cyrillic slavic english western european extended-latin european vietnamese noto google international comprehensive well-known common,200 | 300 | 400 | 500 | 600 | 700 | 800 | 900,wght: -,chinese-simplified | cyrillic | latin | latin-ext | vietnamese,Google,180,160,Yes,2018-12-03,2026-01-06,https://fonts.google.com/specimen/Noto+Serif+SC
1237,Noto Serif Sinhala,Serif,Serif,,elegant traditional classic refined literary editorial transitional oldstyle didone versatile multi-weight flexible variable variable-font responsive variable-weight variable-width english western european extended-latin european sinhala sri-lankan noto google international comprehensive,100 | 200 | 300 | 400 | 500 | 600 | 700 | 800 | 900,wdth: - | wght: -,latin | latin-ext | sinhala,Google,1475,356,Yes,2020-11-19,2025-09-11,https://fonts.google.com/specimen/Noto+Serif+Sinhala
1238,Noto Serif TC,Serif,Serif,,elegant traditional classic refined literary editorial transitional oldstyle didone versatile multi-weight flexible variable variable-font responsive variable-weight chinese traditional russian cyrillic slavic english western european extended-latin european vietnamese noto google international comprehensive well-known common,200 | 300 | 400 | 500 | 600 | 700 | 800 | 900,wght: -,chinese-traditional | cyrillic | latin | latin-ext | vietnamese,Google,177,139,Yes,2018-12-03,2025-12-10,https://fonts.google.com/specimen/Noto+Serif+TC
1239,Noto Serif Tamil,Serif,Serif,,elegant traditional classic refined literary editorial transitional oldstyle didone versatile multi-weight flexible italic variable variable-font responsive variable-weight variable-width english western european extended-latin european tamil indian noto google international comprehensive,100 | 100i | 200 | 200i | 300 | 300i | 400 | 400i | 500 | 500i | 600 | 600i | 700 | 700i | 800 | 800i | 900 | 900i,wdth: - | wght: -,latin | latin-ext | tamil,Google,1556,415,Yes,2020-11-19,2025-09-02,https://fonts.google.com/specimen/Noto+Serif+Tamil
1240,Noto Serif Tangut,Serif,Serif,,elegant traditional classic refined literary editorial transitional oldstyle didone english western european extended-latin european noto google international comprehensive,400,,latin | latin-ext | tangut,Google,1623,321,Yes,2020-11-19,2025-08-26,https://fonts.google.com/specimen/Noto+Serif+Tangut
1241,Noto Serif Telugu,Serif,Serif,,elegant traditional classic refined literary editorial transitional oldstyle didone versatile multi-weight flexible variable variable-font responsive variable-weight english western european extended-latin european telugu indian noto google international comprehensive,100 | 200 | 300 | 400 | 500 | 600 | 700 | 800 | 900,wght: -,latin | latin-ext | telugu,Google,1488,2115,Yes,2020-11-19,2025-09-11,https://fonts.google.com/specimen/Noto+Serif+Telugu
1242,Noto Serif Thai,Serif,Serif,,elegant traditional classic refined literary editorial transitional oldstyle didone versatile multi-weight flexible variable variable-font responsive variable-weight variable-width english western european extended-latin european thai southeast-asia noto google international comprehensive,100 | 200 | 300 | 400 | 500 | 600 | 700 | 800 | 900,wdth: - | wght: -,latin | latin-ext | thai,Google,399,18,Yes,2020-11-19,2025-09-16,https://fonts.google.com/specimen/Noto+Serif+Thai
1243,Noto Serif Tibetan,Serif,Serif,,elegant traditional classic refined literary editorial transitional oldstyle didone versatile multi-weight flexible variable variable-font responsive variable-weight english western european extended-latin european tibetan noto google international comprehensive,100 | 200 | 300 | 400 | 500 | 600 | 700 | 800 | 900,wght: -,latin | latin-ext | tibetan,Google,1725,2262,Yes,2020-11-19,2025-09-04,https://fonts.google.com/specimen/Noto+Serif+Tibetan
1244,Noto Serif Todhri,Serif,Serif,,elegant traditional classic refined literary editorial transitional oldstyle didone english western european extended-latin european noto google international comprehensive,400,,latin | latin-ext | todhri,Google,1873,952,Yes,2025-01-21,2025-01-22,https://fonts.google.com/specimen/Noto+Serif+Todhri
1245,Noto Serif Toto,Serif,Serif,,elegant traditional classic refined literary editorial transitional oldstyle didone variable variable-font responsive variable-weight english western european extended-latin european noto google international comprehensive,400 | 500 | 600 | 700,wght: -,latin | latin-ext | toto,Google,1761,296,Yes,2022-09-04,2025-09-16,https://fonts.google.com/specimen/Noto+Serif+Toto
1246,Noto Serif Vithkuqi,Serif,Serif,,elegant traditional classic refined literary editorial transitional oldstyle didone variable variable-font responsive variable-weight english western european extended-latin european noto google international comprehensive,400 | 500 | 600 | 700,wght: -,latin | latin-ext | vithkuqi,Google,1681,1294,Yes,2022-10-10,2025-09-16,https://fonts.google.com/specimen/Noto+Serif+Vithkuqi
1247,Noto Serif Yezidi,Serif,Serif,,elegant traditional classic refined literary editorial transitional oldstyle didone variable variable-font responsive variable-weight english western european extended-latin european noto google international comprehensive,400 | 500 | 600 | 700,wght: -,latin | latin-ext | yezidi,Google,1789,2061,Yes,2020-11-19,2025-09-04,https://fonts.google.com/specimen/Noto+Serif+Yezidi
1248,Noto Traditional Nushu,Sans Serif,Sans Serif,,clean modern minimal professional readable neutral geometric humanist grotesque variable variable-font responsive variable-weight english western european extended-latin european noto google international comprehensive,300 | 400 | 500 | 600 | 700,wght: -,latin | latin-ext | nushu,Google,1795,194,Yes,2020-11-19,2025-09-11,https://fonts.google.com/specimen/Noto+Traditional+Nushu
1249,Noto Znamenny Musical Notation,Sans Serif,Sans Serif,Symbols,clean modern minimal professional readable neutral geometric humanist grotesque icon symbol emoji pictograph english western european extended-latin european noto google international comprehensive,400,,latin | latin-ext | math | symbols | znamenny,Google,1891,2191,Yes,2023-12-10,2025-06-09,https://fonts.google.com/specimen/Noto+Znamenny+Musical+Notation
1250,Nova Cut,Display,,Display,bold decorative headline attention-grabbing creative expressive  headline hero decorative large-text attention english western european extended-latin european,400,,latin | latin-ext,Wojciech Kalinowski,1234,954,No,2011-03-23,2025-09-08,https://fonts.google.com/specimen/Nova+Cut
1251,Nova Flat,Display,,Display,bold decorative headline attention-grabbing creative expressive  headline hero decorative large-text attention english western european extended-latin european,400,,latin | latin-ext,Wojciech Kalinowski,1113,1416,No,2011-03-23,2025-09-04,https://fonts.google.com/specimen/Nova+Flat
1252,Nova Mono,Monospace,,Monospace | Display,code developer technical fixed-width terminal programming  mono fixed-width tabular data code headline hero decorative large-text attention greek english western european extended-latin european,400,,greek | latin | latin-ext,Wojciech Kalinowski,830,862,No,2011-03-23,2025-09-10,https://fonts.google.com/specimen/Nova+Mono
1253,Nova Oval,Display,,Display,bold decorative headline attention-grabbing creative expressive  headline hero decorative large-text attention english western european extended-latin european,400,,latin | latin-ext,Wojciech Kalinowski,1242,921,No,2011-03-23,2025-09-02,https://fonts.google.com/specimen/Nova+Oval
1254,Nova Round,Display,,Display,bold decorative headline attention-grabbing creative expressive  headline hero decorative large-text attention english western european extended-latin european,400,,latin | latin-ext,Wojciech Kalinowski,1062,1208,No,2011-03-23,2025-09-16,https://fonts.google.com/specimen/Nova+Round
1255,Nova Script,Display,,Display,bold decorative headline attention-grabbing creative expressive  headline hero decorative large-text attention english western european extended-latin european,400,,latin | latin-ext,Wojciech Kalinowski,1237,1191,No,2011-03-23,2025-09-02,https://fonts.google.com/specimen/Nova+Script
1256,Nova Slim,Display,,Display,bold decorative headline attention-grabbing creative expressive  headline hero decorative large-text attention english western european extended-latin european,400,,latin | latin-ext,Wojciech Kalinowski,1172,1476,No,2011-03-23,2025-09-10,https://fonts.google.com/specimen/Nova+Slim
1257,Nova Square,Display,Sans Serif,Display,bold decorative headline attention-grabbing creative expressive geometric humanist grotesque headline hero decorative large-text attention english western european extended-latin european,400,,latin | latin-ext,Wojciech Kalinowski,569,1778,No,2011-04-14,2025-09-10,https://fonts.google.com/specimen/Nova+Square
1258,Numans,Sans Serif,Sans Serif,,clean modern minimal professional readable neutral geometric humanist grotesque english western european,400,,latin,Jovanny Lemonad,1006,1332,No,2011-08-17,2025-09-10,https://fonts.google.com/specimen/Numans
1259,Nunito,Sans Serif,Sans Serif,,clean modern minimal professional readable neutral geometric humanist grotesque versatile multi-weight flexible italic variable variable-font responsive variable-weight russian cyrillic slavic cyrillic extended english western european extended-latin european vietnamese top-popular trending most-used,1000 | 1000i | 200 | 200i | 300 | 300i | 400 | 400i | 500 | 500i | 600 | 600i | 700 | 700i | 800 | 800i | 900 | 900i,wght: -,cyrillic | cyrillic-ext | latin | latin-ext | vietnamese,Vernon Adams | Cyreal | Jacques Le Bailly,23,1327,No,2012-08-12,2025-09-16,https://fonts.google.com/specimen/Nunito
1260,Nunito Sans,Sans Serif,Sans Serif,,clean modern minimal professional readable neutral geometric humanist grotesque versatile multi-weight flexible italic variable variable-font responsive variable-weight variable-width russian cyrillic slavic cyrillic extended english western european extended-latin european vietnamese top-popular trending most-used,1000 | 1000i | 200 | 200i | 300 | 300i | 400 | 400i | 500 | 500i | 600 | 600i | 700 | 700i | 800 | 800i | 900 | 900i,YTLC: - | opsz: - | wdth: - | wght: -,cyrillic | cyrillic-ext | latin | latin-ext | vietnamese,Vernon Adams | Jacques Le Bailly | Manvel Shmavonyan | Alexei Vanyashin,24,1589,No,2016-12-07,2025-09-16,https://fonts.google.com/specimen/Nunito+Sans
1261,Nuosu SIL,Sans Serif,Sans Serif,,clean modern minimal professional readable neutral geometric humanist grotesque english western european extended-latin european,400,,latin | latin-ext | yi,SIL International,1388,190,No,2022-04-28,2025-09-04,https://fonts.google.com/specimen/Nuosu+SIL
1262,Odibee Sans,Display,Sans Serif,Display,bold decorative headline attention-grabbing creative expressive geometric humanist grotesque headline hero decorative large-text attention english western european,400,,latin,James Barnard,1126,2050,No,2019-11-08,2025-09-16,https://fonts.google.com/specimen/Odibee+Sans
1263,Odor Mean Chey,Serif,Serif,,elegant traditional classic refined literary editorial transitional oldstyle didone khmer cambodian english western european,400,,khmer | latin,Danh Hong,1201,963,No,2011-03-02,2025-09-08,https://fonts.google.com/specimen/Odor+Mean+Chey
1264,Offside,Display,Sans Serif,Display,bold decorative headline attention-grabbing creative expressive geometric humanist grotesque headline hero decorative large-text attention english western european extended-latin european,400,,latin | latin-ext,Eduardo Tunni,1420,1543,No,2012-10-26,2025-09-04,https://fonts.google.com/specimen/Offside
1265,Oi,Display,Serif,Display,bold decorative headline attention-grabbing creative expressive transitional oldstyle didone headline hero decorative large-text attention arabic RTL middle-east russian cyrillic slavic cyrillic extended greek english western european extended-latin european tamil indian vietnamese multilingual international,400,,arabic | cyrillic | cyrillic-ext | greek | latin | latin-ext | tamil | vietnamese,Kostas Bartsokas,1513,624,No,2021-02-03,2025-09-04,https://fonts.google.com/specimen/Oi
1266,Ojuju,Sans Serif,Sans Serif,Display,clean modern minimal professional readable neutral geometric humanist grotesque headline hero decorative large-text attention versatile multi-weight flexible variable variable-font responsive variable-weight english western european extended-latin european vietnamese,200 | 300 | 400 | 500 | 600 | 700 | 800,wght: -,latin | latin-ext | math | symbols | vietnamese,Ụdị Foundry | Chisaokwu Joboson | Mirko Velimirović,1534,2103,No,2024-02-26,2025-09-08,https://fonts.google.com/specimen/Ojuju
1267,Old Standard TT,Serif,Serif,Display,elegant traditional classic refined literary editorial transitional oldstyle didone headline hero decorative large-text attention italic russian cyrillic slavic cyrillic extended english western european extended-latin european vietnamese well-known common,400 | 400i | 700,,cyrillic | cyrillic-ext | latin | latin-ext | vietnamese,Alexey Kryukov,289,1436,No,2010-05-18,2025-09-11,https://fonts.google.com/specimen/Old+Standard+TT
1268,Oldenburg,Display,Serif,Display,bold decorative headline attention-grabbing creative expressive transitional oldstyle didone headline hero decorative large-text attention english western european extended-latin european,400,,latin | latin-ext,Nicole Fally,1580,622,No,2011-12-19,2025-09-16,https://fonts.google.com/specimen/Oldenburg
1269,Ole,Handwriting,,Handwriting,personal casual friendly warm handwritten script organic  script cursive hand-drawn artistic informal english western european extended-latin european vietnamese,400,,latin | latin-ext | vietnamese,Robert Leuschke,1739,772,No,2021-12-02,2025-05-30,https://fonts.google.com/specimen/Ole
1270,Oleo Script,Display,,Display,bold decorative headline attention-grabbing creative expressive  headline hero decorative large-text attention english western european extended-latin european well-known common,400 | 700,,latin | latin-ext,soytutype fonts,219,950,No,2012-03-29,2025-09-16,https://fonts.google.com/specimen/Oleo+Script
1271,Oleo Script Swash Caps,Display,,Display,bold decorative headline attention-grabbing creative expressive  headline hero decorative large-text attention english western european extended-latin european,400 | 700,,latin | latin-ext,soytutype fonts,999,552,No,2012-11-12,2025-09-08,https://fonts.google.com/specimen/Oleo+Script+Swash+Caps
1272,Onest,Sans Serif,Sans Serif,,clean modern minimal professional readable neutral geometric humanist grotesque versatile multi-weight flexible variable variable-font responsive variable-weight russian cyrillic slavic cyrillic extended english western european extended-latin european well-known common,100 | 200 | 300 | 400 | 500 | 600 | 700 | 800 | 900,wght: -,cyrillic | cyrillic-ext | latin | latin-ext,Dmitri Voloshin | Andrey Kudryavtsev,198,1934,No,2023-09-05,2025-09-10,https://fonts.google.com/specimen/Onest
1273,Oooh Baby,Handwriting,,Handwriting,personal casual friendly warm handwritten script organic  script cursive hand-drawn artistic informal english western european extended-latin european vietnamese,400,,latin | latin-ext | vietnamese,Robert Leuschke,651,1411,No,2021-11-26,2025-05-30,https://fonts.google.com/specimen/Oooh+Baby
1274,Open Sans,Sans Serif,Sans Serif,,clean modern minimal professional readable neutral geometric humanist grotesque versatile multi-weight flexible italic variable variable-font responsive variable-weight variable-width russian cyrillic slavic cyrillic extended greek greek extended hebrew RTL israeli english western european extended-latin european vietnamese multilingual international top-popular trending most-used,300 | 300i | 400 | 400i | 500 | 500i | 600 | 600i | 700 | 700i | 800 | 800i,wdth: - | wght: -,cyrillic | cyrillic-ext | greek | greek-ext | hebrew | latin | latin-ext | math | symbols | vietnamese,Steve Matteson,3,1336,No,2011-02-02,2025-09-16,https://fonts.google.com/specimen/Open+Sans
1275,Oranienbaum,Serif,Serif,,elegant traditional classic refined literary editorial transitional oldstyle didone russian cyrillic slavic cyrillic extended english western european extended-latin european,400,,cyrillic | cyrillic-ext | latin | latin-ext,Oleg Pospelov | Jovanny Lemonad,605,308,No,2012-08-20,2025-09-10,https://fonts.google.com/specimen/Oranienbaum
1276,Orbit,Sans Serif,Sans Serif,,clean modern minimal professional readable neutral geometric humanist grotesque korean hangul english western european extended-latin european,400,,korean | latin | latin-ext,Sooun Cho | JAMO,1404,2189,No,2023-06-05,2026-03-03,https://fonts.google.com/specimen/Orbit
1277,Orbitron,Sans Serif,Sans Serif,Display,clean modern minimal professional readable neutral geometric humanist grotesque headline hero decorative large-text attention versatile multi-weight flexible variable variable-font responsive variable-weight english western european popular widely-used,400 | 500 | 600 | 700 | 800 | 900,wght: -,latin,Matt McInerney,143,532,No,2010-12-15,2025-09-04,https://fonts.google.com/specimen/Orbitron
1278,Oregano,Display,,Display | Handwriting,bold decorative headline attention-grabbing creative expressive  headline hero decorative large-text attention script cursive hand-drawn artistic informal italic english western european extended-latin european,400 | 400i,,latin | latin-ext,Astigmatic,874,174,No,2012-08-13,2025-09-16,https://fonts.google.com/specimen/Oregano
1279,Orelega One,Display,Serif,Display,bold decorative headline attention-grabbing creative expressive transitional oldstyle didone headline hero decorative large-text attention russian cyrillic slavic cyrillic extended english western european extended-latin european,400,,cyrillic | cyrillic-ext | latin | latin-ext,Haruki Wakamatsu,964,866,No,2021-03-11,2025-09-16,https://fonts.google.com/specimen/Orelega+One
1280,Orienta,Sans Serif,Sans Serif,,clean modern minimal professional readable neutral geometric humanist grotesque english western european extended-latin european,400,,latin | latin-ext,Eduardo Tunni,1108,1911,No,2012-09-07,2025-09-10,https://fonts.google.com/specimen/Orienta
1281,Original Surfer,Display,Sans Serif,Display,bold decorative headline attention-grabbing creative expressive geometric humanist grotesque headline hero decorative large-text attention english western european extended-latin european,400,,latin | latin-ext,Astigmatic,863,539,No,2011-12-07,2025-09-04,https://fonts.google.com/specimen/Original+Surfer
1282,Oswald,Sans Serif,Sans Serif,,clean modern minimal professional readable neutral geometric humanist grotesque versatile multi-weight flexible variable variable-font responsive variable-weight russian cyrillic slavic cyrillic extended english western european extended-latin european vietnamese top-popular trending most-used,200 | 300 | 400 | 500 | 600 | 700,wght: -,cyrillic | cyrillic-ext | latin | latin-ext | vietnamese,Vernon Adams | Kalapi Gajjar | Cyreal,18,1373,No,2012-02-29,2025-09-11,https://fonts.google.com/specimen/Oswald
1283,Outfit,Sans Serif,Sans Serif,,clean modern minimal professional readable neutral geometric humanist grotesque versatile multi-weight flexible variable variable-font responsive variable-weight english western european extended-latin european top-popular trending most-used,100 | 200 | 300 | 400 | 500 | 600 | 700 | 800 | 900,wght: -,latin | latin-ext,Smartsheet Inc | Rodrigo Fuenzalida,44,904,No,2021-09-27,2025-09-04,https://fonts.google.com/specimen/Outfit
1284,Over the Rainbow,Handwriting,,Handwriting | Display,personal casual friendly warm handwritten script organic  script cursive hand-drawn artistic informal headline hero decorative large-text attention english western european extended-latin european,400,,latin | latin-ext,Kimberly Geswein,809,1576,No,2011-04-27,2025-09-02,https://fonts.google.com/specimen/Over+the+Rainbow
1285,Overlock,Display,Sans Serif,Display,bold decorative headline attention-grabbing creative expressive geometric humanist grotesque headline hero decorative large-text attention italic english western european extended-latin european,400 | 400i | 700 | 700i | 900 | 900i,,latin | latin-ext,Dario Manuel Muhafara,725,1690,No,2011-12-19,2025-09-04,https://fonts.google.com/specimen/Overlock
1286,Overlock SC,Display,Sans Serif,Display,bold decorative headline attention-grabbing creative expressive geometric humanist grotesque headline hero decorative large-text attention english western european extended-latin european,400,,latin | latin-ext,Dario Manuel Muhafara,1203,1704,No,2011-12-19,2025-09-16,https://fonts.google.com/specimen/Overlock+SC
1287,Overpass,Sans Serif,Sans Serif,,clean modern minimal professional readable neutral geometric humanist grotesque versatile multi-weight flexible italic variable variable-font responsive variable-weight russian cyrillic slavic cyrillic extended english western european extended-latin european vietnamese popular widely-used,100 | 100i | 200 | 200i | 300 | 300i | 400 | 400i | 500 | 500i | 600 | 600i | 700 | 700i | 800 | 800i | 900 | 900i,wght: -,cyrillic | cyrillic-ext | latin | latin-ext | vietnamese,Delve Withrington | Dave Bailey | Thomas Jockin,118,1473,No,2016-12-02,2025-09-02,https://fonts.google.com/specimen/Overpass
1288,Overpass Mono,Monospace,,Monospace,code developer technical fixed-width terminal programming  mono fixed-width tabular data code variable variable-font responsive variable-weight russian cyrillic slavic cyrillic extended english western european extended-latin european vietnamese,300 | 400 | 500 | 600 | 700,wght: -,cyrillic | cyrillic-ext | latin | latin-ext | vietnamese,Delve Withrington | Dave Bailey | Thomas Jockin,524,299,No,2016-12-02,2025-09-08,https://fonts.google.com/specimen/Overpass+Mono
1289,Ovo,Serif,Serif,,elegant traditional classic refined literary editorial transitional oldstyle didone english western european,400,,latin,Nicole Fally,483,1445,No,2011-07-20,2025-09-08,https://fonts.google.com/specimen/Ovo
1290,Oxanium,Display,Sans Serif,Display,bold decorative headline attention-grabbing creative expressive geometric humanist grotesque headline hero decorative large-text attention versatile multi-weight flexible variable variable-font responsive variable-weight english western european extended-latin european well-known common,200 | 300 | 400 | 500 | 600 | 700 | 800,wght: -,latin | latin-ext,Severin Meyer,291,606,No,2020-01-30,2025-09-10,https://fonts.google.com/specimen/Oxanium
1291,Oxygen,Sans Serif,Sans Serif,,clean modern minimal professional readable neutral geometric humanist grotesque english western european extended-latin european popular widely-used,300 | 400 | 700,,latin | latin-ext,Vernon Adams,111,1360,No,2012-03-29,2025-09-04,https://fonts.google.com/specimen/Oxygen
1292,Oxygen Mono,Monospace,,Monospace,code developer technical fixed-width terminal programming  mono fixed-width tabular data code english western european extended-latin european,400,,latin | latin-ext,Vernon Adams,722,276,No,2012-09-08,2025-09-02,https://fonts.google.com/specimen/Oxygen+Mono
1293,PT Mono,Monospace,,Monospace,code developer technical fixed-width terminal programming  mono fixed-width tabular data code russian cyrillic slavic cyrillic extended english western european extended-latin european,400,,cyrillic | cyrillic-ext | latin | latin-ext,ParaType,302,576,No,2012-02-29,2025-09-08,https://fonts.google.com/specimen/PT+Mono
1294,PT Sans,Sans Serif,Sans Serif,,clean modern minimal professional readable neutral geometric humanist grotesque italic russian cyrillic slavic cyrillic extended english western european extended-latin european top-popular trending most-used,400 | 400i | 700 | 700i,,cyrillic | cyrillic-ext | latin | latin-ext,ParaType,36,1431,No,2010-09-21,2025-09-04,https://fonts.google.com/specimen/PT+Sans
1295,PT Sans Caption,Sans Serif,Sans Serif,,clean modern minimal professional readable neutral geometric humanist grotesque russian cyrillic slavic cyrillic extended english western european extended-latin european well-known common,400 | 700,,cyrillic | cyrillic-ext | latin | latin-ext,ParaType,281,1313,No,2010-09-21,2025-09-04,https://fonts.google.com/specimen/PT+Sans+Caption
1296,PT Sans Narrow,Sans Serif,Sans Serif,,clean modern minimal professional readable neutral geometric humanist grotesque russian cyrillic slavic cyrillic extended english western european extended-latin european popular widely-used,400 | 700,,cyrillic | cyrillic-ext | latin | latin-ext,ParaType,129,770,No,2010-09-21,2025-09-04,https://fonts.google.com/specimen/PT+Sans+Narrow
1297,PT Serif,Serif,Serif,,elegant traditional classic refined literary editorial transitional oldstyle didone italic russian cyrillic slavic cyrillic extended english western european extended-latin european popular widely-used,400 | 400i | 700 | 700i,,cyrillic | cyrillic-ext | latin | latin-ext,ParaType,63,1600,No,2011-02-09,2025-09-04,https://fonts.google.com/specimen/PT+Serif
1298,PT Serif Caption,Serif,Serif,,elegant traditional classic refined literary editorial transitional oldstyle didone italic russian cyrillic slavic cyrillic extended english western european extended-latin european,400 | 400i,,cyrillic | cyrillic-ext | latin | latin-ext,ParaType,632,1180,No,2011-02-09,2025-09-10,https://fonts.google.com/specimen/PT+Serif+Caption
1299,Pacifico,Handwriting,,Handwriting,personal casual friendly warm handwritten script organic  script cursive hand-drawn artistic informal russian cyrillic slavic cyrillic extended english western european extended-latin european vietnamese popular widely-used,400,,cyrillic | cyrillic-ext | latin | latin-ext | vietnamese,Vernon Adams | Jacques Le Bailly | Botjo Nikoltchev | Ani Petrova,108,1631,No,2011-03-09,2025-09-16,https://fonts.google.com/specimen/Pacifico
1300,Padauk,Sans Serif,Sans Serif,,clean modern minimal professional readable neutral geometric humanist grotesque english western european extended-latin european myanmar burmese,400 | 700,,latin | latin-ext | myanmar,SIL International,974,1530,No,2016-11-08,2025-09-11,https://fonts.google.com/specimen/Padauk
1301,Padyakke Expanded One,Serif,Slab Serif,Display,elegant traditional classic refined literary editorial slab mechanical sturdy strong headline hero decorative large-text attention kannada indian english western european extended-latin european,400,,kannada | latin | latin-ext,James Puckett,1844,127,No,2022-12-05,2025-09-11,https://fonts.google.com/specimen/Padyakke+Expanded+One
1302,Palanquin,Sans Serif,Sans Serif,,clean modern minimal professional readable neutral geometric humanist grotesque versatile multi-weight flexible hindi devanagari indian english western european extended-latin european,100 | 200 | 300 | 400 | 500 | 600 | 700,,devanagari | latin | latin-ext,Pria Ravichandran,555,1636,No,2015-01-28,2025-09-11,https://fonts.google.com/specimen/Palanquin
1303,Palanquin Dark,Sans Serif,Sans Serif,Display,clean modern minimal professional readable neutral geometric humanist grotesque headline hero decorative large-text attention hindi devanagari indian english western european extended-latin european,400 | 500 | 600 | 700,,devanagari | latin | latin-ext,Pria Ravichandran,594,1957,No,2015-01-28,2025-09-10,https://fonts.google.com/specimen/Palanquin+Dark
1304,Palette Mosaic,Display,,Display,bold decorative headline attention-grabbing creative expressive  headline hero decorative large-text attention japanese kanji hiragana katakana english western european,400,,japanese | latin,Shibuya Font,1373,20,No,2021-04-13,2025-09-10,https://fonts.google.com/specimen/Palette+Mosaic
1305,Pangolin,Handwriting,,Handwriting,personal casual friendly warm handwritten script organic  script cursive hand-drawn artistic informal russian cyrillic slavic cyrillic extended english western european extended-latin european vietnamese,400,,cyrillic | cyrillic-ext | latin | latin-ext | vietnamese,Kevin Burke,436,1675,No,2017-01-11,2025-09-04,https://fonts.google.com/specimen/Pangolin
1306,Paprika,Display,,Display,bold decorative headline attention-grabbing creative expressive  headline hero decorative large-text attention english western european extended-latin european,400,,latin | latin-ext,Eduardo Tunni,1393,1874,No,2012-10-26,2025-09-11,https://fonts.google.com/specimen/Paprika
1307,Parastoo,Serif,Serif,,elegant traditional classic refined literary editorial transitional oldstyle didone variable variable-font responsive variable-weight arabic RTL middle-east english western european extended-latin european vietnamese,400 | 500 | 600 | 700,wght: -,arabic | latin | latin-ext | vietnamese,Saber Rastikerdar,1812,2226,No,2025-05-21,2025-10-29,https://fonts.google.com/specimen/Parastoo
1308,Parisienne,Handwriting,,Handwriting,personal casual friendly warm handwritten script organic  script cursive hand-drawn artistic informal english western european extended-latin european,400,,latin | latin-ext,Astigmatic,325,858,No,2012-01-25,2025-09-04,https://fonts.google.com/specimen/Parisienne
1309,Parkinsans,Sans Serif,Sans Serif,,clean modern minimal professional readable neutral geometric humanist grotesque versatile multi-weight flexible variable variable-font responsive variable-weight english western european extended-latin european,300 | 400 | 500 | 600 | 700 | 800,wght: -,latin | latin-ext,Red Stone,639,300,No,2024-11-18,2025-09-16,https://fonts.google.com/specimen/Parkinsans
1310,Passero One,Display,Sans Serif,Display,bold decorative headline attention-grabbing creative expressive geometric humanist grotesque headline hero decorative large-text attention english western european extended-latin european,400,,latin | latin-ext,Viktoriya Grabowska,1533,1779,No,2011-08-31,2025-09-10,https://fonts.google.com/specimen/Passero+One
1311,Passion One,Display,Sans Serif,Display,bold decorative headline attention-grabbing creative expressive geometric humanist grotesque headline hero decorative large-text attention english western european extended-latin european,400 | 700 | 900,,latin | latin-ext,Fontstage,303,1661,No,2011-12-13,2025-09-10,https://fonts.google.com/specimen/Passion+One
1312,Passions Conflict,Handwriting,,Handwriting | Display,personal casual friendly warm handwritten script organic  script cursive hand-drawn artistic informal headline hero decorative large-text attention english western european extended-latin european vietnamese,400,,latin | latin-ext | vietnamese,Robert Leuschke,1300,697,No,2021-10-07,2025-09-04,https://fonts.google.com/specimen/Passions+Conflict
1313,Pathway Extreme,Sans Serif,Sans Serif,,clean modern minimal professional readable neutral geometric humanist grotesque versatile multi-weight flexible italic variable variable-font responsive variable-weight variable-width english western european extended-latin european vietnamese,100 | 100i | 200 | 200i | 300 | 300i | 400 | 400i | 500 | 500i | 600 | 600i | 700 | 700i | 800 | 800i | 900 | 900i,opsz: - | wdth: - | wght: -,latin | latin-ext | vietnamese,Eduardo Tunni,887,1826,No,2023-04-19,2025-09-10,https://fonts.google.com/specimen/Pathway+Extreme
1314,Pathway Gothic One,Sans Serif,Sans Serif,,clean modern minimal professional readable neutral geometric humanist grotesque english western european extended-latin european,400,,latin | latin-ext,Eduardo Tunni,367,1570,No,2013-06-05,2025-09-16,https://fonts.google.com/specimen/Pathway+Gothic+One
1315,Patrick Hand,Handwriting,Sans Serif,Handwriting,personal casual friendly warm handwritten script organic geometric humanist grotesque script cursive hand-drawn artistic informal english western european extended-latin european vietnamese well-known common,400,,latin | latin-ext | vietnamese,Patrick Wagesreiter,275,675,No,2011-07-06,2025-09-02,https://fonts.google.com/specimen/Patrick+Hand
1316,Patrick Hand SC,Handwriting,Sans Serif,Handwriting,personal casual friendly warm handwritten script organic geometric humanist grotesque script cursive hand-drawn artistic informal english western european extended-latin european vietnamese,400,,latin | latin-ext | vietnamese,Patrick Wagesreiter,1065,931,No,2013-02-27,2025-09-10,https://fonts.google.com/specimen/Patrick+Hand+SC
1317,Pattaya,Sans Serif,Sans Serif,Display,clean modern minimal professional readable neutral geometric humanist grotesque headline hero decorative large-text attention russian cyrillic slavic english western european extended-latin european thai southeast-asia vietnamese,400,,cyrillic | latin | latin-ext | thai | vietnamese,Cadson Demak,627,956,No,2016-05-31,2025-09-08,https://fonts.google.com/specimen/Pattaya
1318,Patua One,Display,Serif,Display,bold decorative headline attention-grabbing creative expressive transitional oldstyle didone headline hero decorative large-text attention english western european well-known common,400,,latin,LatinoType,260,1695,No,2011-12-19,2025-09-04,https://fonts.google.com/specimen/Patua+One
1319,Pavanam,Sans Serif,Sans Serif,,clean modern minimal professional readable neutral geometric humanist grotesque english western european extended-latin european tamil indian,400,,latin | latin-ext | tamil,Tharique Azeez,1101,718,No,2016-06-15,2025-09-11,https://fonts.google.com/specimen/Pavanam
1320,Paytone One,Sans Serif,Sans Serif,Display,clean modern minimal professional readable neutral geometric humanist grotesque headline hero decorative large-text attention english western european extended-latin european vietnamese well-known common,400,,latin | latin-ext | vietnamese,Vernon Adams,255,737,No,2011-05-04,2025-09-11,https://fonts.google.com/specimen/Paytone+One
1321,Peddana,Serif,Serif,,elegant traditional classic refined literary editorial transitional oldstyle didone english western european telugu indian,400,,latin | telugu,Appaji Ambarisha Darbha,1575,2149,No,2014-12-10,2025-09-08,https://fonts.google.com/specimen/Peddana
1322,Peralta,Serif,Slab Serif,Display,elegant traditional classic refined literary editorial slab mechanical sturdy strong headline hero decorative large-text attention english western european extended-latin european,400,,latin | latin-ext,Astigmatic,1072,499,No,2012-07-11,2025-09-10,https://fonts.google.com/specimen/Peralta
1323,Permanent Marker,Handwriting,,Handwriting,personal casual friendly warm handwritten script organic  script cursive hand-drawn artistic informal english western european well-known common,400,,latin,Font Diner,190,1297,No,2011-01-06,2025-05-30,https://fonts.google.com/specimen/Permanent+Marker
1324,Petemoss,Handwriting,,Handwriting | Display,personal casual friendly warm handwritten script organic  script cursive hand-drawn artistic informal headline hero decorative large-text attention english western european extended-latin european vietnamese,400,,latin | latin-ext | vietnamese,Robert Leuschke,1728,1557,No,2021-10-07,2025-09-04,https://fonts.google.com/specimen/Petemoss
1325,Petit Formal Script,Handwriting,,Display | Handwriting,personal casual friendly warm handwritten script organic  headline hero decorative large-text attention script cursive hand-drawn artistic informal english western european extended-latin european,400,,latin | latin-ext,Impallari Type,716,1715,No,2012-09-07,2025-09-10,https://fonts.google.com/specimen/Petit+Formal+Script
1326,Petrona,Serif,Serif,,elegant traditional classic refined literary editorial transitional oldstyle didone versatile multi-weight flexible italic variable variable-font responsive variable-weight english western european extended-latin european vietnamese,100 | 100i | 200 | 200i | 300 | 300i | 400 | 400i | 500 | 500i | 600 | 600i | 700 | 700i | 800 | 800i | 900 | 900i,wght: -,latin | latin-ext | vietnamese,Ringo R. Seeber,449,1943,No,2020-07-14,2025-09-11,https://fonts.google.com/specimen/Petrona
1327,Phetsarath,Sans Serif,Sans Serif,,clean modern minimal professional readable neutral geometric humanist grotesque lao laotian,400 | 700,,lao,Danh Hong,1772,853,No,2024-11-18,2025-09-17,https://fonts.google.com/specimen/Phetsarath
1328,Philosopher,Sans Serif,Sans Serif,,clean modern minimal professional readable neutral geometric humanist grotesque italic russian cyrillic slavic cyrillic extended english western european extended-latin european vietnamese,400 | 400i | 700 | 700i,,cyrillic | cyrillic-ext | latin | latin-ext | vietnamese,Jovanny Lemonad,305,1437,No,2011-08-31,2025-09-10,https://fonts.google.com/specimen/Philosopher
1329,Phudu,Display,Sans Serif,Display,bold decorative headline attention-grabbing creative expressive geometric humanist grotesque headline hero decorative large-text attention versatile multi-weight flexible variable variable-font responsive variable-weight cyrillic extended english western european extended-latin european vietnamese,300 | 400 | 500 | 600 | 700 | 800 | 900,wght: -,cyrillic-ext | latin | latin-ext | vietnamese,Dương Trần,1148,268,No,2023-01-30,2025-09-08,https://fonts.google.com/specimen/Phudu
1330,Piazzolla,Serif,Serif,Display,elegant traditional classic refined literary editorial transitional oldstyle didone headline hero decorative large-text attention versatile multi-weight flexible italic variable variable-font responsive variable-weight russian cyrillic slavic cyrillic extended greek greek extended english western european extended-latin european vietnamese multilingual international,100 | 100i | 200 | 200i | 300 | 300i | 400 | 400i | 500 | 500i | 600 | 600i | 700 | 700i | 800 | 800i | 900 | 900i,opsz: - | wght: -,cyrillic | cyrillic-ext | greek | greek-ext | latin | latin-ext | vietnamese,Juan Pablo del Peral | Huerta Tipográfica,939,888,No,2020-08-27,2025-09-11,https://fonts.google.com/specimen/Piazzolla
1331,Piedra,Display,Serif,Display,bold decorative headline attention-grabbing creative expressive transitional oldstyle didone headline hero decorative large-text attention english western european extended-latin european,400,,latin | latin-ext,Sudtipos,1482,604,No,2011-11-30,2025-09-04,https://fonts.google.com/specimen/Piedra
1332,Pinyon Script,Handwriting,,Display | Handwriting,personal casual friendly warm handwritten script organic  headline hero decorative large-text attention script cursive hand-drawn artistic informal english western european extended-latin european vietnamese,400,,latin | latin-ext | vietnamese,Nicole Fally,403,717,No,2011-10-12,2025-09-10,https://fonts.google.com/specimen/Pinyon+Script
1333,Pirata One,Display,,Display,bold decorative headline attention-grabbing creative expressive  headline hero decorative large-text attention english western european extended-latin european,400,,latin | latin-ext,Rodrigo Fuenzalida | Nicolas Massi,523,1221,No,2012-10-31,2025-09-11,https://fonts.google.com/specimen/Pirata+One
1334,Pixelify Sans,Display,Sans Serif,Display,bold decorative headline attention-grabbing creative expressive geometric humanist grotesque headline hero decorative large-text attention variable variable-font responsive variable-weight russian cyrillic slavic english western european extended-latin european,400 | 500 | 600 | 700,wght: -,cyrillic | latin | latin-ext,Stefie Justprince,740,1932,No,2023-09-26,2025-09-16,https://fonts.google.com/specimen/Pixelify+Sans
1335,Plaster,Display,,Display,bold decorative headline attention-grabbing creative expressive  headline hero decorative large-text attention english western european extended-latin european,400,,latin | latin-ext,Sorkin Type,1451,2056,No,2011-12-13,2025-09-16,https://fonts.google.com/specimen/Plaster
1336,Platypi,Serif,Serif,,elegant traditional classic refined literary editorial transitional oldstyle didone versatile multi-weight flexible italic variable variable-font responsive variable-weight english western european extended-latin european vietnamese,300 | 300i | 400 | 400i | 500 | 500i | 600 | 600i | 700 | 700i | 800 | 800i,wght: -,latin | latin-ext | vietnamese,David Sargent,896,1136,No,2024-04-10,2025-09-04,https://fonts.google.com/specimen/Platypi
1337,Play,Sans Serif,Sans Serif,Display,clean modern minimal professional readable neutral geometric humanist grotesque headline hero decorative large-text attention russian cyrillic slavic cyrillic extended greek english western european extended-latin european vietnamese multilingual international well-known common,400 | 700,,cyrillic | cyrillic-ext | greek | latin | latin-ext | vietnamese,Jonas Hecksher,158,1380,No,2011-05-04,2025-09-10,https://fonts.google.com/specimen/Play
1338,Playball,Display,,Handwriting | Display,bold decorative headline attention-grabbing creative expressive  script cursive hand-drawn artistic informal headline hero decorative large-text attention english western european extended-latin european vietnamese,400,,latin | latin-ext | vietnamese,Robert Leuschke,365,1623,No,2011-12-19,2025-09-02,https://fonts.google.com/specimen/Playball
1339,Playfair,Serif,Serif,Display,elegant traditional classic refined literary editorial transitional oldstyle didone headline hero decorative large-text attention versatile multi-weight flexible italic variable variable-font responsive variable-weight variable-width russian cyrillic slavic cyrillic extended english western european extended-latin european vietnamese,300 | 300i | 400 | 400i | 500 | 500i | 600 | 600i | 700 | 700i | 800 | 800i | 900 | 900i,opsz: - | wdth: - | wght: -,cyrillic | cyrillic-ext | latin | latin-ext | vietnamese,Claus Eggers Sørensen,352,1235,No,2023-04-12,2025-09-10,https://fonts.google.com/specimen/Playfair
1340,Playfair Display,Serif,Serif,Display,elegant traditional classic refined literary editorial transitional oldstyle didone headline hero decorative large-text attention versatile multi-weight flexible italic variable variable-font responsive variable-weight russian cyrillic slavic english western european extended-latin european vietnamese top-popular trending most-used,400 | 400i | 500 | 500i | 600 | 600i | 700 | 700i | 800 | 800i | 900 | 900i,wght: -,cyrillic | latin | latin-ext | vietnamese,Claus Eggers Sørensen,25,824,No,2011-11-16,2025-09-11,https://fonts.google.com/specimen/Playfair+Display
1341,Playfair Display SC,Serif,Serif,,elegant traditional classic refined literary editorial transitional oldstyle didone italic russian cyrillic slavic english western european extended-latin european vietnamese,400 | 400i | 700 | 700i | 900 | 900i,,cyrillic | latin | latin-ext | vietnamese,Claus Eggers Sørensen,345,1198,No,2012-10-26,2025-09-11,https://fonts.google.com/specimen/Playfair+Display+SC
1342,Playpen Sans,Handwriting,Sans Serif,Handwriting,personal casual friendly warm handwritten script organic geometric humanist grotesque script cursive hand-drawn artistic informal versatile multi-weight flexible variable variable-font responsive variable-weight russian cyrillic slavic cyrillic extended greek english western european extended-latin european vietnamese multilingual international,100 | 200 | 300 | 400 | 500 | 600 | 700 | 800,wght: -,cyrillic | cyrillic-ext | emoji | greek | latin | latin-ext | math | vietnamese,TypeTogether | Laura Meseguer | Veronika Burian | José Scaglione | Kostas Bartsokas | Vera Evstafieva | Tom Grace | Yorlmar Campos,377,21,No,2023-09-06,2025-09-16,https://fonts.google.com/specimen/Playpen+Sans
1343,Playpen Sans Arabic,Handwriting,Sans Serif,Handwriting,personal casual friendly warm handwritten script organic geometric humanist grotesque script cursive hand-drawn artistic informal versatile multi-weight flexible variable variable-font responsive variable-weight arabic RTL middle-east english western european extended-latin european,100 | 200 | 300 | 400 | 500 | 600 | 700 | 800,wght: -,arabic | emoji | latin | latin-ext | math,TypeTogether | Azza Alameddine | Laura Meseguer | Veronika Burian | José Scaglione,421,14,No,2025-05-12,2025-09-10,https://fonts.google.com/specimen/Playpen+Sans+Arabic
1344,Playpen Sans Deva,Handwriting,Sans Serif,Handwriting,personal casual friendly warm handwritten script organic geometric humanist grotesque script cursive hand-drawn artistic informal versatile multi-weight flexible variable variable-font responsive variable-weight hindi devanagari indian english western european extended-latin european,100 | 200 | 300 | 400 | 500 | 600 | 700 | 800,wght: -,devanagari | emoji | latin | latin-ext,TypeTogether | Pooja Saxena | Gunjan Panchal | Laura Meseguer | Veronika Burian | José Scaglione,426,10,No,2025-05-12,2025-09-10,https://fonts.google.com/specimen/Playpen+Sans+Deva
1345,Playpen Sans Hebrew,Handwriting,Sans Serif,Handwriting,personal casual friendly warm handwritten script organic geometric humanist grotesque script cursive hand-drawn artistic informal versatile multi-weight flexible variable variable-font responsive variable-weight hebrew RTL israeli english western european extended-latin european,100 | 200 | 300 | 400 | 500 | 600 | 700 | 800,wght: -,emoji | hebrew | latin | latin-ext | math,TypeTogether | Tom Grace | Laura Meseguer | Veronika Burian | José Scaglione,427,11,No,2025-05-12,2025-09-11,https://fonts.google.com/specimen/Playpen+Sans+Hebrew
1346,Playpen Sans Thai,Handwriting,Sans Serif,Handwriting,personal casual friendly warm handwritten script organic geometric humanist grotesque script cursive hand-drawn artistic informal versatile multi-weight flexible variable variable-font responsive variable-weight english western european extended-latin european thai southeast-asia,100 | 200 | 300 | 400 | 500 | 600 | 700 | 800,wght: -,emoji | latin | latin-ext | math | thai,TypeTogether | Sirin Gunkloy | Laura Meseguer | Veronika Burian | José Scaglione,424,8,No,2025-05-12,2025-09-10,https://fonts.google.com/specimen/Playpen+Sans+Thai
1347,Playwrite AR,Handwriting,,Handwriting,personal casual friendly warm handwritten script organic  script cursive hand-drawn artistic informal variable variable-font responsive variable-weight,100 | 200 | 300 | 400,wght: -,,TypeTogether | Veronika Burian | José Scaglione,1911,1809,No,2024-05-15,2025-09-11,https://fonts.google.com/specimen/Playwrite+AR
1348,Playwrite AR Guides,Handwriting,,Handwriting,personal casual friendly warm handwritten script organic  script cursive hand-drawn artistic informal,400,,,TypeTogether | Veronika Burian | José Scaglione,2073,434,No,2024-11-26,2025-05-30,https://fonts.google.com/specimen/Playwrite+AR+Guides
1349,Playwrite AT,Handwriting,,Handwriting,personal casual friendly warm handwritten script organic  script cursive hand-drawn artistic informal italic variable variable-font responsive variable-weight,100 | 100i | 200 | 200i | 300 | 300i | 400 | 400i,wght: -,,TypeTogether | Veronika Burian | José Scaglione,1515,2204,No,2024-05-15,2025-09-16,https://fonts.google.com/specimen/Playwrite+AT
1350,Playwrite AT Guides,Handwriting,,Handwriting,personal casual friendly warm handwritten script organic  script cursive hand-drawn artistic informal italic,400 | 400i,,,TypeTogether | Veronika Burian | José Scaglione,2081,497,No,2024-12-09,2025-05-30,https://fonts.google.com/specimen/Playwrite+AT+Guides
1351,Playwrite AU NSW,Handwriting,,Handwriting,personal casual friendly warm handwritten script organic  script cursive hand-drawn artistic informal variable variable-font responsive variable-weight,100 | 200 | 300 | 400,wght: -,,TypeTogether | Veronika Burian | José Scaglione,1566,710,No,2024-05-15,2025-09-08,https://fonts.google.com/specimen/Playwrite+AU+NSW
1352,Playwrite AU NSW Guides,Handwriting,,Handwriting,personal casual friendly warm handwritten script organic  script cursive hand-drawn artistic informal,400,,,TypeTogether | Veronika Burian | José Scaglione,2075,412,No,2024-12-09,2025-05-30,https://fonts.google.com/specimen/Playwrite+AU+NSW+Guides
1353,Playwrite AU QLD,Handwriting,,Handwriting,personal casual friendly warm handwritten script organic  script cursive hand-drawn artistic informal variable variable-font responsive variable-weight,100 | 200 | 300 | 400,wght: -,,TypeTogether | Veronika Burian | José Scaglione,1594,1164,No,2024-05-15,2025-09-16,https://fonts.google.com/specimen/Playwrite+AU+QLD
1354,Playwrite AU QLD Guides,Handwriting,,Handwriting,personal casual friendly warm handwritten script organic  script cursive hand-drawn artistic informal,400,,,TypeTogether | Veronika Burian | José Scaglione,2087,427,No,2024-12-09,2025-05-30,https://fonts.google.com/specimen/Playwrite+AU+QLD+Guides
1355,Playwrite AU SA,Handwriting,,Handwriting,personal casual friendly warm handwritten script organic  script cursive hand-drawn artistic informal variable variable-font responsive variable-weight,100 | 200 | 300 | 400,wght: -,,TypeTogether | Veronika Burian | José Scaglione,1631,1758,No,2024-05-15,2025-09-08,https://fonts.google.com/specimen/Playwrite+AU+SA
1356,Playwrite AU SA Guides,Handwriting,,Handwriting,personal casual friendly warm handwritten script organic  script cursive hand-drawn artistic informal,400,,,TypeTogether | Veronika Burian | José Scaglione,2079,580,No,2024-12-09,2025-05-30,https://fonts.google.com/specimen/Playwrite+AU+SA+Guides
1357,Playwrite AU TAS,Handwriting,,Handwriting,personal casual friendly warm handwritten script organic  script cursive hand-drawn artistic informal variable variable-font responsive variable-weight,100 | 200 | 300 | 400,wght: -,,TypeTogether | Veronika Burian | José Scaglione,1871,2293,No,2024-05-15,2025-09-16,https://fonts.google.com/specimen/Playwrite+AU+TAS
1358,Playwrite AU TAS Guides,Handwriting,,Handwriting,personal casual friendly warm handwritten script organic  script cursive hand-drawn artistic informal,400,,,TypeTogether | Veronika Burian | José Scaglione,2088,492,No,2024-12-09,2025-05-30,https://fonts.google.com/specimen/Playwrite+AU+TAS+Guides
1359,Playwrite AU VIC,Handwriting,,Handwriting,personal casual friendly warm handwritten script organic  script cursive hand-drawn artistic informal variable variable-font responsive variable-weight,100 | 200 | 300 | 400,wght: -,,TypeTogether | Veronika Burian | José Scaglione,1921,978,No,2024-05-15,2025-09-16,https://fonts.google.com/specimen/Playwrite+AU+VIC
1360,Playwrite AU VIC Guides,Handwriting,,Handwriting,personal casual friendly warm handwritten script organic  script cursive hand-drawn artistic informal,400,,,TypeTogether | Veronika Burian | José Scaglione,2052,578,No,2024-12-09,2025-05-30,https://fonts.google.com/specimen/Playwrite+AU+VIC+Guides
1361,Playwrite BE VLG,Handwriting,,Handwriting,personal casual friendly warm handwritten script organic  script cursive hand-drawn artistic informal variable variable-font responsive variable-weight,100 | 200 | 300 | 400,wght: -,,TypeTogether | Veronika Burian | José Scaglione,1805,1935,No,2024-05-15,2025-09-10,https://fonts.google.com/specimen/Playwrite+BE+VLG
1362,Playwrite BE VLG Guides,Handwriting,,Handwriting,personal casual friendly warm handwritten script organic  script cursive hand-drawn artistic informal,400,,,TypeTogether | Veronika Burian | José Scaglione,2071,465,No,2024-12-09,2025-05-30,https://fonts.google.com/specimen/Playwrite+BE+VLG+Guides
1363,Playwrite BE WAL,Handwriting,,Handwriting,personal casual friendly warm handwritten script organic  script cursive hand-drawn artistic informal variable variable-font responsive variable-weight,100 | 200 | 300 | 400,wght: -,,TypeTogether | Veronika Burian | José Scaglione,1806,252,No,2024-05-15,2025-09-16,https://fonts.google.com/specimen/Playwrite+BE+WAL
1364,Playwrite BE WAL Guides,Handwriting,,Handwriting,personal casual friendly warm handwritten script organic  script cursive hand-drawn artistic informal,400,,,TypeTogether | Veronika Burian | José Scaglione,2053,513,No,2024-12-09,2025-05-30,https://fonts.google.com/specimen/Playwrite+BE+WAL+Guides
1365,Playwrite BR,Handwriting,,Handwriting,personal casual friendly warm handwritten script organic  script cursive hand-drawn artistic informal variable variable-font responsive variable-weight,100 | 200 | 300 | 400,wght: -,,TypeTogether | Veronika Burian | José Scaglione,2011,704,No,2024-05-29,2025-09-02,https://fonts.google.com/specimen/Playwrite+BR
1366,Playwrite BR Guides,Handwriting,,Handwriting,personal casual friendly warm handwritten script organic  script cursive hand-drawn artistic informal,400,,,TypeTogether | Veronika Burian | José Scaglione,2060,467,No,2024-12-09,2025-05-30,https://fonts.google.com/specimen/Playwrite+BR+Guides
1367,Playwrite CA,Handwriting,,Handwriting,personal casual friendly warm handwritten script organic  script cursive hand-drawn artistic informal variable variable-font responsive variable-weight,100 | 200 | 300 | 400,wght: -,,TypeTogether | Veronika Burian | José Scaglione,1706,2106,No,2024-05-29,2025-09-16,https://fonts.google.com/specimen/Playwrite+CA
1368,Playwrite CA Guides,Handwriting,,Handwriting,personal casual friendly warm handwritten script organic  script cursive hand-drawn artistic informal,400,,,TypeTogether | Veronika Burian | José Scaglione,2072,577,No,2024-12-09,2025-05-30,https://fonts.google.com/specimen/Playwrite+CA+Guides
1369,Playwrite CL,Handwriting,,Handwriting,personal casual friendly warm handwritten script organic  script cursive hand-drawn artistic informal variable variable-font responsive variable-weight,100 | 200 | 300 | 400,wght: -,,TypeTogether | Veronika Burian | José Scaglione,1928,878,No,2024-05-15,2025-09-02,https://fonts.google.com/specimen/Playwrite+CL
1370,Playwrite CL Guides,Handwriting,,Handwriting,personal casual friendly warm handwritten script organic  script cursive hand-drawn artistic informal,400,,,TypeTogether | Veronika Burian | José Scaglione,2066,476,No,2024-12-09,2025-05-30,https://fonts.google.com/specimen/Playwrite+CL+Guides
1371,Playwrite CO,Handwriting,,Handwriting,personal casual friendly warm handwritten script organic  script cursive hand-drawn artistic informal variable variable-font responsive variable-weight,100 | 200 | 300 | 400,wght: -,,TypeTogether | Veronika Burian | José Scaglione,1901,1872,No,2023-12-12,2025-09-08,https://fonts.google.com/specimen/Playwrite+CO
1372,Playwrite CO Guides,Handwriting,,Handwriting,personal casual friendly warm handwritten script organic  script cursive hand-drawn artistic informal,400,,,TypeTogether | Veronika Burian | José Scaglione,1909,198,No,2024-11-26,2025-05-30,https://fonts.google.com/specimen/Playwrite+CO+Guides
1373,Playwrite CU,Handwriting,,Handwriting,personal casual friendly warm handwritten script organic  script cursive hand-drawn artistic informal variable variable-font responsive variable-weight,100 | 200 | 300 | 400,wght: -,,TypeTogether | Veronika Burian | José Scaglione,1500,2041,No,2024-05-15,2025-09-08,https://fonts.google.com/specimen/Playwrite+CU
1374,Playwrite CU Guides,Handwriting,,Handwriting,personal casual friendly warm handwritten script organic  script cursive hand-drawn artistic informal,400,,,TypeTogether | Veronika Burian | José Scaglione,2022,2323,No,2024-12-09,2025-05-30,https://fonts.google.com/specimen/Playwrite+CU+Guides
1375,Playwrite CZ,Handwriting,,Handwriting,personal casual friendly warm handwritten script organic  script cursive hand-drawn artistic informal variable variable-font responsive variable-weight,100 | 200 | 300 | 400,wght: -,,TypeTogether | Veronika Burian | José Scaglione,1919,791,No,2024-05-15,2025-09-04,https://fonts.google.com/specimen/Playwrite+CZ
1376,Playwrite CZ Guides,Handwriting,,Handwriting,personal casual friendly warm handwritten script organic  script cursive hand-drawn artistic informal,400,,,TypeTogether | Veronika Burian | José Scaglione,2083,555,No,2024-12-09,2025-05-30,https://fonts.google.com/specimen/Playwrite+CZ+Guides
1377,Playwrite DE Grund,Handwriting,,Handwriting,personal casual friendly warm handwritten script organic  script cursive hand-drawn artistic informal variable variable-font responsive variable-weight,100 | 200 | 300 | 400,wght: -,,TypeTogether | Veronika Burian | José Scaglione,1395,1402,No,2024-05-29,2025-09-16,https://fonts.google.com/specimen/Playwrite+DE+Grund
1378,Playwrite DE Grund Guides,Handwriting,,Handwriting,personal casual friendly warm handwritten script organic  script cursive hand-drawn artistic informal,400,,,TypeTogether | Veronika Burian | José Scaglione,2034,1766,No,2024-12-09,2025-05-30,https://fonts.google.com/specimen/Playwrite+DE+Grund+Guides
1379,Playwrite DE LA,Handwriting,,Handwriting,personal casual friendly warm handwritten script organic  script cursive hand-drawn artistic informal variable variable-font responsive variable-weight,100 | 200 | 300 | 400,wght: -,,TypeTogether | Veronika Burian | José Scaglione,1836,1906,No,2024-05-29,2025-09-04,https://fonts.google.com/specimen/Playwrite+DE+LA
1380,Playwrite DE LA Guides,Handwriting,,Handwriting,personal casual friendly warm handwritten script organic  script cursive hand-drawn artistic informal,400,,,TypeTogether | Veronika Burian | José Scaglione,2067,408,No,2024-12-09,2025-05-30,https://fonts.google.com/specimen/Playwrite+DE+LA+Guides
1381,Playwrite DE SAS,Handwriting,,Handwriting,personal casual friendly warm handwritten script organic  script cursive hand-drawn artistic informal variable variable-font responsive variable-weight,100 | 200 | 300 | 400,wght: -,,TypeTogether | Veronika Burian | José Scaglione,1774,1762,No,2024-05-29,2025-09-16,https://fonts.google.com/specimen/Playwrite+DE+SAS
1382,Playwrite DE SAS Guides,Handwriting,,Handwriting,personal casual friendly warm handwritten script organic  script cursive hand-drawn artistic informal,400,,,TypeTogether | Veronika Burian | José Scaglione,2077,464,No,2024-12-09,2025-05-30,https://fonts.google.com/specimen/Playwrite+DE+SAS+Guides
1383,Playwrite DE VA,Handwriting,,Handwriting,personal casual friendly warm handwritten script organic  script cursive hand-drawn artistic informal variable variable-font responsive variable-weight,100 | 200 | 300 | 400,wght: -,,TypeTogether | Veronika Burian | José Scaglione,2003,1628,No,2024-05-29,2025-09-04,https://fonts.google.com/specimen/Playwrite+DE+VA
1384,Playwrite DE VA Guides,Handwriting,,Handwriting,personal casual friendly warm handwritten script organic  script cursive hand-drawn artistic informal,400,,,TypeTogether | Veronika Burian | José Scaglione,2058,898,No,2024-12-09,2025-05-30,https://fonts.google.com/specimen/Playwrite+DE+VA+Guides
1385,Playwrite DK Loopet,Handwriting,,Handwriting,personal casual friendly warm handwritten script organic  script cursive hand-drawn artistic informal variable variable-font responsive variable-weight,100 | 200 | 300 | 400,wght: -,,TypeTogether | Veronika Burian | José Scaglione,1701,844,No,2024-05-15,2025-09-16,https://fonts.google.com/specimen/Playwrite+DK+Loopet
1386,Playwrite DK Loopet Guides,Handwriting,,Handwriting,personal casual friendly warm handwritten script organic  script cursive hand-drawn artistic informal,400,,,TypeTogether | Veronika Burian | José Scaglione,2068,449,No,2024-12-09,2025-05-30,https://fonts.google.com/specimen/Playwrite+DK+Loopet+Guides
1387,Playwrite DK Uloopet,Handwriting,,Handwriting,personal casual friendly warm handwritten script organic  script cursive hand-drawn artistic informal variable variable-font responsive variable-weight,100 | 200 | 300 | 400,wght: -,,TypeTogether | Veronika Burian | José Scaglione,1864,936,No,2024-05-15,2025-09-11,https://fonts.google.com/specimen/Playwrite+DK+Uloopet
1388,Playwrite DK Uloopet Guides,Handwriting,,Handwriting,personal casual friendly warm handwritten script organic  script cursive hand-drawn artistic informal,400,,,TypeTogether | Veronika Burian | José Scaglione,1912,29,No,2024-12-09,2025-05-30,https://fonts.google.com/specimen/Playwrite+DK+Uloopet+Guides
1389,Playwrite ES,Handwriting,,Handwriting,personal casual friendly warm handwritten script organic  script cursive hand-drawn artistic informal variable variable-font responsive variable-weight,100 | 200 | 300 | 400,wght: -,,TypeTogether | Veronika Burian | José Scaglione,1819,1953,No,2024-05-29,2025-09-11,https://fonts.google.com/specimen/Playwrite+ES
1390,Playwrite ES Deco,Handwriting,,Handwriting,personal casual friendly warm handwritten script organic  script cursive hand-drawn artistic informal variable variable-font responsive variable-weight,100 | 200 | 300 | 400,wght: -,,TypeTogether | Veronika Burian | José Scaglione,1950,685,No,2024-05-29,2025-09-16,https://fonts.google.com/specimen/Playwrite+ES+Deco
1391,Playwrite ES Deco Guides,Handwriting,,Handwriting,personal casual friendly warm handwritten script organic  script cursive hand-drawn artistic informal,400,,,TypeTogether | Veronika Burian | José Scaglione,2054,526,No,2024-12-09,2025-05-30,https://fonts.google.com/specimen/Playwrite+ES+Deco+Guides
1392,Playwrite ES Guides,Handwriting,,Handwriting,personal casual friendly warm handwritten script organic  script cursive hand-drawn artistic informal,400,,,TypeTogether | Veronika Burian | José Scaglione,2086,490,No,2024-12-09,2025-05-30,https://fonts.google.com/specimen/Playwrite+ES+Guides
1393,Playwrite FR Moderne,Handwriting,,Handwriting,personal casual friendly warm handwritten script organic  script cursive hand-drawn artistic informal variable variable-font responsive variable-weight,100 | 200 | 300 | 400,wght: -,,TypeTogether | Veronika Burian | José Scaglione,1827,759,No,2024-05-15,2025-09-11,https://fonts.google.com/specimen/Playwrite+FR+Moderne
1394,Playwrite FR Moderne Guides,Handwriting,,Handwriting,personal casual friendly warm handwritten script organic  script cursive hand-drawn artistic informal,400,,,TypeTogether | Veronika Burian | José Scaglione,2059,758,No,2024-12-09,2025-05-30,https://fonts.google.com/specimen/Playwrite+FR+Moderne+Guides
1395,Playwrite FR Trad,Handwriting,,Handwriting,personal casual friendly warm handwritten script organic  script cursive hand-drawn artistic informal variable variable-font responsive variable-weight,100 | 200 | 300 | 400,wght: -,,TypeTogether | Veronika Burian | José Scaglione,2027,859,No,2023-12-11,2025-09-11,https://fonts.google.com/specimen/Playwrite+FR+Trad
1396,Playwrite FR Trad Guides,Handwriting,,Handwriting,personal casual friendly warm handwritten script organic  script cursive hand-drawn artistic informal,400,,,TypeTogether | Veronika Burian | José Scaglione,2062,560,No,2024-12-09,2025-05-30,https://fonts.google.com/specimen/Playwrite+FR+Trad+Guides
1397,Playwrite GB J,Handwriting,,Handwriting,personal casual friendly warm handwritten script organic  script cursive hand-drawn artistic informal italic variable variable-font responsive variable-weight,100 | 100i | 200 | 200i | 300 | 300i | 400 | 400i,wght: -,,TypeTogether | Veronika Burian | José Scaglione,1898,1488,No,2024-05-29,2025-09-11,https://fonts.google.com/specimen/Playwrite+GB+J
1398,Playwrite GB J Guides,Handwriting,,Handwriting,personal casual friendly warm handwritten script organic  script cursive hand-drawn artistic informal italic,400 | 400i,,,TypeTogether | Veronika Burian | José Scaglione,2046,2239,No,2024-12-09,2025-05-30,https://fonts.google.com/specimen/Playwrite+GB+J+Guides
1399,Playwrite GB S,Handwriting,,Handwriting,personal casual friendly warm handwritten script organic  script cursive hand-drawn artistic informal italic variable variable-font responsive variable-weight,100 | 100i | 200 | 200i | 300 | 300i | 400 | 400i,wght: -,,TypeTogether | Veronika Burian | José Scaglione,1679,1212,No,2024-05-29,2025-09-08,https://fonts.google.com/specimen/Playwrite+GB+S
1400,Playwrite GB S Guides,Handwriting,,Handwriting,personal casual friendly warm handwritten script organic  script cursive hand-drawn artistic informal italic,400 | 400i,,,TypeTogether | Veronika Burian | José Scaglione,2085,417,No,2024-12-09,2025-05-30,https://fonts.google.com/specimen/Playwrite+GB+S+Guides
1401,Playwrite HR,Handwriting,,Handwriting,personal casual friendly warm handwritten script organic  script cursive hand-drawn artistic informal variable variable-font responsive variable-weight,100 | 200 | 300 | 400,wght: -,,TypeTogether | Veronika Burian | José Scaglione,1555,638,No,2024-05-15,2025-09-16,https://fonts.google.com/specimen/Playwrite+HR
1402,Playwrite HR Guides,Handwriting,,Handwriting,personal casual friendly warm handwritten script organic  script cursive hand-drawn artistic informal,400,,,TypeTogether | Veronika Burian | José Scaglione,2089,506,No,2024-12-09,2025-05-30,https://fonts.google.com/specimen/Playwrite+HR+Guides
1403,Playwrite HR Lijeva,Handwriting,,Handwriting,personal casual friendly warm handwritten script organic  script cursive hand-drawn artistic informal variable variable-font responsive variable-weight,100 | 200 | 300 | 400,wght: -,,TypeTogether | Veronika Burian | José Scaglione,1843,2153,No,2024-05-15,2025-09-11,https://fonts.google.com/specimen/Playwrite+HR+Lijeva
1404,Playwrite HR Lijeva Guides,Handwriting,,Handwriting,personal casual friendly warm handwritten script organic  script cursive hand-drawn artistic informal,400,,,TypeTogether | Veronika Burian | José Scaglione,2069,432,No,2024-12-09,2025-05-30,https://fonts.google.com/specimen/Playwrite+HR+Lijeva+Guides
1405,Playwrite HU,Handwriting,,Handwriting,personal casual friendly warm handwritten script organic  script cursive hand-drawn artistic informal variable variable-font responsive variable-weight,100 | 200 | 300 | 400,wght: -,,TypeTogether | Veronika Burian | José Scaglione,1456,22,No,2024-05-15,2025-09-04,https://fonts.google.com/specimen/Playwrite+HU
1406,Playwrite HU Guides,Handwriting,,Handwriting,personal casual friendly warm handwritten script organic  script cursive hand-drawn artistic informal,400,,,TypeTogether | Veronika Burian | José Scaglione,2084,478,No,2024-12-09,2025-05-30,https://fonts.google.com/specimen/Playwrite+HU+Guides
1407,Playwrite ID,Handwriting,,Handwriting,personal casual friendly warm handwritten script organic  script cursive hand-drawn artistic informal variable variable-font responsive variable-weight,100 | 200 | 300 | 400,wght: -,,TypeTogether | Veronika Burian | José Scaglione,1944,1729,No,2024-05-29,2025-09-04,https://fonts.google.com/specimen/Playwrite+ID
1408,Playwrite ID Guides,Handwriting,,Handwriting,personal casual friendly warm handwritten script organic  script cursive hand-drawn artistic informal,400,,,TypeTogether | Veronika Burian | José Scaglione,2080,345,No,2024-12-09,2025-05-30,https://fonts.google.com/specimen/Playwrite+ID+Guides
1409,Playwrite IE,Handwriting,,Handwriting,personal casual friendly warm handwritten script organic  script cursive hand-drawn artistic informal variable variable-font responsive variable-weight,100 | 200 | 300 | 400,wght: -,,TypeTogether | Veronika Burian | José Scaglione,1954,2228,No,2024-05-29,2025-09-16,https://fonts.google.com/specimen/Playwrite+IE
1410,Playwrite IE Guides,Handwriting,,Handwriting,personal casual friendly warm handwritten script organic  script cursive hand-drawn artistic informal,400,,,TypeTogether | Veronika Burian | José Scaglione,2044,625,No,2024-12-09,2025-05-30,https://fonts.google.com/specimen/Playwrite+IE+Guides
1411,Playwrite IN,Handwriting,,Handwriting,personal casual friendly warm handwritten script organic  script cursive hand-drawn artistic informal variable variable-font responsive variable-weight,100 | 200 | 300 | 400,wght: -,,TypeTogether | Veronika Burian | José Scaglione,1492,1942,No,2024-05-29,2025-09-08,https://fonts.google.com/specimen/Playwrite+IN
1412,Playwrite IN Guides,Handwriting,,Handwriting,personal casual friendly warm handwritten script organic  script cursive hand-drawn artistic informal,400,,,TypeTogether | Veronika Burian | José Scaglione,2021,2312,No,2024-12-09,2025-05-30,https://fonts.google.com/specimen/Playwrite+IN+Guides
1413,Playwrite IS,Handwriting,,Handwriting,personal casual friendly warm handwritten script organic  script cursive hand-drawn artistic informal variable variable-font responsive variable-weight,100 | 200 | 300 | 400,wght: -,,TypeTogether | Veronika Burian | José Scaglione,1437,387,No,2024-05-15,2025-09-11,https://fonts.google.com/specimen/Playwrite+IS
1414,Playwrite IS Guides,Handwriting,,Handwriting,personal casual friendly warm handwritten script organic  script cursive hand-drawn artistic informal,400,,,TypeTogether | Veronika Burian | José Scaglione,2090,481,No,2024-12-09,2025-05-30,https://fonts.google.com/specimen/Playwrite+IS+Guides
1415,Playwrite IT Moderna,Handwriting,,Handwriting,personal casual friendly warm handwritten script organic  script cursive hand-drawn artistic informal variable variable-font responsive variable-weight,100 | 200 | 300 | 400,wght: -,,TypeTogether | Veronika Burian | José Scaglione,1775,633,No,2024-05-29,2025-09-08,https://fonts.google.com/specimen/Playwrite+IT+Moderna
1416,Playwrite IT Moderna Guides,Handwriting,,Handwriting,personal casual friendly warm handwritten script organic  script cursive hand-drawn artistic informal,400,,,TypeTogether | Veronika Burian | José Scaglione,2061,769,No,2024-12-09,2025-05-30,https://fonts.google.com/specimen/Playwrite+IT+Moderna+Guides
1417,Playwrite IT Trad,Handwriting,,Handwriting,personal casual friendly warm handwritten script organic  script cursive hand-drawn artistic informal variable variable-font responsive variable-weight,100 | 200 | 300 | 400,wght: -,,TypeTogether | Veronika Burian | José Scaglione,1995,151,No,2024-05-29,2025-09-11,https://fonts.google.com/specimen/Playwrite+IT+Trad
1418,Playwrite IT Trad Guides,Handwriting,,Handwriting,personal casual friendly warm handwritten script organic  script cursive hand-drawn artistic informal,400,,,TypeTogether | Veronika Burian | José Scaglione,2065,658,No,2024-12-09,2025-05-30,https://fonts.google.com/specimen/Playwrite+IT+Trad+Guides
1419,Playwrite MX,Handwriting,,Handwriting,personal casual friendly warm handwritten script organic  script cursive hand-drawn artistic informal variable variable-font responsive variable-weight,100 | 200 | 300 | 400,wght: -,,TypeTogether | Veronika Burian | José Scaglione,1797,670,No,2024-05-29,2025-09-10,https://fonts.google.com/specimen/Playwrite+MX
1420,Playwrite MX Guides,Handwriting,,Handwriting,personal casual friendly warm handwritten script organic  script cursive hand-drawn artistic informal,400,,,TypeTogether | Veronika Burian | José Scaglione,1691,175,No,2024-12-09,2025-05-30,https://fonts.google.com/specimen/Playwrite+MX+Guides
1421,Playwrite NG Modern,Handwriting,,Handwriting,personal casual friendly warm handwritten script organic  script cursive hand-drawn artistic informal variable variable-font responsive variable-weight,100 | 200 | 300 | 400,wght: -,,TypeTogether | Veronika Burian | José Scaglione,1883,1218,No,2024-05-29,2025-09-11,https://fonts.google.com/specimen/Playwrite+NG+Modern
1422,Playwrite NG Modern Guides,Handwriting,,Handwriting,personal casual friendly warm handwritten script organic  script cursive hand-drawn artistic informal,400,,,TypeTogether | Veronika Burian | José Scaglione,2063,399,No,2024-12-09,2025-05-30,https://fonts.google.com/specimen/Playwrite+NG+Modern+Guides
1423,Playwrite NL,Handwriting,,Handwriting,personal casual friendly warm handwritten script organic  script cursive hand-drawn artistic informal variable variable-font responsive variable-weight,100 | 200 | 300 | 400,wght: -,,TypeTogether | Veronika Burian | José Scaglione,1750,1239,No,2024-05-15,2025-09-16,https://fonts.google.com/specimen/Playwrite+NL
1424,Playwrite NL Guides,Handwriting,,Handwriting,personal casual friendly warm handwritten script organic  script cursive hand-drawn artistic informal,400,,,TypeTogether | Veronika Burian | José Scaglione,2051,1740,No,2024-12-09,2025-05-30,https://fonts.google.com/specimen/Playwrite+NL+Guides
1425,Playwrite NO,Handwriting,,Handwriting,personal casual friendly warm handwritten script organic  script cursive hand-drawn artistic informal variable variable-font responsive variable-weight,100 | 200 | 300 | 400,wght: -,,TypeTogether | Veronika Burian | José Scaglione,1766,613,No,2024-05-15,2025-09-04,https://fonts.google.com/specimen/Playwrite+NO
1426,Playwrite NO Guides,Handwriting,,Handwriting,personal casual friendly warm handwritten script organic  script cursive hand-drawn artistic informal,400,,,TypeTogether | Veronika Burian | José Scaglione,2082,431,No,2024-12-09,2025-05-30,https://fonts.google.com/specimen/Playwrite+NO+Guides
1427,Playwrite NZ,Handwriting,,Handwriting,personal casual friendly warm handwritten script organic  script cursive hand-drawn artistic informal variable variable-font responsive variable-weight,100 | 200 | 300 | 400,wght: -,,TypeTogether | Veronika Burian | José Scaglione,1865,1358,No,2024-05-29,2026-01-28,https://fonts.google.com/specimen/Playwrite+NZ
1428,Playwrite NZ Basic,Handwriting,,Handwriting,personal casual friendly warm handwritten script organic  script cursive hand-drawn artistic informal variable variable-font responsive variable-weight,100 | 200 | 300 | 400,wght: -,,TypeTogether | Veronika Burian | José Scaglione,1768,2315,No,2026-01-27,2026-01-28,https://fonts.google.com/specimen/Playwrite+NZ+Basic
1429,Playwrite NZ Basic Guides,Handwriting,,Handwriting,personal casual friendly warm handwritten script organic  script cursive hand-drawn artistic informal,400,,,TypeTogether | Veronika Burian | José Scaglione,1917,2324,No,2026-01-27,2026-01-28,https://fonts.google.com/specimen/Playwrite+NZ+Basic+Guides
1430,Playwrite NZ Guides,Handwriting,,Handwriting,personal casual friendly warm handwritten script organic  script cursive hand-drawn artistic informal,400,,,TypeTogether | Veronika Burian | José Scaglione,2055,662,No,2024-11-26,2026-01-28,https://fonts.google.com/specimen/Playwrite+NZ+Guides
1431,Playwrite PE,Handwriting,,Handwriting,personal casual friendly warm handwritten script organic  script cursive hand-drawn artistic informal variable variable-font responsive variable-weight,100 | 200 | 300 | 400,wght: -,,TypeTogether | Veronika Burian | José Scaglione,1896,683,No,2024-05-15,2025-09-04,https://fonts.google.com/specimen/Playwrite+PE
1432,Playwrite PE Guides,Handwriting,,Handwriting,personal casual friendly warm handwritten script organic  script cursive hand-drawn artistic informal,400,,,TypeTogether | Veronika Burian | José Scaglione,2017,926,No,2024-12-09,2025-05-30,https://fonts.google.com/specimen/Playwrite+PE+Guides
1433,Playwrite PL,Handwriting,,Handwriting,personal casual friendly warm handwritten script organic  script cursive hand-drawn artistic informal variable variable-font responsive variable-weight,100 | 200 | 300 | 400,wght: -,,TypeTogether | Veronika Burian | José Scaglione,1587,641,No,2024-05-15,2025-09-04,https://fonts.google.com/specimen/Playwrite+PL
1434,Playwrite PL Guides,Handwriting,,Handwriting,personal casual friendly warm handwritten script organic  script cursive hand-drawn artistic informal,400,,,TypeTogether | Veronika Burian | José Scaglione,2004,929,No,2024-12-09,2025-05-30,https://fonts.google.com/specimen/Playwrite+PL+Guides
1435,Playwrite PT,Handwriting,,Handwriting,personal casual friendly warm handwritten script organic  script cursive hand-drawn artistic informal variable variable-font responsive variable-weight,100 | 200 | 300 | 400,wght: -,,TypeTogether | Veronika Burian | José Scaglione,1849,440,No,2024-05-15,2025-09-16,https://fonts.google.com/specimen/Playwrite+PT
1436,Playwrite PT Guides,Handwriting,,Handwriting,personal casual friendly warm handwritten script organic  script cursive hand-drawn artistic informal,400,,,TypeTogether | Veronika Burian | José Scaglione,2008,914,No,2024-12-09,2025-05-30,https://fonts.google.com/specimen/Playwrite+PT+Guides
1437,Playwrite RO,Handwriting,,Handwriting,personal casual friendly warm handwritten script organic  script cursive hand-drawn artistic informal variable variable-font responsive variable-weight,100 | 200 | 300 | 400,wght: -,,TypeTogether | Veronika Burian | José Scaglione,1749,219,No,2024-05-15,2025-09-10,https://fonts.google.com/specimen/Playwrite+RO
1438,Playwrite RO Guides,Handwriting,,Handwriting,personal casual friendly warm handwritten script organic  script cursive hand-drawn artistic informal,400,,,TypeTogether | Veronika Burian | José Scaglione,2074,523,No,2024-12-09,2025-05-30,https://fonts.google.com/specimen/Playwrite+RO+Guides
1439,Playwrite SK,Handwriting,,Handwriting,personal casual friendly warm handwritten script organic  script cursive hand-drawn artistic informal variable variable-font responsive variable-weight,100 | 200 | 300 | 400,wght: -,,TypeTogether | Veronika Burian | José Scaglione,1929,1870,No,2024-05-15,2025-09-02,https://fonts.google.com/specimen/Playwrite+SK
1440,Playwrite SK Guides,Handwriting,,Handwriting,personal casual friendly warm handwritten script organic  script cursive hand-drawn artistic informal,400,,,TypeTogether | Veronika Burian | José Scaglione,2076,437,No,2024-12-09,2025-05-30,https://fonts.google.com/specimen/Playwrite+SK+Guides
1441,Playwrite TZ,Handwriting,,Handwriting,personal casual friendly warm handwritten script organic  script cursive hand-drawn artistic informal variable variable-font responsive variable-weight,100 | 200 | 300 | 400,wght: -,,TypeTogether | Veronika Burian | José Scaglione,1964,602,No,2024-05-29,2025-09-10,https://fonts.google.com/specimen/Playwrite+TZ
1442,Playwrite TZ Guides,Handwriting,,Handwriting,personal casual friendly warm handwritten script organic  script cursive hand-drawn artistic informal,400,,,TypeTogether | Veronika Burian | José Scaglione,2047,826,No,2024-12-09,2025-05-30,https://fonts.google.com/specimen/Playwrite+TZ+Guides
1443,Playwrite US Modern,Handwriting,,Handwriting,personal casual friendly warm handwritten script organic  script cursive hand-drawn artistic informal variable variable-font responsive variable-weight,100 | 200 | 300 | 400,wght: -,,TypeTogether | Veronika Burian | José Scaglione,1560,1464,No,2024-05-29,2025-09-16,https://fonts.google.com/specimen/Playwrite+US+Modern
1444,Playwrite US Modern Guides,Handwriting,,Handwriting,personal casual friendly warm handwritten script organic  script cursive hand-drawn artistic informal,400,,,TypeTogether | Veronika Burian | José Scaglione,2064,711,No,2024-12-09,2025-05-30,https://fonts.google.com/specimen/Playwrite+US+Modern+Guides
1445,Playwrite US Trad,Handwriting,,Handwriting,personal casual friendly warm handwritten script organic  script cursive hand-drawn artistic informal variable variable-font responsive variable-weight,100 | 200 | 300 | 400,wght: -,,TypeTogether | Veronika Burian | José Scaglione,1295,1918,No,2024-05-29,2025-09-04,https://fonts.google.com/specimen/Playwrite+US+Trad
1446,Playwrite US Trad Guides,Handwriting,,Handwriting,personal casual friendly warm handwritten script organic  script cursive hand-drawn artistic informal,400,,,TypeTogether | Veronika Burian | José Scaglione,2006,778,No,2024-12-09,2025-05-30,https://fonts.google.com/specimen/Playwrite+US+Trad+Guides
1447,Playwrite VN,Handwriting,,Handwriting,personal casual friendly warm handwritten script organic  script cursive hand-drawn artistic informal variable variable-font responsive variable-weight,100 | 200 | 300 | 400,wght: -,,TypeTogether | Veronika Burian | José Scaglione,1860,1764,No,2024-04-02,2025-09-16,https://fonts.google.com/specimen/Playwrite+VN
1448,Playwrite VN Guides,Handwriting,,Handwriting,personal casual friendly warm handwritten script organic  script cursive hand-drawn artistic informal,400,,,TypeTogether | Veronika Burian | José Scaglione,1620,2236,No,2024-12-09,2025-05-30,https://fonts.google.com/specimen/Playwrite+VN+Guides
1449,Playwrite ZA,Handwriting,,Handwriting,personal casual friendly warm handwritten script organic  script cursive hand-drawn artistic informal variable variable-font responsive variable-weight,100 | 200 | 300 | 400,wght: -,,TypeTogether | Veronika Burian | José Scaglione,1783,2110,No,2024-05-29,2025-09-08,https://fonts.google.com/specimen/Playwrite+ZA
1450,Playwrite ZA Guides,Handwriting,,Handwriting,personal casual friendly warm handwritten script organic  script cursive hand-drawn artistic informal,400,,,TypeTogether | Veronika Burian | José Scaglione,2070,1251,No,2024-12-09,2025-05-30,https://fonts.google.com/specimen/Playwrite+ZA+Guides
1451,Plus Jakarta Sans,Sans Serif,Sans Serif,,clean modern minimal professional readable neutral geometric humanist grotesque versatile multi-weight flexible italic variable variable-font responsive variable-weight cyrillic extended english western european extended-latin european vietnamese popular widely-used,200 | 200i | 300 | 300i | 400 | 400i | 500 | 500i | 600 | 600i | 700 | 700i | 800 | 800i,wght: -,cyrillic-ext | latin | latin-ext | vietnamese,Tokotype,69,591,No,2022-03-23,2025-09-10,https://fonts.google.com/specimen/Plus+Jakarta+Sans
1452,Pochaevsk,Display,,Display,bold decorative headline attention-grabbing creative expressive  headline hero decorative large-text attention russian cyrillic slavic cyrillic extended english western european,400,,cyrillic | cyrillic-ext | latin,Aleksandr Andreev,1961,699,No,2024-12-05,2025-05-30,https://fonts.google.com/specimen/Pochaevsk
1453,Podkova,Serif,Serif,Display,elegant traditional classic refined literary editorial transitional oldstyle didone headline hero decorative large-text attention variable variable-font responsive variable-weight russian cyrillic slavic cyrillic extended english western european extended-latin european vietnamese,400 | 500 | 600 | 700 | 800,wght: -,cyrillic | cyrillic-ext | latin | latin-ext | vietnamese,Cyreal,618,958,No,2011-05-18,2025-09-08,https://fonts.google.com/specimen/Podkova
1454,Poetsen One,Display,Sans Serif,Display,bold decorative headline attention-grabbing creative expressive geometric humanist grotesque headline hero decorative large-text attention english western european extended-latin european,400,,latin | latin-ext,Rodrigo Fuenzalida | Pablo Impallari,910,1143,No,2024-05-01,2025-05-30,https://fonts.google.com/specimen/Poetsen+One
1455,Poiret One,Display,Sans Serif,Display,bold decorative headline attention-grabbing creative expressive geometric humanist grotesque headline hero decorative large-text attention russian cyrillic slavic english western european extended-latin european,400,,cyrillic | latin | latin-ext,Denis Masharov,384,1904,No,2012-02-29,2025-09-11,https://fonts.google.com/specimen/Poiret+One
1456,Poller One,Display,Sans Serif,Display,bold decorative headline attention-grabbing creative expressive geometric humanist grotesque headline hero decorative large-text attention english western european,400,,latin,Yvonne Schüttler,1036,1293,No,2011-09-28,2025-06-25,https://fonts.google.com/specimen/Poller+One
1457,Poltawski Nowy,Serif,Serif,,elegant traditional classic refined literary editorial transitional oldstyle didone italic variable variable-font responsive variable-weight english western european extended-latin european vietnamese,400 | 400i | 500 | 500i | 600 | 600i | 700 | 700i,wght: -,latin | latin-ext | vietnamese,Adam Półtawski | Mateusz Machalski | Borys Kosmynka | Ania Wieluńska,1216,232,No,2023-04-19,2025-09-10,https://fonts.google.com/specimen/Poltawski+Nowy
1458,Poly,Serif,Serif,,elegant traditional classic refined literary editorial transitional oldstyle didone italic english western european extended-latin european,400 | 400i,,latin | latin-ext,Nicolás Silva,1023,1588,No,2011-11-02,2025-09-08,https://fonts.google.com/specimen/Poly
1459,Pompiere,Display,Sans Serif,Display,bold decorative headline attention-grabbing creative expressive geometric humanist grotesque headline hero decorative large-text attention english western european,400,,latin,Karolina Lach,859,1383,No,2011-07-20,2025-09-04,https://fonts.google.com/specimen/Pompiere
1460,Ponnala,Display,,Display,bold decorative headline attention-grabbing creative expressive  headline hero decorative large-text attention english western european telugu indian,400,,latin | telugu,Appaji Ambarisha Darbha,1946,2256,No,2024-11-18,2025-09-17,https://fonts.google.com/specimen/Ponnala
1461,Ponomar,Display,,Display,bold decorative headline attention-grabbing creative expressive  headline hero decorative large-text attention russian cyrillic slavic cyrillic extended english western european,400,,cyrillic | cyrillic-ext | latin,Aleksandr Andreev,1551,775,No,2025-02-26,2025-05-30,https://fonts.google.com/specimen/Ponomar
1462,Pontano Sans,Sans Serif,Sans Serif,,clean modern minimal professional readable neutral geometric humanist grotesque variable variable-font responsive variable-weight english western european extended-latin european,300 | 400 | 500 | 600 | 700,wght: -,latin | latin-ext,Vernon Adams,473,1644,No,2012-03-14,2025-09-08,https://fonts.google.com/specimen/Pontano+Sans
1463,Poor Story,Display,,Display,bold decorative headline attention-grabbing creative expressive  headline hero decorative large-text attention korean hangul english western european,400,,korean | latin,Yoon Design,1364,248,No,2018-02-23,2025-09-08,https://fonts.google.com/specimen/Poor+Story
1464,Poppins,Sans Serif,Sans Serif,,clean modern minimal professional readable neutral geometric humanist grotesque versatile multi-weight flexible italic hindi devanagari indian english western european extended-latin european top-popular trending most-used,100 | 100i | 200 | 200i | 300 | 300i | 400 | 400i | 500 | 500i | 600 | 600i | 700 | 700i | 800 | 800i | 900 | 900i,,devanagari | latin | latin-ext,Indian Type Foundry | Jonny Pinhorn | Ninad Kale,9,1146,No,2015-06-03,2025-09-16,https://fonts.google.com/specimen/Poppins
1465,Port Lligat Sans,Sans Serif,Sans Serif,Display,clean modern minimal professional readable neutral geometric humanist grotesque headline hero decorative large-text attention english western european,400,,latin,Tipo,1464,551,No,2012-01-18,2025-09-04,https://fonts.google.com/specimen/Port+Lligat+Sans
1466,Port Lligat Slab,Serif,Serif,Display,elegant traditional classic refined literary editorial transitional oldstyle didone headline hero decorative large-text attention english western european,400,,latin,Tipo,1346,1780,No,2012-01-18,2025-09-08,https://fonts.google.com/specimen/Port+Lligat+Slab
1467,Potta One,Display,,Display,bold decorative headline attention-grabbing creative expressive  headline hero decorative large-text attention japanese kanji hiragana katakana english western european extended-latin european vietnamese,400,,japanese | latin | latin-ext | vietnamese,Font Zone 108,548,1565,No,2020-12-14,2025-09-02,https://fonts.google.com/specimen/Potta+One
1468,Pragati Narrow,Sans Serif,Sans Serif,,clean modern minimal professional readable neutral geometric humanist grotesque hindi devanagari indian english western european extended-latin european,400 | 700,,devanagari | latin | latin-ext,Omnibus-Type,466,400,No,2015-04-22,2025-09-11,https://fonts.google.com/specimen/Pragati+Narrow
1469,Praise,Handwriting,,Display | Handwriting,personal casual friendly warm handwritten script organic  headline hero decorative large-text attention script cursive hand-drawn artistic informal english western european extended-latin european vietnamese,400,,latin | latin-ext | vietnamese,Robert Leuschke,1552,1314,No,2021-10-12,2025-09-16,https://fonts.google.com/specimen/Praise
1470,Prata,Serif,Serif,Display,elegant traditional classic refined literary editorial transitional oldstyle didone headline hero decorative large-text attention russian cyrillic slavic cyrillic extended english western european vietnamese well-known common,400,,cyrillic | cyrillic-ext | latin | vietnamese,Cyreal,241,972,No,2011-09-07,2025-09-16,https://fonts.google.com/specimen/Prata
1471,Preahvihear,Sans Serif,Sans Serif,Display,clean modern minimal professional readable neutral geometric humanist grotesque headline hero decorative large-text attention khmer cambodian english western european,400,,khmer | latin,Danh Hong,1495,2263,No,2011-03-02,2025-09-16,https://fonts.google.com/specimen/Preahvihear
1472,Press Start 2P,Display,,Display,bold decorative headline attention-grabbing creative expressive  headline hero decorative large-text attention russian cyrillic slavic cyrillic extended greek english western european extended-latin european well-known common,400,,cyrillic | cyrillic-ext | greek | latin | latin-ext,CodeMan38,272,1166,No,2012-04-04,2025-09-16,https://fonts.google.com/specimen/Press+Start+2P
1473,Pridi,Serif,Serif,Display,elegant traditional classic refined literary editorial transitional oldstyle didone headline hero decorative large-text attention versatile multi-weight flexible english western european extended-latin european thai southeast-asia vietnamese,200 | 300 | 400 | 500 | 600 | 700,,latin | latin-ext | thai | vietnamese,Cadson Demak,510,2223,No,2016-06-15,2025-09-11,https://fonts.google.com/specimen/Pridi
1474,Princess Sofia,Handwriting,,Display | Handwriting,personal casual friendly warm handwritten script organic  headline hero decorative large-text attention script cursive hand-drawn artistic informal english western european extended-latin european,400,,latin | latin-ext,Tart Workshop,1574,1710,No,2012-02-15,2025-09-16,https://fonts.google.com/specimen/Princess+Sofia
1475,Prociono,Serif,Serif,Display,elegant traditional classic refined literary editorial transitional oldstyle didone headline hero decorative large-text attention english western european,400,,latin,Barry Schwartz,1089,1893,No,2011-08-31,2025-09-08,https://fonts.google.com/specimen/Prociono
1476,Prompt,Sans Serif,Sans Serif,,clean modern minimal professional readable neutral geometric humanist grotesque versatile multi-weight flexible italic english western european extended-latin european thai southeast-asia vietnamese top-popular trending most-used,100 | 100i | 200 | 200i | 300 | 300i | 400 | 400i | 500 | 500i | 600 | 600i | 700 | 700i | 800 | 800i | 900 | 900i,,latin | latin-ext | thai | vietnamese,Cadson Demak,50,564,No,2016-06-15,2025-09-02,https://fonts.google.com/specimen/Prompt
1477,Prosto One,Display,Sans Serif,Display,bold decorative headline attention-grabbing creative expressive geometric humanist grotesque headline hero decorative large-text attention russian cyrillic slavic english western european extended-latin european,400,,cyrillic | latin | latin-ext,Jovanny Lemonad | Pavel Emelyanov,920,2124,No,2012-02-29,2025-09-10,https://fonts.google.com/specimen/Prosto+One
1478,Protest Guerrilla,Display,Sans Serif,Display,bold decorative headline attention-grabbing creative expressive geometric humanist grotesque headline hero decorative large-text attention english western european extended-latin european vietnamese,400,,latin | latin-ext | math | symbols | vietnamese,Octavio Pardo,1685,1472,No,2024-01-30,2025-05-30,https://fonts.google.com/specimen/Protest+Guerrilla
1479,Protest Revolution,Display,Sans Serif,Display,bold decorative headline attention-grabbing creative expressive geometric humanist grotesque headline hero decorative large-text attention english western european extended-latin european vietnamese,400,,latin | latin-ext | math | symbols | vietnamese,Octavio Pardo,641,1733,No,2024-01-30,2025-05-30,https://fonts.google.com/specimen/Protest+Revolution
1480,Protest Riot,Display,Sans Serif,Display,bold decorative headline attention-grabbing creative expressive geometric humanist grotesque headline hero decorative large-text attention english western european extended-latin european vietnamese,400,,latin | latin-ext | math | symbols | vietnamese,Octavio Pardo,1194,1863,No,2024-01-30,2025-05-30,https://fonts.google.com/specimen/Protest+Riot
1481,Protest Strike,Display,Sans Serif,Display,bold decorative headline attention-grabbing creative expressive geometric humanist grotesque headline hero decorative large-text attention english western european extended-latin european vietnamese,400,,latin | latin-ext | math | symbols | vietnamese,Octavio Pardo,1111,1811,No,2024-01-30,2025-05-30,https://fonts.google.com/specimen/Protest+Strike
1482,Proza Libre,Sans Serif,Sans Serif,,clean modern minimal professional readable neutral geometric humanist grotesque italic english western european extended-latin european,400 | 400i | 500 | 500i | 600 | 600i | 700 | 700i | 800 | 800i,,latin | latin-ext,Jasper de Waard,586,1963,No,2016-06-15,2025-05-30,https://fonts.google.com/specimen/Proza+Libre
1483,Public Sans,Sans Serif,Sans Serif,,clean modern minimal professional readable neutral geometric humanist grotesque versatile multi-weight flexible italic variable variable-font responsive variable-weight english western european extended-latin european vietnamese popular widely-used,100 | 100i | 200 | 200i | 300 | 300i | 400 | 400i | 500 | 500i | 600 | 600i | 700 | 700i | 800 | 800i | 900 | 900i,wght: -,latin | latin-ext | vietnamese,USWDS | Dan Williams | Pablo Impallari | Rodrigo Fuenzalida,85,729,No,2019-06-07,2025-09-16,https://fonts.google.com/specimen/Public+Sans
1484,Puppies Play,Handwriting,,Display | Handwriting,personal casual friendly warm handwritten script organic  headline hero decorative large-text attention script cursive hand-drawn artistic informal english western european extended-latin european vietnamese,400,,latin | latin-ext | vietnamese,Robert Leuschke,1791,2001,No,2021-10-12,2025-09-11,https://fonts.google.com/specimen/Puppies+Play
1485,Puritan,Sans Serif,Sans Serif,,clean modern minimal professional readable neutral geometric humanist grotesque italic english western european,400 | 400i | 700 | 700i,,latin,Ben Weiner,1029,2037,No,2010-11-30,2025-09-10,https://fonts.google.com/specimen/Puritan
1486,Purple Purse,Display,Serif,Display,bold decorative headline attention-grabbing creative expressive transitional oldstyle didone headline hero decorative large-text attention english western european extended-latin european,400,,latin | latin-ext,Astigmatic,1647,1765,No,2012-11-16,2025-09-10,https://fonts.google.com/specimen/Purple+Purse
1487,Qahiri,Sans Serif,Sans Serif,,clean modern minimal professional readable neutral geometric humanist grotesque arabic RTL middle-east english western european,400,,arabic | latin,Khaled Hosny,860,284,No,2021-04-03,2025-09-10,https://fonts.google.com/specimen/Qahiri
1488,Quando,Serif,Serif,Display,elegant traditional classic refined literary editorial transitional oldstyle didone headline hero decorative large-text attention english western european extended-latin european,400,,latin | latin-ext,Joana Correia,838,1467,No,2012-07-10,2025-09-11,https://fonts.google.com/specimen/Quando
1489,Quantico,Sans Serif,Sans Serif,Display,clean modern minimal professional readable neutral geometric humanist grotesque headline hero decorative large-text attention italic english western european,400 | 400i | 700 | 700i,,latin,MADType,380,1144,No,2011-12-19,2025-09-16,https://fonts.google.com/specimen/Quantico
1490,Quattrocento,Serif,Serif,Display,elegant traditional classic refined literary editorial transitional oldstyle didone headline hero decorative large-text attention english western european extended-latin european,400 | 700,,latin | latin-ext,Impallari Type,311,1746,No,2012-03-20,2025-09-04,https://fonts.google.com/specimen/Quattrocento
1491,Quattrocento Sans,Sans Serif,Sans Serif,,clean modern minimal professional readable neutral geometric humanist grotesque italic english western european extended-latin european,400 | 400i | 700 | 700i,,latin | latin-ext,Impallari Type,346,2071,No,2012-02-15,2025-09-08,https://fonts.google.com/specimen/Quattrocento+Sans
1492,Questrial,Sans Serif,Sans Serif,,clean modern minimal professional readable neutral geometric humanist grotesque english western european extended-latin european vietnamese well-known common,400,,latin | latin-ext | vietnamese,Joe Prince | Laura Meseguer,159,1483,No,2011-08-10,2025-09-11,https://fonts.google.com/specimen/Questrial
1493,Quicksand,Sans Serif,Sans Serif,,clean modern minimal professional readable neutral geometric humanist grotesque variable variable-font responsive variable-weight english western european extended-latin european vietnamese top-popular trending most-used,300 | 400 | 500 | 600 | 700,wght: -,latin | latin-ext | vietnamese,Andrew Paglinawan,37,598,No,2011-10-19,2025-09-02,https://fonts.google.com/specimen/Quicksand
1494,Quintessential,Handwriting,Serif,Display,personal casual friendly warm handwritten script organic transitional oldstyle didone headline hero decorative large-text attention english western european extended-latin european,400,,latin | latin-ext,Astigmatic,828,1754,No,2012-11-02,2025-09-11,https://fonts.google.com/specimen/Quintessential
1495,Qwigley,Handwriting,,Display | Handwriting,personal casual friendly warm handwritten script organic  headline hero decorative large-text attention script cursive hand-drawn artistic informal english western european extended-latin european vietnamese,400,,latin | latin-ext | vietnamese,Robert Leuschke,779,251,No,2011-12-19,2025-09-11,https://fonts.google.com/specimen/Qwigley
1496,Qwitcher Grypen,Handwriting,,Handwriting | Display,personal casual friendly warm handwritten script organic  script cursive hand-drawn artistic informal headline hero decorative large-text attention english western european extended-latin european vietnamese,400 | 700,,latin | latin-ext | vietnamese,Robert Leuschke,824,2152,No,2021-11-26,2025-09-08,https://fonts.google.com/specimen/Qwitcher+Grypen
1497,REM,Sans Serif,Sans Serif,,clean modern minimal professional readable neutral geometric humanist grotesque versatile multi-weight flexible italic variable variable-font responsive variable-weight english western european extended-latin european vietnamese,100 | 100i | 200 | 200i | 300 | 300i | 400 | 400i | 500 | 500i | 600 | 600i | 700 | 700i | 800 | 800i | 900 | 900i,wght: -,latin | latin-ext | vietnamese,Octavio Pardo,611,98,No,2023-07-20,2025-09-16,https://fonts.google.com/specimen/REM
1498,Racing Sans One,Display,Sans Serif,Display,bold decorative headline attention-grabbing creative expressive geometric humanist grotesque headline hero decorative large-text attention english western european extended-latin european,400,,latin | latin-ext,Impallari Type,508,1927,No,2012-08-13,2025-09-16,https://fonts.google.com/specimen/Racing+Sans+One
1499,Radio Canada,Sans Serif,Sans Serif,,clean modern minimal professional readable neutral geometric humanist grotesque italic variable variable-font responsive variable-weight variable-width english western european extended-latin european vietnamese,300 | 300i | 400 | 400i | 500 | 500i | 600 | 600i | 700 | 700i,wdth: - | wght: -,canadian-aboriginal | latin | latin-ext | vietnamese,Charles Daoud | Coppers and Brasses | Alexandre Saumier Demers | Jacques Le Bailly,338,2198,No,2022-04-25,2025-09-04,https://fonts.google.com/specimen/Radio+Canada
1500,Radio Canada Big,Sans Serif,Sans Serif,,clean modern minimal professional readable neutral geometric humanist grotesque italic variable variable-font responsive variable-weight english western european extended-latin european,400 | 400i | 500 | 500i | 600 | 600i | 700 | 700i,wght: -,latin | latin-ext,Étienne Aubert Bonn,790,2221,No,2024-05-01,2025-09-16,https://fonts.google.com/specimen/Radio+Canada+Big
1501,Radley,Serif,Serif,Display,elegant traditional classic refined literary editorial transitional oldstyle didone headline hero decorative large-text attention italic english western european extended-latin european,400 | 400i,,latin | latin-ext,Vernon Adams,554,365,No,2011-12-13,2025-09-10,https://fonts.google.com/specimen/Radley
1502,Rajdhani,Sans Serif,Sans Serif,,clean modern minimal professional readable neutral geometric humanist grotesque hindi devanagari indian english western european extended-latin european popular widely-used,300 | 400 | 500 | 600 | 700,,devanagari | latin | latin-ext,Indian Type Foundry,128,558,No,2014-07-09,2025-09-16,https://fonts.google.com/specimen/Rajdhani
1503,Rakkas,Display,Serif,Display,bold decorative headline attention-grabbing creative expressive transitional oldstyle didone headline hero decorative large-text attention arabic RTL middle-east english western european extended-latin european,400,,arabic | latin | latin-ext,Zeynep Akay,537,385,No,2016-06-15,2025-09-10,https://fonts.google.com/specimen/Rakkas
1504,Raleway,Sans Serif,Sans Serif,,clean modern minimal professional readable neutral geometric humanist grotesque versatile multi-weight flexible italic variable variable-font responsive variable-weight russian cyrillic slavic cyrillic extended english western european extended-latin european vietnamese top-popular trending most-used,100 | 100i | 200 | 200i | 300 | 300i | 400 | 400i | 500 | 500i | 600 | 600i | 700 | 700i | 800 | 800i | 900 | 900i,wght: -,cyrillic | cyrillic-ext | latin | latin-ext | vietnamese,Matt McInerney | Pablo Impallari | Rodrigo Fuenzalida,22,1408,No,2012-09-07,2025-09-10,https://fonts.google.com/specimen/Raleway
1505,Raleway Dots,Display,Sans Serif,Display,bold decorative headline attention-grabbing creative expressive geometric humanist grotesque headline hero decorative large-text attention english western european extended-latin european,400,,latin | latin-ext,Matt McInerney | Pablo Impallari | Rodrigo Fuenzalida | Brenda Gallo,1086,1922,No,2012-09-07,2025-09-11,https://fonts.google.com/specimen/Raleway+Dots
1506,Ramabhadra,Sans Serif,Sans Serif,,clean modern minimal professional readable neutral geometric humanist grotesque english western european telugu indian popular widely-used,400,,latin | telugu,Purushoth Kumar Guttula,100,973,No,2014-12-10,2025-09-16,https://fonts.google.com/specimen/Ramabhadra
1507,Ramaraja,Serif,Serif,,elegant traditional classic refined literary editorial transitional oldstyle didone english western european telugu indian,400,,latin | telugu,Appaji Ambarisha Darbha,1367,766,No,2015-01-08,2025-09-10,https://fonts.google.com/specimen/Ramaraja
1508,Rambla,Sans Serif,Sans Serif,,clean modern minimal professional readable neutral geometric humanist grotesque italic english western european extended-latin european,400 | 400i | 700 | 700i,,latin | latin-ext,Martin Sommaruga,856,1333,No,2012-10-31,2025-09-10,https://fonts.google.com/specimen/Rambla
1509,Rammetto One,Display,Sans Serif,Display,bold decorative headline attention-grabbing creative expressive geometric humanist grotesque headline hero decorative large-text attention english western european extended-latin european,400,,latin | latin-ext,Vernon Adams,312,1285,No,2011-11-02,2025-09-16,https://fonts.google.com/specimen/Rammetto+One
1510,Rampart One,Display,Sans Serif,Display,bold decorative headline attention-grabbing creative expressive geometric humanist grotesque headline hero decorative large-text attention russian cyrillic slavic japanese kanji hiragana katakana english western european extended-latin european,400,,cyrillic | japanese | latin | latin-ext,Fontworks Inc.,723,852,No,2021-06-08,2025-09-04,https://fonts.google.com/specimen/Rampart+One
1511,Ramsina,Serif,Serif,,elegant traditional classic refined literary editorial transitional oldstyle didone english western european,400,,latin | syriac,SIL International,1875,2257,No,2026-02-12,2026-02-17,https://fonts.google.com/specimen/Ramsina
1512,Ranchers,Display,Sans Serif,Display,bold decorative headline attention-grabbing creative expressive geometric humanist grotesque headline hero decorative large-text attention english western european extended-latin european,400,,latin | latin-ext,Impallari Type,1310,1887,No,2012-09-07,2025-09-11,https://fonts.google.com/specimen/Ranchers
1513,Rancho,Handwriting,,Display | Handwriting,personal casual friendly warm handwritten script organic  headline hero decorative large-text attention script cursive hand-drawn artistic informal english western european,400,,latin,Sideshow,655,1395,No,2011-10-12,2025-06-02,https://fonts.google.com/specimen/Rancho
1514,Ranga,Display,,Display | Handwriting,bold decorative headline attention-grabbing creative expressive  headline hero decorative large-text attention script cursive hand-drawn artistic informal hindi devanagari indian english western european extended-latin european,400 | 700,,devanagari | latin | latin-ext,TipTopTyp,1539,451,No,2015-01-28,2025-04-23,https://fonts.google.com/specimen/Ranga
1515,Rasa,Serif,Serif,Display,elegant traditional classic refined literary editorial transitional oldstyle didone headline hero decorative large-text attention italic variable variable-font responsive variable-weight gujarati indian english western european extended-latin european vietnamese,300 | 300i | 400 | 400i | 500 | 500i | 600 | 600i | 700 | 700i,wght: -,gujarati | latin | latin-ext | vietnamese,Rosetta | Anna Giedryś | David Březina,877,1603,No,2016-06-15,2025-09-04,https://fonts.google.com/specimen/Rasa
1516,Rationale,Sans Serif,Sans Serif,Display,clean modern minimal professional readable neutral geometric humanist grotesque headline hero decorative large-text attention english western european,400,,latin,Cyreal,1256,1853,No,2011-08-03,2025-09-11,https://fonts.google.com/specimen/Rationale
1517,Ravi Prakash,Display,,Display,bold decorative headline attention-grabbing creative expressive  headline hero decorative large-text attention english western european telugu indian,400,,latin | telugu,Appaji Ambarisha Darbha,1452,119,No,2015-01-12,2025-09-16,https://fonts.google.com/specimen/Ravi+Prakash
1518,Readex Pro,Sans Serif,Sans Serif,,clean modern minimal professional readable neutral geometric humanist grotesque versatile multi-weight flexible variable variable-font responsive variable-weight arabic RTL middle-east english western european extended-latin european vietnamese well-known common,200 | 300 | 400 | 500 | 600 | 700,HEXP: - | wght: -,arabic | latin | latin-ext | vietnamese,Thomas Jockin | Nadine Chahine | Bonnie Shaver-Troup | Santiago Orozco | Héctor Gómez,268,961,No,2021-09-16,2025-09-10,https://fonts.google.com/specimen/Readex+Pro
1519,Recursive,Sans Serif,Sans Serif,,clean modern minimal professional readable neutral geometric humanist grotesque versatile multi-weight flexible variable variable-font responsive variable-weight variable-slant cyrillic extended english western european extended-latin european vietnamese,1000 | 300 | 400 | 500 | 600 | 700 | 800 | 900,CASL: - | CRSV: - | MONO: - | slnt: - | wght: -,cyrillic-ext | latin | latin-ext | vietnamese,Arrow Type | Stephen Nixon,807,1830,No,2019-06-28,2025-09-04,https://fonts.google.com/specimen/Recursive
1520,Red Hat Display,Sans Serif,Sans Serif,Display,clean modern minimal professional readable neutral geometric humanist grotesque headline hero decorative large-text attention versatile multi-weight flexible italic variable variable-font responsive variable-weight english western european extended-latin european popular widely-used,300 | 300i | 400 | 400i | 500 | 500i | 600 | 600i | 700 | 700i | 800 | 800i | 900 | 900i,wght: -,latin | latin-ext,MCKL,109,391,No,2019-04-09,2025-09-10,https://fonts.google.com/specimen/Red+Hat+Display
1521,Red Hat Mono,Monospace,Sans Serif,Monospace,code developer technical fixed-width terminal programming geometric humanist grotesque mono fixed-width tabular data code italic variable variable-font responsive variable-weight english western european extended-latin european,300 | 300i | 400 | 400i | 500 | 500i | 600 | 600i | 700 | 700i,wght: -,latin | latin-ext,MCKL,897,664,No,2021-06-10,2025-09-10,https://fonts.google.com/specimen/Red+Hat+Mono
1522,Red Hat Text,Sans Serif,Sans Serif,,clean modern minimal professional readable neutral geometric humanist grotesque italic variable variable-font responsive variable-weight english western european extended-latin european well-known common,300 | 300i | 400 | 400i | 500 | 500i | 600 | 600i | 700 | 700i,wght: -,latin | latin-ext,MCKL,252,548,No,2019-04-09,2025-09-04,https://fonts.google.com/specimen/Red+Hat+Text
1523,Red Rose,Display,Serif,Display,bold decorative headline attention-grabbing creative expressive transitional oldstyle didone headline hero decorative large-text attention variable variable-font responsive variable-weight english western european extended-latin european vietnamese,300 | 400 | 500 | 600 | 700,wght: -,latin | latin-ext | vietnamese,Jaikishan Patel,547,2270,No,2020-07-02,2025-09-16,https://fonts.google.com/specimen/Red+Rose
1524,Redacted,Display,,Symbols | Display,bold decorative headline attention-grabbing creative expressive  icon symbol emoji pictograph headline hero decorative large-text attention english western european extended-latin european,400,,latin | latin-ext,Christian Naths,1247,763,No,2013-09-18,2025-09-17,https://fonts.google.com/specimen/Redacted
1525,Redacted Script,Display,,Symbols | Handwriting,bold decorative headline attention-grabbing creative expressive  icon symbol emoji pictograph script cursive hand-drawn artistic informal english western european extended-latin european,300 | 400 | 700,,latin | latin-ext,Christian Naths,1684,1771,No,2013-09-18,2025-09-17,https://fonts.google.com/specimen/Redacted+Script
1526,Reddit Mono,Monospace,Sans Serif,Monospace,code developer technical fixed-width terminal programming geometric humanist grotesque mono fixed-width tabular data code versatile multi-weight flexible variable variable-font responsive variable-weight english western european extended-latin european vietnamese,200 | 300 | 400 | 500 | 600 | 700 | 800 | 900,wght: -,latin | latin-ext | vietnamese,Stephen Hutchings | OrangeRed,1489,1382,No,2024-03-20,2025-09-04,https://fonts.google.com/specimen/Reddit+Mono
1527,Reddit Sans,Sans Serif,Sans Serif,,clean modern minimal professional readable neutral geometric humanist grotesque versatile multi-weight flexible italic variable variable-font responsive variable-weight english western european extended-latin european vietnamese,200 | 200i | 300 | 300i | 400 | 400i | 500 | 500i | 600 | 600i | 700 | 700i | 800 | 800i | 900 | 900i,wght: -,latin | latin-ext | vietnamese,Stephen Hutchings | OrangeRed,477,527,No,2023-10-10,2025-09-16,https://fonts.google.com/specimen/Reddit+Sans
1528,Reddit Sans Condensed,Sans Serif,Sans Serif,,clean modern minimal professional readable neutral geometric humanist grotesque versatile multi-weight flexible variable variable-font responsive variable-weight english western european extended-latin european vietnamese,200 | 300 | 400 | 500 | 600 | 700 | 800 | 900,wght: -,latin | latin-ext | vietnamese,Stephen Hutchings | OrangeRed,822,83,No,2024-02-21,2025-09-16,https://fonts.google.com/specimen/Reddit+Sans+Condensed
1529,Redressed,Handwriting,,Handwriting | Display,personal casual friendly warm handwritten script organic  script cursive hand-drawn artistic informal headline hero decorative large-text attention english western european extended-latin european,400,,latin | latin-ext,Astigmatic,1014,1648,No,2011-06-21,2025-09-08,https://fonts.google.com/specimen/Redressed
1530,Reem Kufi,Sans Serif,Sans Serif,,clean modern minimal professional readable neutral geometric humanist grotesque variable variable-font responsive variable-weight arabic RTL middle-east english western european extended-latin european vietnamese,400 | 500 | 600 | 700,wght: -,arabic | latin | latin-ext | vietnamese,Khaled Hosny | Santiago Orozco,356,65,No,2016-05-31,2025-09-04,https://fonts.google.com/specimen/Reem+Kufi
1531,Reem Kufi Fun,Sans Serif,Sans Serif,,clean modern minimal professional readable neutral geometric humanist grotesque variable variable-font responsive variable-weight arabic RTL middle-east english western european extended-latin european vietnamese,400 | 500 | 600 | 700,wght: -,arabic | latin | latin-ext | vietnamese,Khaled Hosny | Santiago Orozco,1491,1618,No,2021-11-01,2025-09-02,https://fonts.google.com/specimen/Reem+Kufi+Fun
1532,Reem Kufi Ink,Sans Serif,Sans Serif,,clean modern minimal professional readable neutral geometric humanist grotesque arabic RTL middle-east english western european extended-latin european vietnamese,400,,arabic | latin | latin-ext | vietnamese,Khaled Hosny | Santiago Orozco,1512,1203,No,2021-11-01,2025-06-25,https://fonts.google.com/specimen/Reem+Kufi+Ink
1533,Reenie Beanie,Handwriting,,Handwriting | Display,personal casual friendly warm handwritten script organic  script cursive hand-drawn artistic informal headline hero decorative large-text attention english western european,400,,latin,James Grieshaber,389,748,No,2010-05-10,2025-09-08,https://fonts.google.com/specimen/Reenie+Beanie
1534,Reggae One,Display,,Display,bold decorative headline attention-grabbing creative expressive  headline hero decorative large-text attention russian cyrillic slavic japanese kanji hiragana katakana english western european extended-latin european,400,,cyrillic | japanese | latin | latin-ext,Fontworks Inc.,1102,2074,No,2020-12-15,2025-09-10,https://fonts.google.com/specimen/Reggae+One
1535,Rethink Sans,Sans Serif,Sans Serif,,clean modern minimal professional readable neutral geometric humanist grotesque italic variable variable-font responsive variable-weight english western european extended-latin european well-known common,400 | 400i | 500 | 500i | 600 | 600i | 700 | 700i | 800 | 800i,wght: -,latin | latin-ext,Hans Thiessen,250,1205,No,2023-09-05,2025-09-04,https://fonts.google.com/specimen/Rethink+Sans
1536,Revalia,Display,Sans Serif,Display,bold decorative headline attention-grabbing creative expressive geometric humanist grotesque headline hero decorative large-text attention english western european extended-latin european,400,,latin | latin-ext,Johan Kallas | Mihkel Virkus,1545,216,No,2012-03-14,2025-09-08,https://fonts.google.com/specimen/Revalia
1537,Rhodium Libre,Serif,Serif,Display,elegant traditional classic refined literary editorial transitional oldstyle didone headline hero decorative large-text attention hindi devanagari indian english western european extended-latin european,400,,devanagari | latin | latin-ext,James Puckett,1339,2283,No,2015-06-03,2025-09-02,https://fonts.google.com/specimen/Rhodium+Libre
1538,Ribeye,Display,Serif,Display,bold decorative headline attention-grabbing creative expressive transitional oldstyle didone headline hero decorative large-text attention english western european extended-latin european,400,,latin | latin-ext,Astigmatic,1059,1879,No,2011-11-23,2025-09-10,https://fonts.google.com/specimen/Ribeye
1539,Ribeye Marrow,Display,Serif,Display,bold decorative headline attention-grabbing creative expressive transitional oldstyle didone headline hero decorative large-text attention english western european extended-latin european,400,,latin | latin-ext,Astigmatic,1527,2132,No,2011-11-23,2025-09-08,https://fonts.google.com/specimen/Ribeye+Marrow
1540,Righteous,Display,Sans Serif,Display,bold decorative headline attention-grabbing creative expressive geometric humanist grotesque headline hero decorative large-text attention english western european extended-latin european well-known common,400,,latin | latin-ext,Astigmatic,243,646,No,2011-11-23,2025-06-02,https://fonts.google.com/specimen/Righteous
1541,Risque,Display,Serif,Display,bold decorative headline attention-grabbing creative expressive transitional oldstyle didone headline hero decorative large-text attention english western european extended-latin european,400,,latin | latin-ext,Astigmatic,1476,1894,No,2012-11-11,2025-09-08,https://fonts.google.com/specimen/Risque
1542,Road Rage,Display,Sans Serif,Display,bold decorative headline attention-grabbing creative expressive geometric humanist grotesque headline hero decorative large-text attention english western european extended-latin european vietnamese,400,,latin | latin-ext | vietnamese,Robert Leuschke,1057,386,No,2021-10-21,2025-09-04,https://fonts.google.com/specimen/Road+Rage
1543,Roboto,Sans Serif,Sans Serif,,clean modern minimal professional readable neutral geometric humanist grotesque versatile multi-weight flexible italic variable variable-font responsive variable-weight variable-width russian cyrillic slavic cyrillic extended greek greek extended english western european extended-latin european vietnamese multilingual international top-popular trending most-used,100 | 100i | 200 | 200i | 300 | 300i | 400 | 400i | 500 | 500i | 600 | 600i | 700 | 700i | 800 | 800i | 900 | 900i,wdth: - | wght: -,cyrillic | cyrillic-ext | greek | greek-ext | latin | latin-ext | math | symbols | vietnamese,Christian Robertson | ParaType | Font Bureau,2,1399,No,2013-01-08,2026-02-19,https://fonts.google.com/specimen/Roboto
1544,Roboto Condensed,Sans Serif,Sans Serif,,clean modern minimal professional readable neutral geometric humanist grotesque versatile multi-weight flexible italic variable variable-font responsive variable-weight russian cyrillic slavic cyrillic extended greek greek extended english western european extended-latin european vietnamese multilingual international top-popular trending most-used,100 | 100i | 200 | 200i | 300 | 300i | 400 | 400i | 500 | 500i | 600 | 600i | 700 | 700i | 800 | 800i | 900 | 900i,wght: -,cyrillic | cyrillic-ext | greek | greek-ext | latin | latin-ext | vietnamese,Christian Robertson,15,911,No,2012-06-26,2025-09-11,https://fonts.google.com/specimen/Roboto+Condensed
1545,Roboto Flex,Sans Serif,Sans Serif,,clean modern minimal professional readable neutral geometric humanist grotesque versatile multi-weight flexible variable variable-font responsive variable-weight variable-width variable-slant russian cyrillic slavic cyrillic extended greek english western european extended-latin european vietnamese multilingual international popular widely-used,100 | 1000 | 200 | 300 | 400 | 500 | 600 | 700 | 800 | 900,GRAD: - | XOPQ: - | XTRA: - | YOPQ: - | YTAS: - | YTDE: - | YTFI: - | YTLC: - | YTUC: - | opsz: - | slnt: - | wdth: - | wght: -,cyrillic | cyrillic-ext | greek | latin | latin-ext | vietnamese,Font Bureau | David Berlow | Santiago Orozco | Irene Vlachou | Ilya Ruderman | Yury Ostromentsky | Mikhail Strukov,94,1460,No,2022-05-02,2025-09-04,https://fonts.google.com/specimen/Roboto+Flex
1546,Roboto Mono,Monospace,,Monospace,code developer technical fixed-width terminal programming  mono fixed-width tabular data code versatile multi-weight flexible italic variable variable-font responsive variable-weight russian cyrillic slavic cyrillic extended greek english western european extended-latin european vietnamese multilingual international top-popular trending most-used,100 | 100i | 200 | 200i | 300 | 300i | 400 | 400i | 500 | 500i | 600 | 600i | 700 | 700i,wght: -,cyrillic | cyrillic-ext | greek | latin | latin-ext | vietnamese,Christian Robertson,16,842,No,2025-05-12,2025-09-11,https://fonts.google.com/specimen/Roboto+Mono
1547,Roboto Serif,Serif,Serif,,elegant traditional classic refined literary editorial transitional oldstyle didone versatile multi-weight flexible italic variable variable-font responsive variable-weight variable-width russian cyrillic slavic cyrillic extended english western european extended-latin european vietnamese well-known common,100 | 100i | 200 | 200i | 300 | 300i | 400 | 400i | 500 | 500i | 600 | 600i | 700 | 700i | 800 | 800i | 900 | 900i,GRAD: - | opsz: - | wdth: - | wght: -,cyrillic | cyrillic-ext | latin | latin-ext | vietnamese,Commercial Type | Greg Gazdowicz,203,388,No,2022-02-10,2025-09-10,https://fonts.google.com/specimen/Roboto+Serif
1548,Roboto Slab,Serif,Slab Serif,,elegant traditional classic refined literary editorial slab mechanical sturdy strong versatile multi-weight flexible variable variable-font responsive variable-weight russian cyrillic slavic cyrillic extended greek greek extended english western european extended-latin european vietnamese multilingual international top-popular trending most-used,100 | 200 | 300 | 400 | 500 | 600 | 700 | 800 | 900,wght: -,cyrillic | cyrillic-ext | greek | greek-ext | latin | latin-ext | vietnamese,Christian Robertson,29,1279,No,2013-04-10,2025-09-08,https://fonts.google.com/specimen/Roboto+Slab
1549,Rochester,Handwriting,,Handwriting | Display,personal casual friendly warm handwritten script organic  script cursive hand-drawn artistic informal headline hero decorative large-text attention english western european,400,,latin,Sideshow,797,2304,No,2011-08-03,2025-09-08,https://fonts.google.com/specimen/Rochester
1550,Rock 3D,Display,,Display,bold decorative headline attention-grabbing creative expressive  headline hero decorative large-text attention japanese kanji hiragana katakana english western european,400,,japanese | latin,Shibuya Font,1746,2108,No,2020-12-14,2025-09-02,https://fonts.google.com/specimen/Rock+3D
1551,Rock Salt,Handwriting,,Handwriting | Display,personal casual friendly warm handwritten script organic  script cursive hand-drawn artistic informal headline hero decorative large-text attention english western european,400,,latin,Sideshow,369,2063,No,2011-01-06,2025-09-08,https://fonts.google.com/specimen/Rock+Salt
1552,RocknRoll One,Sans Serif,Sans Serif,,clean modern minimal professional readable neutral geometric humanist grotesque japanese kanji hiragana katakana english western european extended-latin european,400,,japanese | latin | latin-ext,Fontworks Inc.,665,461,No,2020-12-15,2025-09-10,https://fonts.google.com/specimen/RocknRoll+One
1553,Rokkitt,Serif,Slab Serif,,elegant traditional classic refined literary editorial slab mechanical sturdy strong versatile multi-weight flexible italic variable variable-font responsive variable-weight english western european extended-latin european vietnamese well-known common,100 | 100i | 200 | 200i | 300 | 300i | 400 | 400i | 500 | 500i | 600 | 600i | 700 | 700i | 800 | 800i | 900 | 900i,wght: -,latin | latin-ext | vietnamese,Vernon Adams,283,810,No,2011-07-27,2025-09-11,https://fonts.google.com/specimen/Rokkitt
1554,Romanesco,Handwriting,,Handwriting,personal casual friendly warm handwritten script organic  script cursive hand-drawn artistic informal english western european extended-latin european,400,,latin | latin-ext,Astigmatic,1424,2031,No,2012-08-13,2025-09-16,https://fonts.google.com/specimen/Romanesco
1555,Ropa Sans,Sans Serif,Sans Serif,,clean modern minimal professional readable neutral geometric humanist grotesque italic english western european extended-latin european,400 | 400i,,latin | latin-ext,Botjo Nikoltchev,373,1306,No,2012-01-25,2025-09-04,https://fonts.google.com/specimen/Ropa+Sans
1556,Rosario,Sans Serif,Sans Serif,,clean modern minimal professional readable neutral geometric humanist grotesque italic variable variable-font responsive variable-weight english western european extended-latin european vietnamese,300 | 300i | 400 | 400i | 500 | 500i | 600 | 600i | 700 | 700i,wght: -,latin | latin-ext | vietnamese,Omnibus-Type,732,1272,No,2011-09-07,2025-09-11,https://fonts.google.com/specimen/Rosario
1557,Rosarivo,Serif,Serif,Handwriting,elegant traditional classic refined literary editorial transitional oldstyle didone script cursive hand-drawn artistic informal italic english western european extended-latin european,400 | 400i,,latin | latin-ext,Pablo Ugerman,1139,2073,No,2012-03-29,2025-09-11,https://fonts.google.com/specimen/Rosarivo
1558,Rouge Script,Handwriting,,Display | Handwriting,personal casual friendly warm handwritten script organic  headline hero decorative large-text attention script cursive hand-drawn artistic informal english western european,400,,latin,Sabrina Mariela Lopez,898,1884,No,2012-01-11,2025-09-16,https://fonts.google.com/specimen/Rouge+Script
1559,Rowdies,Display,Sans Serif,Display,bold decorative headline attention-grabbing creative expressive geometric humanist grotesque headline hero decorative large-text attention english western european extended-latin european vietnamese well-known common,300 | 400 | 700,,latin | latin-ext | vietnamese,Jaikishan Patel,199,816,No,2019-10-10,2025-09-04,https://fonts.google.com/specimen/Rowdies
1560,Rozha One,Serif,Serif,Display,elegant traditional classic refined literary editorial transitional oldstyle didone headline hero decorative large-text attention hindi devanagari indian english western european extended-latin european,400,,devanagari | latin | latin-ext,Indian Type Foundry,606,1808,No,2014-08-13,2025-09-16,https://fonts.google.com/specimen/Rozha+One
1561,Rubik,Sans Serif,Sans Serif,,clean modern minimal professional readable neutral geometric humanist grotesque versatile multi-weight flexible italic variable variable-font responsive variable-weight arabic RTL middle-east russian cyrillic slavic cyrillic extended hebrew RTL israeli english western european extended-latin european multilingual international top-popular trending most-used,300 | 300i | 400 | 400i | 500 | 500i | 600 | 600i | 700 | 700i | 800 | 800i | 900 | 900i,wght: -,arabic | cyrillic | cyrillic-ext | hebrew | latin | latin-ext,Hubert and Fischer | Meir Sadan | Cyreal | Daniel Grumer | Omaima Dajani,27,1283,No,2015-07-22,2025-09-10,https://fonts.google.com/specimen/Rubik
1562,Rubik 80s Fade,Display,,Display,bold decorative headline attention-grabbing creative expressive  headline hero decorative large-text attention russian cyrillic slavic cyrillic extended hebrew RTL israeli english western european extended-latin european,400,,cyrillic | cyrillic-ext | hebrew | latin | latin-ext,NaN | Luke Prowse,1680,121,No,2022-11-24,2025-05-30,https://fonts.google.com/specimen/Rubik+80s+Fade
1563,Rubik Beastly,Display,,Display,bold decorative headline attention-grabbing creative expressive  headline hero decorative large-text attention russian cyrillic slavic cyrillic extended hebrew RTL israeli english western european extended-latin european,400,,cyrillic | cyrillic-ext | hebrew | latin | latin-ext,NaN | Luke Prowse,1669,884,No,2021-09-02,2025-09-04,https://fonts.google.com/specimen/Rubik+Beastly
1564,Rubik Broken Fax,Display,,Display,bold decorative headline attention-grabbing creative expressive  headline hero decorative large-text attention russian cyrillic slavic cyrillic extended hebrew RTL israeli english western european extended-latin european multilingual international,400,,cyrillic | cyrillic-ext | hebrew | latin | latin-ext | math | symbols,NaN | Luke Prowse,1784,665,No,2023-12-13,2025-05-30,https://fonts.google.com/specimen/Rubik+Broken+Fax
1565,Rubik Bubbles,Display,,Display,bold decorative headline attention-grabbing creative expressive  headline hero decorative large-text attention russian cyrillic slavic cyrillic extended hebrew RTL israeli english western european extended-latin european,400,,cyrillic | cyrillic-ext | hebrew | latin | latin-ext,NaN | Luke Prowse,858,245,No,2022-02-17,2025-05-30,https://fonts.google.com/specimen/Rubik+Bubbles
1566,Rubik Burned,Display,,Display,bold decorative headline attention-grabbing creative expressive  headline hero decorative large-text attention russian cyrillic slavic cyrillic extended hebrew RTL israeli english western european extended-latin european,400,,cyrillic | cyrillic-ext | hebrew | latin | latin-ext,NaN | Luke Prowse,1640,267,No,2022-06-15,2025-05-30,https://fonts.google.com/specimen/Rubik+Burned
1567,Rubik Dirt,Display,,Display,bold decorative headline attention-grabbing creative expressive  headline hero decorative large-text attention russian cyrillic slavic cyrillic extended hebrew RTL israeli english western european extended-latin european,400,,cyrillic | cyrillic-ext | hebrew | latin | latin-ext,NaN | Luke Prowse,931,730,No,2022-06-15,2025-05-30,https://fonts.google.com/specimen/Rubik+Dirt
1568,Rubik Distressed,Display,,Display,bold decorative headline attention-grabbing creative expressive  headline hero decorative large-text attention russian cyrillic slavic cyrillic extended hebrew RTL israeli english western european extended-latin european,400,,cyrillic | cyrillic-ext | hebrew | latin | latin-ext,NaN | Luke Prowse,1538,2168,No,2022-06-15,2025-05-30,https://fonts.google.com/specimen/Rubik+Distressed
1569,Rubik Doodle Shadow,Display,,Display,bold decorative headline attention-grabbing creative expressive  headline hero decorative large-text attention russian cyrillic slavic cyrillic extended hebrew RTL israeli english western european extended-latin european multilingual international,400,,cyrillic | cyrillic-ext | hebrew | latin | latin-ext | math | symbols,NaN | Luke Prowse,1227,588,No,2023-12-13,2025-05-30,https://fonts.google.com/specimen/Rubik+Doodle+Shadow
1570,Rubik Doodle Triangles,Display,,Display,bold decorative headline attention-grabbing creative expressive  headline hero decorative large-text attention russian cyrillic slavic cyrillic extended hebrew RTL israeli english western european extended-latin european multilingual international,400,,cyrillic | cyrillic-ext | hebrew | latin | latin-ext | math | symbols,NaN | Luke Prowse,1794,501,No,2023-12-13,2025-05-30,https://fonts.google.com/specimen/Rubik+Doodle+Triangles
1571,Rubik Gemstones,Display,,Display,bold decorative headline attention-grabbing creative expressive  headline hero decorative large-text attention russian cyrillic slavic cyrillic extended hebrew RTL israeli english western european extended-latin european,400,,cyrillic | cyrillic-ext | hebrew | latin | latin-ext,NaN | Luke Prowse,1622,2184,No,2022-11-24,2025-05-30,https://fonts.google.com/specimen/Rubik+Gemstones
1572,Rubik Glitch,Display,,Display,bold decorative headline attention-grabbing creative expressive  headline hero decorative large-text attention russian cyrillic slavic cyrillic extended hebrew RTL israeli english western european extended-latin european,400,,cyrillic | cyrillic-ext | hebrew | latin | latin-ext,NaN | Luke Prowse,1080,2072,No,2022-02-17,2025-05-30,https://fonts.google.com/specimen/Rubik+Glitch
1573,Rubik Glitch Pop,Display,,Display,bold decorative headline attention-grabbing creative expressive  headline hero decorative large-text attention russian cyrillic slavic cyrillic extended hebrew RTL israeli english western european extended-latin european multilingual international,400,,cyrillic | cyrillic-ext | hebrew | latin | latin-ext | math | symbols,NaN | Luke Prowse,1662,1876,No,2024-01-23,2025-05-30,https://fonts.google.com/specimen/Rubik+Glitch+Pop
1574,Rubik Iso,Display,,Display,bold decorative headline attention-grabbing creative expressive  headline hero decorative large-text attention russian cyrillic slavic cyrillic extended hebrew RTL israeli english western european extended-latin european,400,,cyrillic | cyrillic-ext | hebrew | latin | latin-ext,NaN | Luke Prowse,1487,435,No,2022-06-15,2025-05-30,https://fonts.google.com/specimen/Rubik+Iso
1575,Rubik Lines,Display,,Display,bold decorative headline attention-grabbing creative expressive  headline hero decorative large-text attention russian cyrillic slavic cyrillic extended hebrew RTL israeli english western european extended-latin european multilingual international,400,,cyrillic | cyrillic-ext | hebrew | latin | latin-ext | math | symbols,NaN | Luke Prowse,1808,353,No,2023-12-13,2025-05-30,https://fonts.google.com/specimen/Rubik+Lines
1576,Rubik Maps,Display,,Display,bold decorative headline attention-grabbing creative expressive  headline hero decorative large-text attention russian cyrillic slavic cyrillic extended hebrew RTL israeli english western european extended-latin european multilingual international,400,,cyrillic | cyrillic-ext | hebrew | latin | latin-ext | math | symbols,NaN | Luke Prowse,1799,579,No,2023-12-13,2025-05-30,https://fonts.google.com/specimen/Rubik+Maps
1577,Rubik Marker Hatch,Display,,Display,bold decorative headline attention-grabbing creative expressive  headline hero decorative large-text attention russian cyrillic slavic cyrillic extended hebrew RTL israeli english western european extended-latin european,400,,cyrillic | cyrillic-ext | hebrew | latin | latin-ext,NaN | Luke Prowse,1767,1337,No,2022-06-15,2025-05-30,https://fonts.google.com/specimen/Rubik+Marker+Hatch
1578,Rubik Maze,Display,,Display,bold decorative headline attention-grabbing creative expressive  headline hero decorative large-text attention russian cyrillic slavic cyrillic extended hebrew RTL israeli english western european extended-latin european,400,,cyrillic | cyrillic-ext | hebrew | latin | latin-ext,NaN | Luke Prowse,1907,1497,No,2022-06-15,2025-05-30,https://fonts.google.com/specimen/Rubik+Maze
1579,Rubik Microbe,Display,,Display,bold decorative headline attention-grabbing creative expressive  headline hero decorative large-text attention russian cyrillic slavic cyrillic extended hebrew RTL israeli english western european extended-latin european,400,,cyrillic | cyrillic-ext | hebrew | latin | latin-ext,NaN | Luke Prowse,1752,131,No,2022-02-17,2025-05-30,https://fonts.google.com/specimen/Rubik+Microbe
1580,Rubik Mono One,Sans Serif,Sans Serif,Monospace,clean modern minimal professional readable neutral geometric humanist grotesque mono fixed-width tabular data code russian cyrillic slavic english western european extended-latin european well-known common,400,,cyrillic | latin | latin-ext,Hubert and Fischer,223,317,No,2014-05-05,2025-09-11,https://fonts.google.com/specimen/Rubik+Mono+One
1581,Rubik Moonrocks,Display,Sans Serif,Display,bold decorative headline attention-grabbing creative expressive geometric humanist grotesque headline hero decorative large-text attention russian cyrillic slavic cyrillic extended hebrew RTL israeli english western european extended-latin european,400,,cyrillic | cyrillic-ext | hebrew | latin | latin-ext,NaN | Luke Prowse,1442,1739,No,2022-02-17,2025-09-10,https://fonts.google.com/specimen/Rubik+Moonrocks
1582,Rubik Pixels,Display,,Display,bold decorative headline attention-grabbing creative expressive  headline hero decorative large-text attention russian cyrillic slavic cyrillic extended hebrew RTL israeli english western european extended-latin european,400,,cyrillic | cyrillic-ext | hebrew | latin | latin-ext,NaN | Luke Prowse,1507,31,No,2023-03-31,2025-09-08,https://fonts.google.com/specimen/Rubik+Pixels
1583,Rubik Puddles,Display,,Display,bold decorative headline attention-grabbing creative expressive  headline hero decorative large-text attention russian cyrillic slavic cyrillic extended hebrew RTL israeli english western european extended-latin european,400,,cyrillic | cyrillic-ext | hebrew | latin | latin-ext,NaN | Luke Prowse,1727,1691,No,2022-02-17,2025-05-30,https://fonts.google.com/specimen/Rubik+Puddles
1584,Rubik Scribble,Display,,Display,bold decorative headline attention-grabbing creative expressive  headline hero decorative large-text attention russian cyrillic slavic cyrillic extended hebrew RTL israeli english western european extended-latin european multilingual international,400,,cyrillic | cyrillic-ext | hebrew | latin | latin-ext | math | symbols,NaN | Luke Prowse,1363,621,No,2023-12-13,2025-05-30,https://fonts.google.com/specimen/Rubik+Scribble
1585,Rubik Spray Paint,Display,,Display,bold decorative headline attention-grabbing creative expressive  headline hero decorative large-text attention russian cyrillic slavic cyrillic extended hebrew RTL israeli english western european extended-latin european,400,,cyrillic | cyrillic-ext | hebrew | latin | latin-ext,NaN | Luke Prowse,1655,1346,No,2022-11-24,2025-05-30,https://fonts.google.com/specimen/Rubik+Spray+Paint
1586,Rubik Storm,Display,,Display,bold decorative headline attention-grabbing creative expressive  headline hero decorative large-text attention russian cyrillic slavic cyrillic extended hebrew RTL israeli english western european extended-latin european,400,,cyrillic | cyrillic-ext | hebrew | latin | latin-ext,NaN | Luke Prowse,1852,2241,No,2022-11-24,2025-05-30,https://fonts.google.com/specimen/Rubik+Storm
1587,Rubik Vinyl,Display,,Display,bold decorative headline attention-grabbing creative expressive  headline hero decorative large-text attention russian cyrillic slavic cyrillic extended hebrew RTL israeli english western european extended-latin european,400,,cyrillic | cyrillic-ext | hebrew | latin | latin-ext,NaN | Luke Prowse,1613,563,No,2022-11-24,2025-05-30,https://fonts.google.com/specimen/Rubik+Vinyl
1588,Rubik Wet Paint,Display,,Display,bold decorative headline attention-grabbing creative expressive  headline hero decorative large-text attention russian cyrillic slavic cyrillic extended hebrew RTL israeli english western european extended-latin european,400,,cyrillic | cyrillic-ext | hebrew | latin | latin-ext,NaN | Luke Prowse,1153,74,No,2022-02-17,2025-05-30,https://fonts.google.com/specimen/Rubik+Wet+Paint
1589,Ruda,Sans Serif,Sans Serif,Display,clean modern minimal professional readable neutral geometric humanist grotesque headline hero decorative large-text attention versatile multi-weight flexible variable variable-font responsive variable-weight russian cyrillic slavic english western european extended-latin european vietnamese,400 | 500 | 600 | 700 | 800 | 900,wght: -,cyrillic | latin | latin-ext | vietnamese,Mariela Monsalve | Angelina Sanchez,457,1521,No,2012-01-11,2025-09-04,https://fonts.google.com/specimen/Ruda
1590,Rufina,Serif,Serif,Display,elegant traditional classic refined literary editorial transitional oldstyle didone headline hero decorative large-text attention english western european extended-latin european,400 | 700,,latin | latin-ext,Martin Sommaruga,539,968,No,2012-10-31,2025-09-16,https://fonts.google.com/specimen/Rufina
1591,Ruge Boogie,Handwriting,,Display | Handwriting,personal casual friendly warm handwritten script organic  headline hero decorative large-text attention script cursive hand-drawn artistic informal english western european extended-latin european vietnamese,400,,latin | latin-ext | vietnamese,Robert Leuschke,1732,1591,No,2011-12-19,2025-09-11,https://fonts.google.com/specimen/Ruge+Boogie
1592,Ruluko,Sans Serif,Sans Serif,,clean modern minimal professional readable neutral geometric humanist grotesque english western european extended-latin european,400,,latin | latin-ext,Ana Sanfelippo | Angélica Díaz | Meme Hernández,1417,2258,No,2012-01-11,2025-09-16,https://fonts.google.com/specimen/Ruluko
1593,Rum Raisin,Sans Serif,Sans Serif,Display,clean modern minimal professional readable neutral geometric humanist grotesque headline hero decorative large-text attention english western european extended-latin european,400,,latin | latin-ext,Astigmatic,1331,1231,No,2012-11-02,2025-09-10,https://fonts.google.com/specimen/Rum+Raisin
1594,Ruslan Display,Display,Sans Serif,Display,bold decorative headline attention-grabbing creative expressive geometric humanist grotesque headline hero decorative large-text attention russian cyrillic slavic english western european extended-latin european,400,,cyrillic | latin | latin-ext | math | symbols,Oleg Snarsky | Denis Masharov | Vladimir Rabdu,772,906,No,2011-05-18,2025-06-02,https://fonts.google.com/specimen/Ruslan+Display
1595,Russo One,Sans Serif,Sans Serif,Display,clean modern minimal professional readable neutral geometric humanist grotesque headline hero decorative large-text attention russian cyrillic slavic english western european extended-latin european well-known common,400,,cyrillic | latin | latin-ext,Jovanny Lemonad,237,1284,No,2012-04-04,2025-09-16,https://fonts.google.com/specimen/Russo+One
1596,Ruthie,Handwriting,,Display | Handwriting,personal casual friendly warm handwritten script organic  headline hero decorative large-text attention script cursive hand-drawn artistic informal english western european extended-latin european vietnamese,400,,latin | latin-ext | vietnamese,Robert Leuschke,1284,679,No,2011-12-19,2025-09-16,https://fonts.google.com/specimen/Ruthie
1597,Ruwudu,Serif,Serif,,elegant traditional classic refined literary editorial transitional oldstyle didone arabic RTL middle-east english western european extended-latin european,400 | 500 | 600 | 700,,arabic | latin | latin-ext,SIL International,1498,2213,No,2023-08-07,2025-05-30,https://fonts.google.com/specimen/Ruwudu
1598,Rye,Display,Serif,Display,bold decorative headline attention-grabbing creative expressive transitional oldstyle didone headline hero decorative large-text attention english western european extended-latin european,400,,latin | latin-ext,Nicole Fally,584,2018,No,2012-08-21,2025-09-16,https://fonts.google.com/specimen/Rye
1599,SN Pro,Sans Serif,Sans Serif,,clean modern minimal professional readable neutral geometric humanist grotesque versatile multi-weight flexible italic variable variable-font responsive variable-weight russian cyrillic slavic cyrillic extended english western european extended-latin european vietnamese,200 | 200i | 300 | 300i | 400 | 400i | 500 | 500i | 600 | 600i | 700 | 700i | 800 | 800i | 900 | 900i,wght: -,cyrillic | cyrillic-ext | latin | latin-ext | vietnamese,Tobias Whetton | Supernotes,1448,2296,No,2026-01-27,2026-01-28,https://fonts.google.com/specimen/SN+Pro
1600,STIX Two Text,Serif,Serif,,elegant traditional classic refined literary editorial transitional oldstyle didone italic variable variable-font responsive variable-weight russian cyrillic slavic cyrillic extended greek english western european extended-latin european vietnamese multilingual international,400 | 400i | 500 | 500i | 600 | 600i | 700 | 700i,wght: -,cyrillic | cyrillic-ext | greek | latin | latin-ext | vietnamese,Tiro Typeworks | Ross Mills | John Hudson | Paul Hanslow,306,841,No,2021-04-15,2025-09-04,https://fonts.google.com/specimen/STIX+Two+Text
1601,SUSE,Sans Serif,Sans Serif,,clean modern minimal professional readable neutral geometric humanist grotesque versatile multi-weight flexible italic variable variable-font responsive variable-weight english western european extended-latin european vietnamese,100 | 100i | 200 | 200i | 300 | 300i | 400 | 400i | 500 | 500i | 600 | 600i | 700 | 700i | 800 | 800i | 900 | 900i,wght: -,latin | latin-ext | vietnamese,René Bieder,686,1417,No,2024-08-13,2025-09-18,https://fonts.google.com/specimen/SUSE
1602,SUSE Mono,Sans Serif,Sans Serif,,clean modern minimal professional readable neutral geometric humanist grotesque versatile multi-weight flexible italic variable variable-font responsive variable-weight english western european extended-latin european vietnamese,100 | 100i | 200 | 200i | 300 | 300i | 400 | 400i | 500 | 500i | 600 | 600i | 700 | 700i | 800 | 800i,wght: -,latin | latin-ext | vietnamese,René Bieder,1801,2085,No,2025-09-17,2025-09-18,https://fonts.google.com/specimen/SUSE+Mono
1603,Sacramento,Handwriting,,Display | Handwriting,personal casual friendly warm handwritten script organic  headline hero decorative large-text attention script cursive hand-drawn artistic informal english western european extended-latin european well-known common,400,,latin | latin-ext,Astigmatic,278,912,No,2012-11-01,2025-09-11,https://fonts.google.com/specimen/Sacramento
1604,Sahitya,Serif,Serif,,elegant traditional classic refined literary editorial transitional oldstyle didone hindi devanagari indian english western european,400 | 700,,devanagari | latin,Juan Pablo del Peral,1466,2059,No,2015-06-17,2025-09-04,https://fonts.google.com/specimen/Sahitya
1605,Sail,Display,,Display,bold decorative headline attention-grabbing creative expressive  headline hero decorative large-text attention english western european extended-latin european,400,,latin | latin-ext,Miguel Hernandez,1180,1145,No,2011-12-19,2025-09-10,https://fonts.google.com/specimen/Sail
1606,Saira,Sans Serif,Sans Serif,Display,clean modern minimal professional readable neutral geometric humanist grotesque headline hero decorative large-text attention versatile multi-weight flexible italic variable variable-font responsive variable-weight variable-width english western european extended-latin european vietnamese popular widely-used,100 | 100i | 200 | 200i | 300 | 300i | 400 | 400i | 500 | 500i | 600 | 600i | 700 | 700i | 800 | 800i | 900 | 900i,wdth: - | wght: -,latin | latin-ext | vietnamese,Omnibus-Type,56,479,No,2017-07-31,2025-11-18,https://fonts.google.com/specimen/Saira
1607,Saira Condensed,Sans Serif,Sans Serif,,clean modern minimal professional readable neutral geometric humanist grotesque versatile multi-weight flexible english western european extended-latin european vietnamese well-known common,100 | 200 | 300 | 400 | 500 | 600 | 700 | 800 | 900,,latin | latin-ext | vietnamese,Omnibus-Type,196,398,No,2017-07-31,2025-09-11,https://fonts.google.com/specimen/Saira+Condensed
1608,Saira Extra Condensed,Sans Serif,Sans Serif,Display,clean modern minimal professional readable neutral geometric humanist grotesque headline hero decorative large-text attention versatile multi-weight flexible english western european extended-latin european vietnamese,100 | 200 | 300 | 400 | 500 | 600 | 700 | 800 | 900,,latin | latin-ext | vietnamese,Omnibus-Type,379,223,No,2017-07-31,2025-09-16,https://fonts.google.com/specimen/Saira+Extra+Condensed
1609,Saira Semi Condensed,Sans Serif,Sans Serif,Display,clean modern minimal professional readable neutral geometric humanist grotesque headline hero decorative large-text attention versatile multi-weight flexible english western european extended-latin european vietnamese,100 | 200 | 300 | 400 | 500 | 600 | 700 | 800 | 900,,latin | latin-ext | vietnamese,Omnibus-Type,419,453,No,2017-07-31,2025-09-16,https://fonts.google.com/specimen/Saira+Semi+Condensed
1610,Saira Stencil One,Display,Sans Serif,Display,bold decorative headline attention-grabbing creative expressive geometric humanist grotesque headline hero decorative large-text attention english western european extended-latin european vietnamese,400,,latin | latin-ext | vietnamese,Hector Gatti | Omnibus-Type,961,2232,No,2019-06-18,2025-09-10,https://fonts.google.com/specimen/Saira+Stencil+One
1611,Salsa,Display,Sans Serif,Handwriting,bold decorative headline attention-grabbing creative expressive geometric humanist grotesque script cursive hand-drawn artistic informal english western european,400,,latin,John Vargas Beltrán,982,1207,No,2011-10-12,2025-09-16,https://fonts.google.com/specimen/Salsa
1612,Sanchez,Serif,Slab Serif,,elegant traditional classic refined literary editorial slab mechanical sturdy strong italic english western european extended-latin european well-known common,400 | 400i,,latin | latin-ext,Daniel Hernandez,211,1902,No,2012-10-31,2025-09-08,https://fonts.google.com/specimen/Sanchez
1613,Sancreek,Display,Serif,Display,bold decorative headline attention-grabbing creative expressive transitional oldstyle didone headline hero decorative large-text attention english western european extended-latin european,400,,latin | latin-ext,Vernon Adams,1091,2066,No,2011-10-12,2025-09-16,https://fonts.google.com/specimen/Sancreek
1614,Sankofa Display,Sans Serif,Sans Serif,,clean modern minimal professional readable neutral geometric humanist grotesque english western european extended-latin european vietnamese,400,,latin | latin-ext | vietnamese,Batsirai Madzonga,1893,155,No,2024-07-29,2025-05-30,https://fonts.google.com/specimen/Sankofa+Display
1615,Sansation,Sans Serif,Sans Serif,,clean modern minimal professional readable neutral geometric humanist grotesque italic russian cyrillic slavic greek english western european extended-latin european,300 | 300i | 400 | 400i | 700 | 700i,,cyrillic | greek | latin | latin-ext,Bernd Montag,1189,1832,No,2025-04-17,2025-04-23,https://fonts.google.com/specimen/Sansation
1616,Sansita,Sans Serif,Sans Serif,,clean modern minimal professional readable neutral geometric humanist grotesque italic english western european extended-latin european,400 | 400i | 700 | 700i | 800 | 800i | 900 | 900i,,latin | latin-ext,Omnibus-Type,512,1342,No,2016-12-04,2025-09-08,https://fonts.google.com/specimen/Sansita
1617,Sansita Swashed,Display,,Display,bold decorative headline attention-grabbing creative expressive  headline hero decorative large-text attention versatile multi-weight flexible variable variable-font responsive variable-weight english western european extended-latin european vietnamese,300 | 400 | 500 | 600 | 700 | 800 | 900,wght: -,latin | latin-ext | vietnamese,Omnibus-Type,849,2081,No,2020-08-31,2025-09-04,https://fonts.google.com/specimen/Sansita+Swashed
1618,Sarabun,Sans Serif,Sans Serif,Display,clean modern minimal professional readable neutral geometric humanist grotesque headline hero decorative large-text attention versatile multi-weight flexible italic english western european extended-latin european thai southeast-asia vietnamese well-known common,100 | 100i | 200 | 200i | 300 | 300i | 400 | 400i | 500 | 500i | 600 | 600i | 700 | 700i | 800 | 800i,,latin | latin-ext | thai | vietnamese,Suppakit Chalermlarp,205,1442,No,2013-10-28,2025-09-11,https://fonts.google.com/specimen/Sarabun
1619,Sarala,Sans Serif,Sans Serif,Display,clean modern minimal professional readable neutral geometric humanist grotesque headline hero decorative large-text attention hindi devanagari indian english western european extended-latin european,400 | 700,,devanagari | latin | latin-ext,Andres Torresi,481,1857,No,2015-06-17,2025-09-04,https://fonts.google.com/specimen/Sarala
1620,Sarina,Display,,Display | Handwriting,bold decorative headline attention-grabbing creative expressive  headline hero decorative large-text attention script cursive hand-drawn artistic informal english western european extended-latin european,400,,latin | latin-ext,James Grieshaber,871,371,No,2011-12-19,2025-09-16,https://fonts.google.com/specimen/Sarina
1621,Sarpanch,Sans Serif,Sans Serif,Display,clean modern minimal professional readable neutral geometric humanist grotesque headline hero decorative large-text attention versatile multi-weight flexible hindi devanagari indian english western european extended-latin european,400 | 500 | 600 | 700 | 800 | 900,,devanagari | latin | latin-ext,Indian Type Foundry,954,257,No,2014-09-03,2025-09-16,https://fonts.google.com/specimen/Sarpanch
1622,Sassy Frass,Handwriting,,Display | Handwriting,personal casual friendly warm handwritten script organic  headline hero decorative large-text attention script cursive hand-drawn artistic informal english western european extended-latin european vietnamese,400,,latin | latin-ext | vietnamese,Robert Leuschke,1666,943,No,2021-10-12,2025-09-16,https://fonts.google.com/specimen/Sassy+Frass
1623,Satisfy,Handwriting,,Display | Handwriting,personal casual friendly warm handwritten script organic  headline hero decorative large-text attention script cursive hand-drawn artistic informal english western european popular widely-used,400,,latin,Sideshow,145,1720,No,2011-10-12,2025-06-02,https://fonts.google.com/specimen/Satisfy
1624,Savate,Sans Serif,Sans Serif,Display,clean modern minimal professional readable neutral geometric humanist grotesque headline hero decorative large-text attention versatile multi-weight flexible italic variable variable-font responsive variable-weight english western european extended-latin european,200 | 200i | 300 | 300i | 400 | 400i | 500 | 500i | 600 | 600i | 700 | 700i | 800 | 800i | 900 | 900i,wght: -,latin | latin-ext,Plomb Type | Max Esnée,1763,668,No,2025-06-04,2025-09-10,https://fonts.google.com/specimen/Savate
1625,Sawarabi Gothic,Sans Serif,Sans Serif,,clean modern minimal professional readable neutral geometric humanist grotesque russian cyrillic slavic japanese kanji hiragana katakana english western european extended-latin european vietnamese well-known common,400,,cyrillic | japanese | latin | latin-ext | vietnamese,mshio,293,1421,No,2018-05-17,2025-06-25,https://fonts.google.com/specimen/Sawarabi+Gothic
1626,Sawarabi Mincho,Serif,Serif,,elegant traditional classic refined literary editorial transitional oldstyle didone japanese kanji hiragana katakana english western european extended-latin european well-known common,400,,braille | japanese | latin | latin-ext,mshio,263,804,No,2018-05-17,2025-09-10,https://fonts.google.com/specimen/Sawarabi+Mincho
1627,Scada,Sans Serif,Sans Serif,,clean modern minimal professional readable neutral geometric humanist grotesque italic russian cyrillic slavic cyrillic extended english western european extended-latin european,400 | 400i | 700 | 700i,,cyrillic | cyrillic-ext | latin | latin-ext,Jovanny Lemonad,861,1642,No,2012-07-30,2025-09-08,https://fonts.google.com/specimen/Scada
1628,Scheherazade New,Serif,Serif,,elegant traditional classic refined literary editorial transitional oldstyle didone arabic RTL middle-east english western european extended-latin european,400 | 500 | 600 | 700,,arabic | latin | latin-ext,SIL International,783,103,No,2021-05-12,2025-09-16,https://fonts.google.com/specimen/Scheherazade+New
1629,Schibsted Grotesk,Sans Serif,Sans Serif,,clean modern minimal professional readable neutral geometric humanist grotesque versatile multi-weight flexible italic variable variable-font responsive variable-weight english western european extended-latin european popular widely-used,400 | 400i | 500 | 500i | 600 | 600i | 700 | 700i | 800 | 800i | 900 | 900i,wght: -,latin | latin-ext,Bakken & Bæck | Henrik Kongsvoll,88,1504,No,2023-03-02,2025-09-04,https://fonts.google.com/specimen/Schibsted+Grotesk
1630,Schoolbell,Handwriting,,Handwriting,personal casual friendly warm handwritten script organic  script cursive hand-drawn artistic informal english western european,400,,latin,Font Diner,662,1466,No,2011-01-06,2025-05-30,https://fonts.google.com/specimen/Schoolbell
1631,Science Gothic,Sans Serif,Sans Serif,,clean modern minimal professional readable neutral geometric humanist grotesque versatile multi-weight flexible variable variable-font responsive variable-weight variable-width variable-slant russian cyrillic slavic cyrillic extended english western european extended-latin european vietnamese,100 | 200 | 300 | 400 | 500 | 600 | 700 | 800 | 900,CTRS: - | slnt: - | wdth: - | wght: -,cyrillic | cyrillic-ext | latin | latin-ext | vietnamese,Thomas Phinney | Vassil Kateliev | Brandon Buerkle,1504,1686,No,2025-11-19,2025-11-20,https://fonts.google.com/specimen/Science+Gothic
1632,Scope One,Serif,Serif,,elegant traditional classic refined literary editorial transitional oldstyle didone english western european extended-latin european,400,,latin | latin-ext,Dalton Maag,1173,1700,No,2016-06-15,2025-09-10,https://fonts.google.com/specimen/Scope+One
1633,Seaweed Script,Display,,Display | Handwriting,bold decorative headline attention-grabbing creative expressive  headline hero decorative large-text attention script cursive hand-drawn artistic informal english western european extended-latin european,400,,latin | latin-ext,Neapolitan,846,1987,No,2012-02-29,2025-09-11,https://fonts.google.com/specimen/Seaweed+Script
1634,Secular One,Sans Serif,Sans Serif,,clean modern minimal professional readable neutral geometric humanist grotesque hebrew RTL israeli english western european extended-latin european,400,,hebrew | latin | latin-ext,Michal Sahar,505,2165,No,2016-03-31,2025-09-08,https://fonts.google.com/specimen/Secular+One
1635,Sedan,Serif,Serif,Display,elegant traditional classic refined literary editorial transitional oldstyle didone headline hero decorative large-text attention italic english western european extended-latin european,400 | 400i,,latin | latin-ext,Sebastián Salazar,1577,165,No,2024-04-10,2025-05-30,https://fonts.google.com/specimen/Sedan
1636,Sedan SC,Serif,Serif,Display,elegant traditional classic refined literary editorial transitional oldstyle didone headline hero decorative large-text attention english western european extended-latin european,400,,latin | latin-ext,Sebastián Salazar,1328,73,No,2024-05-01,2025-05-30,https://fonts.google.com/specimen/Sedan+SC
1637,Sedgwick Ave,Handwriting,,Handwriting,personal casual friendly warm handwritten script organic  script cursive hand-drawn artistic informal english western european extended-latin european vietnamese,400,,latin | latin-ext | vietnamese,Pedro Vergani | Kevin Burke,1071,922,No,2017-08-01,2025-09-08,https://fonts.google.com/specimen/Sedgwick+Ave
1638,Sedgwick Ave Display,Handwriting,,Display | Handwriting,personal casual friendly warm handwritten script organic  headline hero decorative large-text attention script cursive hand-drawn artistic informal english western european extended-latin european vietnamese,400,,latin | latin-ext | vietnamese,Pedro Vergani | Kevin Burke,839,53,No,2017-08-01,2025-09-11,https://fonts.google.com/specimen/Sedgwick+Ave+Display
1639,Sekuya,Display,,Display,bold decorative headline attention-grabbing creative expressive  headline hero decorative large-text attention english western european extended-latin european,400,,latin | latin-ext,SEKUYA,1941,2297,No,2025-12-08,2025-12-10,https://fonts.google.com/specimen/Sekuya
1640,Sen,Sans Serif,Sans Serif,,clean modern minimal professional readable neutral geometric humanist grotesque variable variable-font responsive variable-weight english western european extended-latin european,400 | 500 | 600 | 700 | 800,wght: -,latin | latin-ext,Kosal Sen,331,1882,No,2020-01-17,2025-09-10,https://fonts.google.com/specimen/Sen
1641,Send Flowers,Handwriting,,Display | Handwriting,personal casual friendly warm handwritten script organic  headline hero decorative large-text attention script cursive hand-drawn artistic informal english western european extended-latin european vietnamese,400,,latin | latin-ext | vietnamese,Robert Leuschke,1569,1658,No,2022-03-11,2025-09-11,https://fonts.google.com/specimen/Send+Flowers
1642,Sevillana,Display,,Display | Handwriting,bold decorative headline attention-grabbing creative expressive  headline hero decorative large-text attention script cursive hand-drawn artistic informal english western european extended-latin european,400,,latin | latin-ext,Brownfox,956,2279,No,2012-02-22,2025-09-16,https://fonts.google.com/specimen/Sevillana
1643,Seymour One,Sans Serif,Sans Serif,Display,clean modern minimal professional readable neutral geometric humanist grotesque headline hero decorative large-text attention russian cyrillic slavic english western european extended-latin european,400,,cyrillic | latin | latin-ext,Vernon Adams,1336,851,No,2012-10-24,2025-09-16,https://fonts.google.com/specimen/Seymour+One
1644,Shadows Into Light,Handwriting,,Display | Handwriting,personal casual friendly warm handwritten script organic  headline hero decorative large-text attention script cursive hand-drawn artistic informal english western european extended-latin european popular widely-used,400,,latin | latin-ext,Kimberly Geswein,146,1532,No,2011-06-08,2025-09-10,https://fonts.google.com/specimen/Shadows+Into+Light
1645,Shadows Into Light Two,Handwriting,,Display | Handwriting,personal casual friendly warm handwritten script organic  headline hero decorative large-text attention script cursive hand-drawn artistic informal english western european extended-latin european,400,,latin | latin-ext,Kimberly Geswein,574,1804,No,2012-02-22,2025-09-16,https://fonts.google.com/specimen/Shadows+Into+Light+Two
1646,Shafarik,Display,,Display,bold decorative headline attention-grabbing creative expressive  headline hero decorative large-text attention russian cyrillic slavic cyrillic extended english western european extended-latin european,400,,cyrillic | cyrillic-ext | glagolitic | latin | latin-ext,Aleksandr Andreev,1861,2218,No,2025-02-11,2025-05-30,https://fonts.google.com/specimen/Shafarik
1647,Shalimar,Handwriting,,Handwriting | Display,personal casual friendly warm handwritten script organic  script cursive hand-drawn artistic informal headline hero decorative large-text attention english western european extended-latin european vietnamese,400,,latin | latin-ext | vietnamese,Robert Leuschke,1285,957,No,2021-10-14,2025-09-08,https://fonts.google.com/specimen/Shalimar
1648,Shantell Sans,Display,Sans Serif,Handwriting,bold decorative headline attention-grabbing creative expressive geometric humanist grotesque script cursive hand-drawn artistic informal versatile multi-weight flexible italic variable variable-font responsive variable-weight russian cyrillic slavic cyrillic extended english western european extended-latin european vietnamese,300 | 300i | 400 | 400i | 500 | 500i | 600 | 600i | 700 | 700i | 800 | 800i,BNCE: - | INFM: - | SPAC: - | wght: -,cyrillic | cyrillic-ext | latin | latin-ext | vietnamese,Shantell Martin | Arrow Type | Anya Danilova,778,164,No,2023-01-16,2025-09-16,https://fonts.google.com/specimen/Shantell+Sans
1649,Shanti,Sans Serif,Sans Serif,,clean modern minimal professional readable neutral geometric humanist grotesque english western european extended-latin european,400,,latin | latin-ext,Vernon Adams,1038,792,No,2011-05-11,2025-05-30,https://fonts.google.com/specimen/Shanti
1650,Share,Sans Serif,Sans Serif,,clean modern minimal professional readable neutral geometric humanist grotesque italic english western european extended-latin european,400 | 400i | 700 | 700i,,latin | latin-ext,Carrois Apostrophe,679,1896,No,2012-02-08,2025-09-08,https://fonts.google.com/specimen/Share
1651,Share Tech,Sans Serif,Sans Serif,Display,clean modern minimal professional readable neutral geometric humanist grotesque headline hero decorative large-text attention english western european popular widely-used,400,,latin,Carrois Apostrophe,65,466,No,2012-10-31,2025-09-11,https://fonts.google.com/specimen/Share+Tech
1652,Share Tech Mono,Monospace,,Monospace,code developer technical fixed-width terminal programming  mono fixed-width tabular data code english western european,400,,latin,Carrois Apostrophe,342,199,No,2012-10-31,2025-09-16,https://fonts.google.com/specimen/Share+Tech+Mono
1653,Shippori Antique,Sans Serif,Sans Serif,,clean modern minimal professional readable neutral geometric humanist grotesque japanese kanji hiragana katakana english western european extended-latin european,400,,japanese | latin | latin-ext,FONTDASU,1114,2007,No,2021-04-14,2025-09-04,https://fonts.google.com/specimen/Shippori+Antique
1654,Shippori Antique B1,Sans Serif,Sans Serif,,clean modern minimal professional readable neutral geometric humanist grotesque japanese kanji hiragana katakana english western european extended-latin european,400,,japanese | latin | latin-ext,FONTDASU,1220,81,No,2021-04-14,2025-09-04,https://fonts.google.com/specimen/Shippori+Antique+B1
1655,Shippori Mincho,Serif,Serif,,elegant traditional classic refined literary editorial transitional oldstyle didone japanese kanji hiragana katakana english western european extended-latin european well-known common,400 | 500 | 600 | 700 | 800,,japanese | latin | latin-ext,FONTDASU,280,1245,No,2021-01-04,2025-09-04,https://fonts.google.com/specimen/Shippori+Mincho
1656,Shippori Mincho B1,Serif,Serif,,elegant traditional classic refined literary editorial transitional oldstyle didone japanese kanji hiragana katakana english western european extended-latin european,400 | 500 | 600 | 700 | 800,,japanese | latin | latin-ext,FONTDASU,544,1446,No,2021-01-04,2025-09-11,https://fonts.google.com/specimen/Shippori+Mincho+B1
1657,Shizuru,Display,,Display,bold decorative headline attention-grabbing creative expressive  headline hero decorative large-text attention japanese kanji hiragana katakana english western european,400,,japanese | latin,Shibuya Font,1781,2187,No,2020-12-08,2025-09-10,https://fonts.google.com/specimen/Shizuru
1658,Shojumaru,Display,,Display,bold decorative headline attention-grabbing creative expressive  headline hero decorative large-text attention english western european extended-latin european,400,,latin | latin-ext,Astigmatic,979,1849,No,2012-01-25,2025-09-11,https://fonts.google.com/specimen/Shojumaru
1659,Short Stack,Handwriting,,Handwriting,personal casual friendly warm handwritten script organic  script cursive hand-drawn artistic informal english western european,400,,latin,James Grieshaber,905,808,No,2011-08-17,2025-09-10,https://fonts.google.com/specimen/Short+Stack
1660,Shrikhand,Display,Serif,Display,bold decorative headline attention-grabbing creative expressive transitional oldstyle didone headline hero decorative large-text attention gujarati indian english western european extended-latin european,400,,gujarati | latin | latin-ext,Jonny Pinhorn,526,484,No,2016-06-15,2025-09-08,https://fonts.google.com/specimen/Shrikhand
1661,Siemreap,Sans Serif,Sans Serif,,clean modern minimal professional readable neutral geometric humanist grotesque khmer cambodian,400,,khmer,Danh Hong,1433,2197,No,2011-04-20,2025-09-17,https://fonts.google.com/specimen/Siemreap
1662,Sigmar,Display,Sans Serif,Display,bold decorative headline attention-grabbing creative expressive geometric humanist grotesque headline hero decorative large-text attention english western european extended-latin european vietnamese,400,,latin | latin-ext | vietnamese,Vernon Adams,1265,2185,No,2023-02-23,2025-09-16,https://fonts.google.com/specimen/Sigmar
1663,Sigmar One,Display,Sans Serif,Display,bold decorative headline attention-grabbing creative expressive geometric humanist grotesque headline hero decorative large-text attention english western european extended-latin european vietnamese,400,,latin | latin-ext | vietnamese,Vernon Adams,692,768,No,2011-05-04,2025-09-04,https://fonts.google.com/specimen/Sigmar+One
1664,Signika,Sans Serif,Sans Serif,,clean modern minimal professional readable neutral geometric humanist grotesque variable variable-font responsive variable-weight english western european extended-latin european vietnamese well-known common,300 | 400 | 500 | 600 | 700,GRAD: - | wght: -,latin | latin-ext | vietnamese,Anna Giedryś,189,1449,No,2011-11-23,2025-09-10,https://fonts.google.com/specimen/Signika
1665,Signika Negative,Sans Serif,Sans Serif,,clean modern minimal professional readable neutral geometric humanist grotesque variable variable-font responsive variable-weight english western european extended-latin european vietnamese well-known common,300 | 400 | 500 | 600 | 700,wght: -,latin | latin-ext | vietnamese,Anna Giedryś,229,760,No,2011-11-23,2025-09-02,https://fonts.google.com/specimen/Signika+Negative
1666,Silkscreen,Display,Sans Serif,Display,bold decorative headline attention-grabbing creative expressive geometric humanist grotesque headline hero decorative large-text attention english western european extended-latin european,400 | 700,,latin | latin-ext,Jason Kottke,558,57,No,2022-06-22,2025-09-08,https://fonts.google.com/specimen/Silkscreen
1667,Simonetta,Display,Serif,Display,bold decorative headline attention-grabbing creative expressive transitional oldstyle didone headline hero decorative large-text attention italic english western european extended-latin european,400 | 400i | 900 | 900i,,latin | latin-ext,Brownfox,1402,714,No,2012-04-04,2025-09-11,https://fonts.google.com/specimen/Simonetta
1668,Single Day,Display,,Handwriting | Display,bold decorative headline attention-grabbing creative expressive  script cursive hand-drawn artistic informal headline hero decorative large-text attention korean hangul,400,,korean,DXKorea Inc,1244,180,No,2018-02-22,2025-09-08,https://fonts.google.com/specimen/Single+Day
1669,Sintony,Sans Serif,Sans Serif,Display,clean modern minimal professional readable neutral geometric humanist grotesque headline hero decorative large-text attention english western european extended-latin european,400 | 700,,latin | latin-ext,Eduardo Rodriguez Tunni,585,1640,No,2013-01-30,2025-09-16,https://fonts.google.com/specimen/Sintony
1670,Sirin Stencil,Display,Sans Serif,Display,bold decorative headline attention-grabbing creative expressive geometric humanist grotesque headline hero decorative large-text attention english western european,400,,latin,Cyreal,1629,1827,No,2012-01-18,2025-09-04,https://fonts.google.com/specimen/Sirin+Stencil
1671,Sirivennela,Sans Serif,Sans Serif,Display,clean modern minimal professional readable neutral geometric humanist grotesque headline hero decorative large-text attention english western european telugu indian,400,,latin | telugu,Appaji Ambarisha Darbha,1834,2128,No,2025-08-25,2025-08-26,https://fonts.google.com/specimen/Sirivennela
1672,Six Caps,Sans Serif,Sans Serif,Display,clean modern minimal professional readable neutral geometric humanist grotesque headline hero decorative large-text attention english western european extended-latin european,400,,latin | latin-ext,Vernon Adams,636,2244,No,2011-02-16,2025-09-08,https://fonts.google.com/specimen/Six+Caps
1673,Sixtyfour,Monospace,Sans Serif,Display,code developer technical fixed-width terminal programming geometric humanist grotesque headline hero decorative large-text attention variable variable-font responsive english western european extended-latin european,400,BLED: - | SCAN: -,latin | latin-ext | math | symbols,Jens Kutílek,1521,2141,No,2024-01-23,2025-09-04,https://fonts.google.com/specimen/Sixtyfour
1674,Sixtyfour Convergence,Monospace,Sans Serif,Display,code developer technical fixed-width terminal programming geometric humanist grotesque headline hero decorative large-text attention variable variable-font responsive english western european extended-latin european,400,BLED: - | SCAN: - | XELA: - | YELA: -,latin | latin-ext | math | symbols,Simon Cozens | Jens Kutílek,1695,287,No,2024-07-02,2025-09-08,https://fonts.google.com/specimen/Sixtyfour+Convergence
1675,Skranji,Display,,Display,bold decorative headline attention-grabbing creative expressive  headline hero decorative large-text attention english western european extended-latin european,400 | 700,,latin | latin-ext,Neapolitan,685,334,No,2012-08-21,2025-09-16,https://fonts.google.com/specimen/Skranji
1676,Slabo 13px,Serif,Slab Serif,,elegant traditional classic refined literary editorial slab mechanical sturdy strong english western european extended-latin european,400,,latin | latin-ext,John Hudson,1033,2252,No,2014-05-30,2025-09-11,https://fonts.google.com/specimen/Slabo+13px
1677,Slabo 27px,Serif,Slab Serif,,elegant traditional classic refined literary editorial slab mechanical sturdy strong english western european extended-latin european popular widely-used,400,,latin | latin-ext,John Hudson,127,868,No,2014-05-30,2025-09-16,https://fonts.google.com/specimen/Slabo+27px
1678,Slackey,Display,Sans Serif,Display,bold decorative headline attention-grabbing creative expressive geometric humanist grotesque headline hero decorative large-text attention english western european,400,,latin,Sideshow,888,422,No,2011-01-06,2025-06-02,https://fonts.google.com/specimen/Slackey
1679,Slackside One,Handwriting,,Display | Handwriting,personal casual friendly warm handwritten script organic  headline hero decorative large-text attention script cursive hand-drawn artistic informal japanese kanji hiragana katakana english western european extended-latin european,400,,japanese | latin | latin-ext,Maniackers Design,1771,1440,No,2020-12-14,2025-09-10,https://fonts.google.com/specimen/Slackside+One
1680,Smokum,Display,Serif,Display,bold decorative headline attention-grabbing creative expressive transitional oldstyle didone headline hero decorative large-text attention english western european extended-latin european,400,,latin | latin-ext,Astigmatic,1255,95,No,2011-08-03,2025-06-02,https://fonts.google.com/specimen/Smokum
1681,Smooch,Handwriting,,Display | Handwriting,personal casual friendly warm handwritten script organic  headline hero decorative large-text attention script cursive hand-drawn artistic informal english western european extended-latin european vietnamese,400,,latin | latin-ext | vietnamese,Robert Leuschke,1418,1871,No,2021-11-02,2025-09-16,https://fonts.google.com/specimen/Smooch
1682,Smooch Sans,Sans Serif,Sans Serif,Display,clean modern minimal professional readable neutral geometric humanist grotesque headline hero decorative large-text attention versatile multi-weight flexible variable variable-font responsive variable-weight english western european extended-latin european vietnamese popular widely-used,100 | 200 | 300 | 400 | 500 | 600 | 700 | 800 | 900,wght: -,latin | latin-ext | vietnamese,Robert Leuschke,67,456,No,2021-12-17,2025-09-10,https://fonts.google.com/specimen/Smooch+Sans
1683,Smythe,Display,,Display,bold decorative headline attention-grabbing creative expressive  headline hero decorative large-text attention english western european,400,,latin,Vernon Adams,1175,806,No,2011-04-20,2025-09-16,https://fonts.google.com/specimen/Smythe
1684,Sniglet,Display,,Display,bold decorative headline attention-grabbing creative expressive  headline hero decorative large-text attention english western european extended-latin european,400 | 800,,latin | latin-ext,Haley Fiege,648,503,No,2010-12-15,2025-09-10,https://fonts.google.com/specimen/Sniglet
1685,Snippet,Sans Serif,Sans Serif,,clean modern minimal professional readable neutral geometric humanist grotesque english western european,400,,latin,Gesine Todt,1617,1900,No,2011-07-20,2025-05-30,https://fonts.google.com/specimen/Snippet
1686,Snowburst One,Display,,Display,bold decorative headline attention-grabbing creative expressive  headline hero decorative large-text attention english western european extended-latin european,400,,latin | latin-ext,Annet Stirling,1687,655,No,2012-11-26,2025-09-02,https://fonts.google.com/specimen/Snowburst+One
1687,Sofadi One,Display,,Display,bold decorative headline attention-grabbing creative expressive  headline hero decorative large-text attention english western european,400,,latin,Botjo Nikoltchev,1506,528,No,2012-09-30,2025-09-11,https://fonts.google.com/specimen/Sofadi+One
1688,Sofia,Handwriting,,Handwriting,personal casual friendly warm handwritten script organic  script cursive hand-drawn artistic informal english western european,400,,latin,LatinoType,439,1839,No,2011-12-19,2025-09-04,https://fonts.google.com/specimen/Sofia
1689,Sofia Sans,Sans Serif,Sans Serif,,clean modern minimal professional readable neutral geometric humanist grotesque versatile multi-weight flexible italic variable variable-font responsive variable-weight russian cyrillic slavic cyrillic extended greek english western european extended-latin european well-known common,1 | 100 | 1000 | 1000i | 100i | 1i | 200 | 200i | 300 | 300i | 400 | 400i | 500 | 500i | 600 | 600i | 700 | 700i | 800 | 800i | 900 | 900i,wght: -,cyrillic | cyrillic-ext | greek | latin | latin-ext,Lettersoup | Botio Nikoltchev | Ani Petrova,207,1889,No,2021-01-13,2025-09-04,https://fonts.google.com/specimen/Sofia+Sans
1690,Sofia Sans Condensed,Sans Serif,Sans Serif,,clean modern minimal professional readable neutral geometric humanist grotesque versatile multi-weight flexible italic variable variable-font responsive variable-weight russian cyrillic slavic cyrillic extended greek english western european extended-latin european,1 | 100 | 1000 | 1000i | 100i | 1i | 200 | 200i | 300 | 300i | 400 | 400i | 500 | 500i | 600 | 600i | 700 | 700i | 800 | 800i | 900 | 900i,wght: -,cyrillic | cyrillic-ext | greek | latin | latin-ext,Lettersoup | Botio Nikoltchev | Ani Petrova,322,1609,No,2022-11-16,2025-09-10,https://fonts.google.com/specimen/Sofia+Sans+Condensed
1691,Sofia Sans Extra Condensed,Sans Serif,Sans Serif,,clean modern minimal professional readable neutral geometric humanist grotesque versatile multi-weight flexible italic variable variable-font responsive variable-weight russian cyrillic slavic cyrillic extended greek english western european extended-latin european,1 | 100 | 1000 | 1000i | 100i | 1i | 200 | 200i | 300 | 300i | 400 | 400i | 500 | 500i | 600 | 600i | 700 | 700i | 800 | 800i | 900 | 900i,wght: -,cyrillic | cyrillic-ext | greek | latin | latin-ext,Lettersoup | Botio Nikoltchev | Ani Petrova,422,339,No,2022-11-16,2025-09-11,https://fonts.google.com/specimen/Sofia+Sans+Extra+Condensed
1692,Sofia Sans Semi Condensed,Sans Serif,Sans Serif,,clean modern minimal professional readable neutral geometric humanist grotesque versatile multi-weight flexible italic variable variable-font responsive variable-weight russian cyrillic slavic cyrillic extended greek english western european extended-latin european,1 | 100 | 1000 | 1000i | 100i | 1i | 200 | 200i | 300 | 300i | 400 | 400i | 500 | 500i | 600 | 600i | 700 | 700i | 800 | 800i | 900 | 900i,wght: -,cyrillic | cyrillic-ext | greek | latin | latin-ext,Lettersoup | Botio Nikoltchev | Ani Petrova,708,1941,No,2022-11-16,2025-09-10,https://fonts.google.com/specimen/Sofia+Sans+Semi+Condensed
1693,Solitreo,Handwriting,,Handwriting,personal casual friendly warm handwritten script organic  script cursive hand-drawn artistic informal hebrew RTL israeli english western european extended-latin european,400,,hebrew | latin | latin-ext,Nathan Gross | Bryan Kirschen,1019,347,No,2022-12-14,2025-05-30,https://fonts.google.com/specimen/Solitreo
1694,Solway,Serif,Serif,,elegant traditional classic refined literary editorial transitional oldstyle didone english western european,300 | 400 | 500 | 700 | 800,,latin,Mariya Lish | The Northern Block,865,1517,No,2018-08-06,2025-09-08,https://fonts.google.com/specimen/Solway
1695,Sometype Mono,Monospace,Sans Serif,Monospace,code developer technical fixed-width terminal programming geometric humanist grotesque mono fixed-width tabular data code italic variable variable-font responsive variable-weight english western european extended-latin european,400 | 400i | 500 | 500i | 600 | 600i | 700 | 700i,wght: -,latin | latin-ext,Ryoichi Tsunekawa,703,323,No,2023-10-17,2025-09-16,https://fonts.google.com/specimen/Sometype+Mono
1696,Song Myung,Serif,Serif,,elegant traditional classic refined literary editorial transitional oldstyle didone korean hangul,400,,korean,JIKJI,1026,447,No,2018-02-23,2025-09-08,https://fonts.google.com/specimen/Song+Myung
1697,Sono,Sans Serif,Sans Serif,Monospace,clean modern minimal professional readable neutral geometric humanist grotesque mono fixed-width tabular data code versatile multi-weight flexible variable variable-font responsive variable-weight english western european extended-latin european vietnamese,200 | 300 | 400 | 500 | 600 | 700 | 800,MONO: - | wght: -,latin | latin-ext | vietnamese,Tyler Finck,1349,2207,No,2022-07-29,2025-09-11,https://fonts.google.com/specimen/Sono
1698,Sonsie One,Display,,Display,bold decorative headline attention-grabbing creative expressive  headline hero decorative large-text attention english western european extended-latin european,400,,latin | latin-ext,Riccardo De Franceschi,1333,2206,No,2012-01-18,2025-09-16,https://fonts.google.com/specimen/Sonsie+One
1699,Sora,Sans Serif,Sans Serif,,clean modern minimal professional readable neutral geometric humanist grotesque versatile multi-weight flexible variable variable-font responsive variable-weight english western european extended-latin european popular widely-used,100 | 200 | 300 | 400 | 500 | 600 | 700 | 800,wght: -,latin | latin-ext,Jonathan Barnbrook | Julián Moncada,120,836,No,2020-06-10,2025-09-08,https://fonts.google.com/specimen/Sora
1700,Sorts Mill Goudy,Serif,Serif,,elegant traditional classic refined literary editorial transitional oldstyle didone italic english western european extended-latin european,400 | 400i,,latin | latin-ext,Barry Schwartz,334,830,No,2011-09-07,2025-09-04,https://fonts.google.com/specimen/Sorts+Mill+Goudy
1701,Sour Gummy,Sans Serif,Sans Serif,Display,clean modern minimal professional readable neutral geometric humanist grotesque headline hero decorative large-text attention versatile multi-weight flexible italic variable variable-font responsive variable-weight variable-width english western european extended-latin european,100 | 100i | 200 | 200i | 300 | 300i | 400 | 400i | 500 | 500i | 600 | 600i | 700 | 700i | 800 | 800i | 900 | 900i,wdth: - | wght: -,latin | latin-ext,Stefie Justprince,1045,202,No,2024-11-05,2025-09-10,https://fonts.google.com/specimen/Sour+Gummy
1702,Source Code Pro,Monospace,,Monospace,code developer technical fixed-width terminal programming  mono fixed-width tabular data code versatile multi-weight flexible italic variable variable-font responsive variable-weight russian cyrillic slavic cyrillic extended greek greek extended english western european extended-latin european vietnamese multilingual international popular widely-used,200 | 200i | 300 | 300i | 400 | 400i | 500 | 500i | 600 | 600i | 700 | 700i | 800 | 800i | 900 | 900i,wght: -,cyrillic | cyrillic-ext | greek | greek-ext | latin | latin-ext | vietnamese,Paul D. Hunt,66,585,No,2012-09-20,2025-09-08,https://fonts.google.com/specimen/Source+Code+Pro
1703,Source Sans 3,Sans Serif,Sans Serif,,clean modern minimal professional readable neutral geometric humanist grotesque versatile multi-weight flexible italic variable variable-font responsive variable-weight russian cyrillic slavic cyrillic extended greek greek extended english western european extended-latin european vietnamese multilingual international popular widely-used,200 | 200i | 300 | 300i | 400 | 400i | 500 | 500i | 600 | 600i | 700 | 700i | 800 | 800i | 900 | 900i,wght: -,cyrillic | cyrillic-ext | greek | greek-ext | latin | latin-ext | vietnamese,Paul D. Hunt,61,2116,No,2021-09-17,2025-09-04,https://fonts.google.com/specimen/Source+Sans+3
1704,Source Serif 4,Serif,Serif,,elegant traditional classic refined literary editorial transitional oldstyle didone versatile multi-weight flexible italic variable variable-font responsive variable-weight russian cyrillic slavic cyrillic extended greek english western european extended-latin european vietnamese multilingual international popular widely-used,200 | 200i | 300 | 300i | 400 | 400i | 500 | 500i | 600 | 600i | 700 | 700i | 800 | 800i | 900 | 900i,opsz: - | wght: -,cyrillic | cyrillic-ext | greek | latin | latin-ext | vietnamese,Frank Grießhammer,139,460,No,2021-11-16,2025-09-11,https://fonts.google.com/specimen/Source+Serif+4
1705,Space Grotesk,Sans Serif,Sans Serif,,clean modern minimal professional readable neutral geometric humanist grotesque variable variable-font responsive variable-weight english western european extended-latin european vietnamese popular widely-used,300 | 400 | 500 | 600 | 700,wght: -,latin | latin-ext | vietnamese,Florian Karsten,93,285,No,2020-10-06,2025-09-04,https://fonts.google.com/specimen/Space+Grotesk
1706,Space Mono,Monospace,,Monospace,code developer technical fixed-width terminal programming  mono fixed-width tabular data code italic english western european extended-latin european vietnamese well-known common,400 | 400i | 700 | 700i,,latin | latin-ext | vietnamese,Colophon Foundry,194,367,No,2016-06-15,2025-06-25,https://fonts.google.com/specimen/Space+Mono
1707,Special Elite,Display,,Display,bold decorative headline attention-grabbing creative expressive  headline hero decorative large-text attention english western european extended-latin european,400,,latin | latin-ext,Astigmatic,327,1611,No,2011-04-20,2025-09-08,https://fonts.google.com/specimen/Special+Elite
1708,Special Gothic,Sans Serif,Sans Serif,,clean modern minimal professional readable neutral geometric humanist grotesque variable variable-font responsive variable-weight variable-width english western european extended-latin european,400 | 500 | 600 | 700,wdth: - | wght: -,latin | latin-ext,Alistair McCready,1170,1349,No,2025-04-07,2025-07-30,https://fonts.google.com/specimen/Special+Gothic
1709,Special Gothic Condensed One,Sans Serif,Sans Serif,,clean modern minimal professional readable neutral geometric humanist grotesque english western european extended-latin european,400,,latin | latin-ext,Alistair McCready,1046,740,No,2025-04-07,2025-04-23,https://fonts.google.com/specimen/Special+Gothic+Condensed+One
1710,Special Gothic Expanded One,Sans Serif,Sans Serif,,clean modern minimal professional readable neutral geometric humanist grotesque english western european extended-latin european,400,,latin | latin-ext,Alistair McCready,1034,105,No,2025-04-07,2025-04-23,https://fonts.google.com/specimen/Special+Gothic+Expanded+One
1711,Spectral,Serif,Serif,,elegant traditional classic refined literary editorial transitional oldstyle didone versatile multi-weight flexible italic russian cyrillic slavic cyrillic extended english western european extended-latin european vietnamese well-known common,200 | 200i | 300 | 300i | 400 | 400i | 500 | 500i | 600 | 600i | 700 | 700i | 800 | 800i,,cyrillic | cyrillic-ext | latin | latin-ext | vietnamese,Production Type,188,1238,No,2017-06-12,2025-09-11,https://fonts.google.com/specimen/Spectral
1712,Spectral SC,Serif,Serif,,elegant traditional classic refined literary editorial transitional oldstyle didone versatile multi-weight flexible italic russian cyrillic slavic cyrillic extended english western european extended-latin european vietnamese,200 | 200i | 300 | 300i | 400 | 400i | 500 | 500i | 600 | 600i | 700 | 700i | 800 | 800i,,cyrillic | cyrillic-ext | latin | latin-ext | vietnamese,Production Type,869,2010,No,2017-10-10,2025-09-02,https://fonts.google.com/specimen/Spectral+SC
1713,Spicy Rice,Display,Serif,Display,bold decorative headline attention-grabbing creative expressive transitional oldstyle didone headline hero decorative large-text attention english western european extended-latin european,400,,latin | latin-ext,Astigmatic,1055,495,No,2011-12-13,2025-09-10,https://fonts.google.com/specimen/Spicy+Rice
1714,Spinnaker,Sans Serif,Sans Serif,Display,clean modern minimal professional readable neutral geometric humanist grotesque headline hero decorative large-text attention english western european extended-latin european,400,,latin | latin-ext,Elena Albertoni,568,442,No,2011-09-28,2025-09-04,https://fonts.google.com/specimen/Spinnaker
1715,Spirax,Display,,Display,bold decorative headline attention-grabbing creative expressive  headline hero decorative large-text attention english western european,400,,latin,Brenda Gallo,1337,1546,No,2011-11-23,2025-09-10,https://fonts.google.com/specimen/Spirax
1716,Splash,Handwriting,,Display | Handwriting,personal casual friendly warm handwritten script organic  headline hero decorative large-text attention script cursive hand-drawn artistic informal english western european extended-latin european vietnamese,400,,latin | latin-ext | vietnamese,Robert Leuschke,1696,1709,No,2022-05-18,2025-09-16,https://fonts.google.com/specimen/Splash
1717,Spline Sans,Sans Serif,Sans Serif,,clean modern minimal professional readable neutral geometric humanist grotesque variable variable-font responsive variable-weight english western european extended-latin european,300 | 400 | 500 | 600 | 700,wght: -,latin | latin-ext,Eben Sorkin | Mirko Velimirović,511,2017,No,2021-11-22,2025-09-10,https://fonts.google.com/specimen/Spline+Sans
1718,Spline Sans Mono,Monospace,Sans Serif,Monospace,code developer technical fixed-width terminal programming geometric humanist grotesque mono fixed-width tabular data code italic variable variable-font responsive variable-weight english western european extended-latin european,300 | 300i | 400 | 400i | 500 | 500i | 600 | 600i | 700 | 700i,wght: -,latin | latin-ext,Eben Sorkin | Mirko Velimirović,1230,1650,No,2022-03-27,2025-09-10,https://fonts.google.com/specimen/Spline+Sans+Mono
1719,Squada One,Display,Sans Serif,Display,bold decorative headline attention-grabbing creative expressive geometric humanist grotesque headline hero decorative large-text attention english western european,400,,latin,Joe Prince,463,1584,No,2011-12-15,2025-09-10,https://fonts.google.com/specimen/Squada+One
1720,Square Peg,Handwriting,,Handwriting | Display,personal casual friendly warm handwritten script organic  script cursive hand-drawn artistic informal headline hero decorative large-text attention english western european extended-latin european vietnamese,400,,latin | latin-ext | vietnamese,Robert Leuschke,947,310,No,2022-03-23,2025-09-04,https://fonts.google.com/specimen/Square+Peg
1721,Sree Krushnadevaraya,Serif,Serif,,elegant traditional classic refined literary editorial transitional oldstyle didone english western european telugu indian,400,,latin | telugu,Purushoth Kumar Guttula,1274,2127,No,2015-01-12,2025-09-11,https://fonts.google.com/specimen/Sree+Krushnadevaraya
1722,Sriracha,Handwriting,,Display | Handwriting,personal casual friendly warm handwritten script organic  headline hero decorative large-text attention script cursive hand-drawn artistic informal english western european extended-latin european thai southeast-asia vietnamese,400,,latin | latin-ext | thai | vietnamese,Cadson Demak,468,421,No,2015-07-01,2025-09-11,https://fonts.google.com/specimen/Sriracha
1723,Srisakdi,Display,,Display,bold decorative headline attention-grabbing creative expressive  headline hero decorative large-text attention english western european extended-latin european thai southeast-asia vietnamese,400 | 700,,latin | latin-ext | thai | vietnamese,Cadson Demak,1280,1994,No,2018-09-10,2025-09-08,https://fonts.google.com/specimen/Srisakdi
1724,Staatliches,Display,Sans Serif,Display,bold decorative headline attention-grabbing creative expressive geometric humanist grotesque headline hero decorative large-text attention english western european extended-latin european,400,,latin | latin-ext,Brian LaRossa | Erica Carras,354,684,No,2018-12-09,2025-09-04,https://fonts.google.com/specimen/Staatliches
1725,Stack Sans Headline,Sans Serif,Sans Serif,,clean modern minimal professional readable neutral geometric humanist grotesque versatile multi-weight flexible variable variable-font responsive variable-weight english western european extended-latin european,200 | 300 | 400 | 500 | 600 | 700,wght: -,latin | latin-ext,Koto,1477,1752,No,2025-11-03,2025-11-04,https://fonts.google.com/specimen/Stack+Sans+Headline
1726,Stack Sans Notch,Sans Serif,Sans Serif,Display,clean modern minimal professional readable neutral geometric humanist grotesque headline hero decorative large-text attention versatile multi-weight flexible variable variable-font responsive variable-weight english western european extended-latin european,200 | 300 | 400 | 500 | 600 | 700,wght: -,latin | latin-ext,Koto,1743,928,No,2025-11-03,2025-11-04,https://fonts.google.com/specimen/Stack+Sans+Notch
1727,Stack Sans Text,Sans Serif,Sans Serif,,clean modern minimal professional readable neutral geometric humanist grotesque versatile multi-weight flexible variable variable-font responsive variable-weight english western european extended-latin european,200 | 300 | 400 | 500 | 600 | 700,wght: -,latin | latin-ext,Koto,1453,2084,No,2025-11-03,2025-11-04,https://fonts.google.com/specimen/Stack+Sans+Text
1728,Stalemate,Handwriting,,Display | Handwriting,personal casual friendly warm handwritten script organic  headline hero decorative large-text attention script cursive hand-drawn artistic informal english western european extended-latin european,400,,latin | latin-ext,Astigmatic,1253,2235,No,2012-11-03,2025-09-10,https://fonts.google.com/specimen/Stalemate
1729,Stalinist One,Display,Sans Serif,Display,bold decorative headline attention-grabbing creative expressive geometric humanist grotesque headline hero decorative large-text attention russian cyrillic slavic english western european extended-latin european,400,,cyrillic | latin | latin-ext,Alexey Maslov | Jovanny Lemonad,1426,459,No,2012-08-20,2025-09-02,https://fonts.google.com/specimen/Stalinist+One
1730,Stardos Stencil,Display,,Display,bold decorative headline attention-grabbing creative expressive  headline hero decorative large-text attention english western european,400 | 700,,latin,Vernon Adams,571,511,No,2011-07-06,2025-05-30,https://fonts.google.com/specimen/Stardos+Stencil
1731,Stick,Sans Serif,Sans Serif,Display,clean modern minimal professional readable neutral geometric humanist grotesque headline hero decorative large-text attention russian cyrillic slavic japanese kanji hiragana katakana english western european extended-latin european,400,,cyrillic | japanese | latin | latin-ext,Fontworks Inc.,1184,509,No,2020-12-15,2025-09-10,https://fonts.google.com/specimen/Stick
1732,Stick No Bills,Sans Serif,Sans Serif,Display,clean modern minimal professional readable neutral geometric humanist grotesque headline hero decorative large-text attention versatile multi-weight flexible variable variable-font responsive variable-weight english western european extended-latin european sinhala sri-lankan,200 | 300 | 400 | 500 | 600 | 700 | 800,wght: -,latin | latin-ext | sinhala,Mooniak,1066,1836,No,2021-06-29,2025-09-10,https://fonts.google.com/specimen/Stick+No+Bills
1733,Stint Ultra Condensed,Serif,Slab Serif,Display,elegant traditional classic refined literary editorial slab mechanical sturdy strong headline hero decorative large-text attention english western european extended-latin european,400,,latin | latin-ext,Astigmatic,1298,2140,No,2011-12-07,2025-09-11,https://fonts.google.com/specimen/Stint+Ultra+Condensed
1734,Stint Ultra Expanded,Serif,Slab Serif,Display,elegant traditional classic refined literary editorial slab mechanical sturdy strong headline hero decorative large-text attention english western european extended-latin european,400,,latin | latin-ext,Astigmatic,1286,1277,No,2012-02-15,2025-09-08,https://fonts.google.com/specimen/Stint+Ultra+Expanded
1735,Stoke,Serif,Serif,Display,elegant traditional classic refined literary editorial transitional oldstyle didone headline hero decorative large-text attention english western european extended-latin european,300 | 400,,latin | latin-ext,Nicole Fally,1362,776,No,2012-08-03,2025-09-10,https://fonts.google.com/specimen/Stoke
1736,Story Script,Sans Serif,Sans Serif,Display,clean modern minimal professional readable neutral geometric humanist grotesque headline hero decorative large-text attention english western european extended-latin european vietnamese,400,,latin | latin-ext | vietnamese,Lana Roulhac | Ben Buysse,1532,142,No,2025-08-25,2025-08-26,https://fonts.google.com/specimen/Story+Script
1737,Strait,Sans Serif,Sans Serif,Display,clean modern minimal professional readable neutral geometric humanist grotesque headline hero decorative large-text attention english western european extended-latin european,400,,latin | latin-ext,Eduardo Tunni,1320,1997,No,2012-10-26,2025-09-08,https://fonts.google.com/specimen/Strait
1738,Style Script,Handwriting,,Display | Handwriting,personal casual friendly warm handwritten script organic  headline hero decorative large-text attention script cursive hand-drawn artistic informal english western european extended-latin european vietnamese,400,,latin | latin-ext | vietnamese,Robert Leuschke,721,785,No,2021-05-14,2025-09-10,https://fonts.google.com/specimen/Style+Script
1739,Stylish,Sans Serif,Sans Serif,Display,clean modern minimal professional readable neutral geometric humanist grotesque headline hero decorative large-text attention korean hangul,400,,korean,AsiaSoft Inc,1246,1510,No,2018-02-27,2025-06-25,https://fonts.google.com/specimen/Stylish
1740,Sue Ellen Francisco,Handwriting,,Handwriting | Display,personal casual friendly warm handwritten script organic  script cursive hand-drawn artistic informal headline hero decorative large-text attention english western european,400,,latin,Kimberly Geswein,885,1677,No,2011-04-14,2025-09-08,https://fonts.google.com/specimen/Sue+Ellen+Francisco
1741,Suez One,Serif,Serif,Display,elegant traditional classic refined literary editorial transitional oldstyle didone headline hero decorative large-text attention hebrew RTL israeli english western european extended-latin european,400,,hebrew | latin | latin-ext,Michal Sahar,644,97,No,2016-03-31,2025-09-08,https://fonts.google.com/specimen/Suez+One
1742,Sulphur Point,Sans Serif,Sans Serif,,clean modern minimal professional readable neutral geometric humanist grotesque english western european extended-latin european,300 | 400 | 700,,latin | latin-ext,Dale Sattler,1142,327,No,2019-09-25,2025-09-16,https://fonts.google.com/specimen/Sulphur+Point
1743,Sumana,Serif,Serif,,elegant traditional classic refined literary editorial transitional oldstyle didone hindi devanagari indian english western european extended-latin european,400 | 700,,devanagari | latin | latin-ext,Cyreal,1078,247,No,2015-04-29,2025-09-11,https://fonts.google.com/specimen/Sumana
1744,Sunflower,Sans Serif,Sans Serif,,clean modern minimal professional readable neutral geometric humanist grotesque korean hangul,300 | 500 | 700,,korean,JIKJISOFT,945,909,No,2018-02-27,2025-09-16,https://fonts.google.com/specimen/Sunflower
1745,Sunshiney,Handwriting,,Handwriting,personal casual friendly warm handwritten script organic  script cursive hand-drawn artistic informal english western european,400,,latin,Sideshow,1043,1503,No,2011-01-06,2025-05-30,https://fonts.google.com/specimen/Sunshiney
1746,Supermercado One,Display,Sans Serif,Display,bold decorative headline attention-grabbing creative expressive geometric humanist grotesque headline hero decorative large-text attention english western european extended-latin european,400,,latin | latin-ext,James Grieshaber,989,1011,No,2011-11-02,2025-09-10,https://fonts.google.com/specimen/Supermercado+One
1747,Sura,Serif,Serif,,elegant traditional classic refined literary editorial transitional oldstyle didone hindi devanagari indian english western european extended-latin european,400 | 700,,devanagari | latin | latin-ext,Carolina Giovagnoli,1371,1772,No,2015-06-17,2025-09-10,https://fonts.google.com/specimen/Sura
1748,Suranna,Serif,Serif,,elegant traditional classic refined literary editorial transitional oldstyle didone english western european telugu indian,400,,latin | telugu,Purushoth Kumar Guttula,1094,1816,No,2015-01-12,2025-09-08,https://fonts.google.com/specimen/Suranna
1749,Suravaram,Serif,Serif,,elegant traditional classic refined literary editorial transitional oldstyle didone english western european telugu indian,400,,latin | telugu,Purushoth Kumar Guttula,1723,120,No,2015-01-12,2025-09-10,https://fonts.google.com/specimen/Suravaram
1750,Suwannaphum,Serif,Serif,,elegant traditional classic refined literary editorial transitional oldstyle didone khmer cambodian english western european,100 | 300 | 400 | 700 | 900,,khmer | latin,Danh Hong,1342,671,No,2011-03-02,2025-09-02,https://fonts.google.com/specimen/Suwannaphum
1751,Swanky and Moo Moo,Handwriting,,Handwriting,personal casual friendly warm handwritten script organic  script cursive hand-drawn artistic informal english western european extended-latin european,400,,latin | latin-ext,Kimberly Geswein,1076,894,No,2011-04-27,2025-09-16,https://fonts.google.com/specimen/Swanky+and+Moo+Moo
1752,Syncopate,Sans Serif,Sans Serif,Display,clean modern minimal professional readable neutral geometric humanist grotesque headline hero decorative large-text attention english western european extended-latin european,400 | 700,,latin | latin-ext,Astigmatic,440,818,No,2011-04-27,2025-09-08,https://fonts.google.com/specimen/Syncopate
1753,Syne,Sans Serif,Sans Serif,Display,clean modern minimal professional readable neutral geometric humanist grotesque headline hero decorative large-text attention variable variable-font responsive variable-weight greek english western european extended-latin european well-known common,400 | 500 | 600 | 700 | 800,wght: -,greek | latin | latin-ext,Bonjour Monde | Lucas Descroix | George Triantafyllakos,245,381,No,2020-08-25,2025-09-16,https://fonts.google.com/specimen/Syne
1754,Syne Mono,Monospace,,Monospace,code developer technical fixed-width terminal programming  mono fixed-width tabular data code english western european extended-latin european,400,,latin | latin-ext,Bonjour Monde | Lucas Descroix,770,715,No,2020-08-25,2025-09-16,https://fonts.google.com/specimen/Syne+Mono
1755,Syne Tactile,Display,,Display,bold decorative headline attention-grabbing creative expressive  headline hero decorative large-text attention english western european extended-latin european,400,,latin | latin-ext,Bonjour Monde | Lucas Descroix,1757,88,No,2020-08-25,2025-09-08,https://fonts.google.com/specimen/Syne+Tactile
1756,TASA Explorer,Sans Serif,Sans Serif,,clean modern minimal professional readable neutral geometric humanist grotesque variable variable-font responsive variable-weight english western european extended-latin european,400 | 500 | 600 | 700 | 800,wght: -,latin | latin-ext,Local Remote | Weizhong Zhang,1714,2237,No,2025-08-25,2025-08-26,https://fonts.google.com/specimen/TASA+Explorer
1757,TASA Orbiter,Sans Serif,Sans Serif,,clean modern minimal professional readable neutral geometric humanist grotesque variable variable-font responsive variable-weight english western european extended-latin european,400 | 500 | 600 | 700 | 800,wght: -,latin | latin-ext,Local Remote | Weizhong Zhang,1463,1379,No,2025-08-25,2025-08-26,https://fonts.google.com/specimen/TASA+Orbiter
1758,Tac One,Sans Serif,Sans Serif,Display,clean modern minimal professional readable neutral geometric humanist grotesque headline hero decorative large-text attention english western european extended-latin european vietnamese,400,,latin | latin-ext | math | symbols | vietnamese,Afrotype | Seyi Olusanya | Eyiyemi Adegbite | David Udoh | Mirko Velimirović,1386,337,No,2024-03-20,2025-05-30,https://fonts.google.com/specimen/Tac+One
1759,Tagesschrift,Display,,Display,bold decorative headline attention-grabbing creative expressive  headline hero decorative large-text attention english western european extended-latin european,400,,latin | latin-ext,Yanone,1742,1664,No,2025-04-17,2025-04-23,https://fonts.google.com/specimen/Tagesschrift
1760,Tai Heritage Pro,Serif,Serif,,elegant traditional classic refined literary editorial transitional oldstyle didone english western european extended-latin european vietnamese,400 | 700,,latin | latin-ext | tai-viet | vietnamese,SIL International,1673,2093,No,2022-05-12,2025-09-08,https://fonts.google.com/specimen/Tai+Heritage+Pro
1761,Tajawal,Sans Serif,Sans Serif,,clean modern minimal professional readable neutral geometric humanist grotesque versatile multi-weight flexible arabic RTL middle-east english western european popular widely-used,200 | 300 | 400 | 500 | 700 | 800 | 900,,arabic | latin,Boutros Fonts | Mourad Boutros | Soulaf Khalifeh,112,177,No,2018-04-04,2025-09-08,https://fonts.google.com/specimen/Tajawal
1762,Tangerine,Handwriting,,Handwriting,personal casual friendly warm handwritten script organic  script cursive hand-drawn artistic informal english western european,400 | 700,,latin,Toshi Omagari,333,827,No,2010-06-08,2025-09-11,https://fonts.google.com/specimen/Tangerine
1763,Tapestry,Handwriting,Serif,Display,personal casual friendly warm handwritten script organic transitional oldstyle didone headline hero decorative large-text attention english western european extended-latin european vietnamese,400,,latin | latin-ext | vietnamese,Robert Leuschke,1514,137,No,2022-04-07,2025-09-16,https://fonts.google.com/specimen/Tapestry
1764,Taprom,Display,,Display,bold decorative headline attention-grabbing creative expressive  headline hero decorative large-text attention khmer cambodian english western european,400,,khmer | latin,Danh Hong | Neapolitan,1667,979,No,2011-03-02,2025-09-08,https://fonts.google.com/specimen/Taprom
1765,Tauri,Sans Serif,Sans Serif,Display,clean modern minimal professional readable neutral geometric humanist grotesque headline hero decorative large-text attention english western european extended-latin european,400,,latin | latin-ext,Yvonne Schüttler,1166,1363,No,2013-02-27,2025-09-10,https://fonts.google.com/specimen/Tauri
1766,Taviraj,Serif,Serif,Display,elegant traditional classic refined literary editorial transitional oldstyle didone headline hero decorative large-text attention versatile multi-weight flexible italic english western european extended-latin european thai southeast-asia vietnamese,100 | 100i | 200 | 200i | 300 | 300i | 400 | 400i | 500 | 500i | 600 | 600i | 700 | 700i | 800 | 800i | 900 | 900i,,latin | latin-ext | thai | vietnamese,Cadson Demak,447,2176,No,2016-06-15,2025-09-04,https://fonts.google.com/specimen/Taviraj
1767,Teachers,Sans Serif,Sans Serif,,clean modern minimal professional readable neutral geometric humanist grotesque italic variable variable-font responsive variable-weight greek extended english western european extended-latin european,400 | 400i | 500 | 500i | 600 | 600i | 700 | 700i | 800 | 800i,wght: -,greek-ext | latin | latin-ext,Alfredo Marco Pradil | Chank Diesel,1061,1646,No,2024-05-01,2025-09-08,https://fonts.google.com/specimen/Teachers
1768,Teko,Sans Serif,Sans Serif,Display,clean modern minimal professional readable neutral geometric humanist grotesque headline hero decorative large-text attention variable variable-font responsive variable-weight hindi devanagari indian english western european extended-latin european popular widely-used,300 | 400 | 500 | 600 | 700,wght: -,devanagari | latin | latin-ext,Indian Type Foundry,140,1595,No,2014-06-25,2025-09-16,https://fonts.google.com/specimen/Teko
1769,Tektur,Display,Sans Serif,Display,bold decorative headline attention-grabbing creative expressive geometric humanist grotesque headline hero decorative large-text attention versatile multi-weight flexible variable variable-font responsive variable-weight variable-width russian cyrillic slavic cyrillic extended greek english western european extended-latin european vietnamese multilingual international,400 | 500 | 600 | 700 | 800 | 900,wdth: - | wght: -,cyrillic | cyrillic-ext | greek | latin | latin-ext | vietnamese,Adam Jagosz,833,1443,No,2023-06-15,2025-09-16,https://fonts.google.com/specimen/Tektur
1770,Telex,Sans Serif,Sans Serif,,clean modern minimal professional readable neutral geometric humanist grotesque english western european extended-latin european,400,,latin | latin-ext,Huerta Tipográfica,699,1587,No,2012-01-18,2025-09-16,https://fonts.google.com/specimen/Telex
1771,Tenali Ramakrishna,Sans Serif,Sans Serif,,clean modern minimal professional readable neutral geometric humanist grotesque english western european telugu indian,400,,latin | telugu,Appaji Ambarisha Darbha,1067,2065,No,2014-12-10,2025-09-02,https://fonts.google.com/specimen/Tenali+Ramakrishna
1772,Tenor Sans,Sans Serif,Sans Serif,Display,clean modern minimal professional readable neutral geometric humanist grotesque headline hero decorative large-text attention russian cyrillic slavic english western european extended-latin european well-known common,400,,cyrillic | latin | latin-ext,Denis Masharov,256,561,No,2011-05-25,2025-09-02,https://fonts.google.com/specimen/Tenor+Sans
1773,Text Me One,Sans Serif,Sans Serif,Display,clean modern minimal professional readable neutral geometric humanist grotesque headline hero decorative large-text attention english western european extended-latin european,400,,latin | latin-ext,Julia Petretta,1385,2008,No,2012-10-31,2025-09-16,https://fonts.google.com/specimen/Text+Me+One
1774,Texturina,Serif,Serif,Display,elegant traditional classic refined literary editorial transitional oldstyle didone headline hero decorative large-text attention versatile multi-weight flexible italic variable variable-font responsive variable-weight english western european extended-latin european vietnamese,100 | 100i | 200 | 200i | 300 | 300i | 400 | 400i | 500 | 500i | 600 | 600i | 700 | 700i | 800 | 800i | 900 | 900i,opsz: - | wght: -,latin | latin-ext | vietnamese,Guillermo Torres | Omnibus-Type,1374,1875,No,2020-10-23,2025-09-16,https://fonts.google.com/specimen/Texturina
1775,Thasadith,Sans Serif,Sans Serif,Display,clean modern minimal professional readable neutral geometric humanist grotesque headline hero decorative large-text attention italic english western european extended-latin european thai southeast-asia vietnamese,400 | 400i | 700 | 700i,,latin | latin-ext | thai | vietnamese,Cadson Demak,904,895,No,2018-09-10,2025-09-10,https://fonts.google.com/specimen/Thasadith
1776,The Girl Next Door,Handwriting,,Display | Handwriting,personal casual friendly warm handwritten script organic  headline hero decorative large-text attention script cursive hand-drawn artistic informal english western european extended-latin european,400,,latin | latin-ext,Kimberly Geswein,994,794,No,2011-04-20,2025-09-16,https://fonts.google.com/specimen/The+Girl+Next+Door
1777,The Nautigal,Handwriting,,Display | Handwriting,personal casual friendly warm handwritten script organic  headline hero decorative large-text attention script cursive hand-drawn artistic informal english western european extended-latin european vietnamese,400 | 700,,latin | latin-ext | vietnamese,Robert Leuschke,1224,1552,No,2021-11-18,2025-09-16,https://fonts.google.com/specimen/The+Nautigal
1778,Tienne,Serif,Serif,,elegant traditional classic refined literary editorial transitional oldstyle didone english western european,400 | 700 | 900,,latin,Vernon Adams,929,507,No,2011-07-27,2025-09-04,https://fonts.google.com/specimen/Tienne
1779,TikTok Sans,Sans Serif,Sans Serif,,clean modern minimal professional readable neutral geometric humanist grotesque versatile multi-weight flexible variable variable-font responsive variable-weight variable-width variable-slant russian cyrillic slavic cyrillic extended greek english western european extended-latin european vietnamese multilingual international,300 | 400 | 500 | 600 | 700 | 800 | 900,opsz: - | slnt: - | wdth: - | wght: -,cyrillic | cyrillic-ext | greek | latin | latin-ext | vietnamese,Grilli Type | Contrast Foundry | Type Network,1008,927,No,1970-01-20,2025-09-11,https://fonts.google.com/specimen/TikTok+Sans
1780,Tillana,Display,,Display,bold decorative headline attention-grabbing creative expressive  headline hero decorative large-text attention hindi devanagari indian english western european extended-latin european,400 | 500 | 600 | 700 | 800,,devanagari | latin | latin-ext,Indian Type Foundry,1375,1481,No,2015-06-03,2025-09-11,https://fonts.google.com/specimen/Tillana
1781,Tilt Neon,Display,Sans Serif,Display,bold decorative headline attention-grabbing creative expressive geometric humanist grotesque headline hero decorative large-text attention variable variable-font responsive english western european extended-latin european vietnamese,400,XROT: - | YROT: -,latin | latin-ext | vietnamese,Andy Clymer,724,1155,No,2022-12-01,2025-09-04,https://fonts.google.com/specimen/Tilt+Neon
1782,Tilt Prism,Display,Sans Serif,Display,bold decorative headline attention-grabbing creative expressive geometric humanist grotesque headline hero decorative large-text attention variable variable-font responsive english western european extended-latin european vietnamese,400,XROT: - | YROT: -,latin | latin-ext | vietnamese,Andy Clymer,1443,2238,No,2022-12-01,2025-09-10,https://fonts.google.com/specimen/Tilt+Prism
1783,Tilt Warp,Display,Sans Serif,Display,bold decorative headline attention-grabbing creative expressive geometric humanist grotesque headline hero decorative large-text attention variable variable-font responsive english western european extended-latin european vietnamese,400,XROT: - | YROT: -,latin | latin-ext | vietnamese,Andy Clymer,518,2119,No,2022-12-01,2025-09-04,https://fonts.google.com/specimen/Tilt+Warp
1784,Timmana,Sans Serif,Sans Serif,,clean modern minimal professional readable neutral geometric humanist grotesque english western european telugu indian,400,,latin | telugu,Appaji Ambarisha Darbha,1150,706,No,2015-01-12,2025-09-16,https://fonts.google.com/specimen/Timmana
1785,Tinos,Serif,Serif,,elegant traditional classic refined literary editorial transitional oldstyle didone italic russian cyrillic slavic cyrillic extended greek greek extended hebrew RTL israeli english western european extended-latin european vietnamese multilingual international well-known common,400 | 400i | 700 | 700i,,cyrillic | cyrillic-ext | greek | greek-ext | hebrew | latin | latin-ext | vietnamese,Steve Matteson,224,2201,No,2010-11-18,2025-09-08,https://fonts.google.com/specimen/Tinos
1786,Tiny5,Sans Serif,Sans Serif,Display,clean modern minimal professional readable neutral geometric humanist grotesque headline hero decorative large-text attention russian cyrillic slavic cyrillic extended greek english western european extended-latin european,400,,cyrillic | cyrillic-ext | greek | latin | latin-ext,Stefan Schmidt,1352,1831,No,2024-05-29,2025-05-30,https://fonts.google.com/specimen/Tiny5
1787,Tiro Bangla,Serif,Serif,,elegant traditional classic refined literary editorial transitional oldstyle didone italic bengali bangladeshi indian english western european extended-latin european,400 | 400i,,bengali | latin | latin-ext,Tiro Typeworks | John Hudson | Fiona Ross | Neelakash Kshetrimayum,658,1783,No,2022-05-25,2025-05-30,https://fonts.google.com/specimen/Tiro+Bangla
1788,Tiro Devanagari Hindi,Serif,Serif,,elegant traditional classic refined literary editorial transitional oldstyle didone italic hindi devanagari indian english western european extended-latin european,400 | 400i,,devanagari | latin | latin-ext,Tiro Typeworks | John Hudson | Fiona Ross | Paul Hanslow,972,1470,No,2022-05-25,2025-05-30,https://fonts.google.com/specimen/Tiro+Devanagari+Hindi
1789,Tiro Devanagari Marathi,Serif,Serif,,elegant traditional classic refined literary editorial transitional oldstyle didone italic hindi devanagari indian english western european extended-latin european,400 | 400i,,devanagari | latin | latin-ext,Tiro Typeworks | John Hudson | Fiona Ross | Paul Hanslow,1528,2199,No,2022-05-25,2025-05-30,https://fonts.google.com/specimen/Tiro+Devanagari+Marathi
1790,Tiro Devanagari Sanskrit,Serif,Serif,,elegant traditional classic refined literary editorial transitional oldstyle didone italic hindi devanagari indian english western european extended-latin european,400 | 400i,,devanagari | latin | latin-ext,Tiro Typeworks | John Hudson | Fiona Ross | Paul Hanslow,1353,2027,No,2022-05-25,2025-05-30,https://fonts.google.com/specimen/Tiro+Devanagari+Sanskrit
1791,Tiro Gurmukhi,Serif,Serif,,elegant traditional classic refined literary editorial transitional oldstyle didone italic punjabi gurmukhi indian english western european extended-latin european,400 | 400i,,gurmukhi | latin | latin-ext,Tiro Typeworks | John Hudson | Fiona Ross | Paul Hanslow,1547,722,No,2022-05-25,2025-05-30,https://fonts.google.com/specimen/Tiro+Gurmukhi
1792,Tiro Kannada,Serif,Serif,,elegant traditional classic refined literary editorial transitional oldstyle didone italic kannada indian english western european extended-latin european,400 | 400i,,kannada | latin | latin-ext,Tiro Typeworks | John Hudson | Fiona Ross | Kaja Słojewska,1653,1757,No,2022-05-25,2025-05-30,https://fonts.google.com/specimen/Tiro+Kannada
1793,Tiro Tamil,Serif,Serif,,elegant traditional classic refined literary editorial transitional oldstyle didone italic english western european extended-latin european tamil indian,400 | 400i,,latin | latin-ext | tamil,Tiro Typeworks | Fernando Mello | Fiona Ross | Kaja Słojewska,1660,1275,No,2022-05-25,2025-09-08,https://fonts.google.com/specimen/Tiro+Tamil
1794,Tiro Telugu,Serif,Serif,,elegant traditional classic refined literary editorial transitional oldstyle didone italic english western european extended-latin european telugu indian,400 | 400i,,latin | latin-ext | telugu,Tiro Typeworks | John Hudson | Fiona Ross | Kaja Słojewska,1536,1200,No,2022-05-25,2025-05-30,https://fonts.google.com/specimen/Tiro+Telugu
1795,Tirra,Sans Serif,Sans Serif,Handwriting,clean modern minimal professional readable neutral geometric humanist grotesque script cursive hand-drawn artistic informal versatile multi-weight flexible english western european extended-latin european,400 | 500 | 600 | 700 | 800 | 900,,latin | latin-ext | tifinagh,SIL International,2040,2107,No,2025-08-25,2025-08-26,https://fonts.google.com/specimen/Tirra
1796,Titan One,Display,Sans Serif,Display,bold decorative headline attention-grabbing creative expressive geometric humanist grotesque headline hero decorative large-text attention english western european extended-latin european well-known common,400,,latin | latin-ext,Rodrigo Fuenzalida,185,1796,No,2012-01-11,2025-09-02,https://fonts.google.com/specimen/Titan+One
1797,Titillium Web,Sans Serif,Sans Serif,Display,clean modern minimal professional readable neutral geometric humanist grotesque headline hero decorative large-text attention versatile multi-weight flexible italic english western european extended-latin european popular widely-used,200 | 200i | 300 | 300i | 400 | 400i | 600 | 600i | 700 | 700i | 900,,latin | latin-ext,Accademia di Belle Arti di Urbino,52,708,No,2012-10-01,2025-09-10,https://fonts.google.com/specimen/Titillium+Web
1798,Tomorrow,Sans Serif,Sans Serif,Display,clean modern minimal professional readable neutral geometric humanist grotesque headline hero decorative large-text attention versatile multi-weight flexible italic english western european extended-latin european,100 | 100i | 200 | 200i | 300 | 300i | 400 | 400i | 500 | 500i | 600 | 600i | 700 | 700i | 800 | 800i | 900 | 900i,,latin | latin-ext,Tony de Marco | Monica Rizzolli,462,2016,No,2019-10-02,2025-09-11,https://fonts.google.com/specimen/Tomorrow
1799,Tourney,Display,Sans Serif,Display,bold decorative headline attention-grabbing creative expressive geometric humanist grotesque headline hero decorative large-text attention versatile multi-weight flexible italic variable variable-font responsive variable-weight variable-width english western european extended-latin european vietnamese,100 | 100i | 200 | 200i | 300 | 300i | 400 | 400i | 500 | 500i | 600 | 600i | 700 | 700i | 800 | 800i | 900 | 900i,wdth: - | wght: -,latin | latin-ext | vietnamese,Tyler Finck | ETC,1396,1979,No,2021-04-29,2025-09-10,https://fonts.google.com/specimen/Tourney
1800,Trade Winds,Display,,Display,bold decorative headline attention-grabbing creative expressive  headline hero decorative large-text attention english western european,400,,latin,Sideshow,1160,2135,No,2011-12-19,2025-09-11,https://fonts.google.com/specimen/Trade+Winds
1801,Train One,Display,,Display,bold decorative headline attention-grabbing creative expressive  headline hero decorative large-text attention russian cyrillic slavic japanese kanji hiragana katakana english western european extended-latin european,400,,cyrillic | japanese | latin | latin-ext,Fontworks Inc.,1074,2233,No,2020-12-15,2025-09-04,https://fonts.google.com/specimen/Train+One
1802,Triodion,Display,,Display,bold decorative headline attention-grabbing creative expressive  headline hero decorative large-text attention russian cyrillic slavic cyrillic extended english western european,400,,cyrillic | cyrillic-ext | latin,Aleksandr Andreev,1710,805,No,2024-12-05,2025-05-30,https://fonts.google.com/specimen/Triodion
1803,Trirong,Serif,Serif,Display,elegant traditional classic refined literary editorial transitional oldstyle didone headline hero decorative large-text attention versatile multi-weight flexible italic english western european extended-latin european thai southeast-asia vietnamese,100 | 100i | 200 | 200i | 300 | 300i | 400 | 400i | 500 | 500i | 600 | 600i | 700 | 700i | 800 | 800i | 900 | 900i,,latin | latin-ext | thai | vietnamese,Cadson Demak,670,981,No,2016-06-15,2025-09-11,https://fonts.google.com/specimen/Trirong
1804,Trispace,Sans Serif,Sans Serif,,clean modern minimal professional readable neutral geometric humanist grotesque versatile multi-weight flexible variable variable-font responsive variable-weight variable-width english western european extended-latin european vietnamese,100 | 200 | 300 | 400 | 500 | 600 | 700 | 800,wdth: - | wght: -,latin | latin-ext | vietnamese,Tyler Finck | ETC,1315,1310,No,2020-09-25,2025-09-08,https://fonts.google.com/specimen/Trispace
1805,Trocchi,Serif,Serif,Display,elegant traditional classic refined literary editorial transitional oldstyle didone headline hero decorative large-text attention english western european extended-latin european,400,,latin | latin-ext,Vernon Adams,842,1131,No,2012-04-04,2025-09-10,https://fonts.google.com/specimen/Trocchi
1806,Trochut,Display,Sans Serif,Display,bold decorative headline attention-grabbing creative expressive geometric humanist grotesque headline hero decorative large-text attention italic english western european,400 | 400i | 700,,latin,Andreu Balius,1641,2120,No,2012-01-18,2025-09-10,https://fonts.google.com/specimen/Trochut
1807,Truculenta,Sans Serif,Sans Serif,,clean modern minimal professional readable neutral geometric humanist grotesque versatile multi-weight flexible variable variable-font responsive variable-weight variable-width english western european extended-latin european vietnamese,100 | 200 | 300 | 400 | 500 | 600 | 700 | 800 | 900,opsz: - | wdth: - | wght: -,latin | latin-ext | vietnamese,Omnibus-Type,1013,1792,No,2020-12-16,2025-09-16,https://fonts.google.com/specimen/Truculenta
1808,Trykker,Serif,Serif,,elegant traditional classic refined literary editorial transitional oldstyle didone english western european extended-latin european,400,,latin | latin-ext,Magnus Gaarde,1438,1682,No,2011-12-19,2025-09-10,https://fonts.google.com/specimen/Trykker
1809,Tsukimi Rounded,Sans Serif,Sans Serif,Display,clean modern minimal professional readable neutral geometric humanist grotesque headline hero decorative large-text attention japanese kanji hiragana katakana english western european extended-latin european,300 | 400 | 500 | 600 | 700,,japanese | latin | latin-ext,Takashi Funayama,1589,1353,No,2020-12-14,2025-09-10,https://fonts.google.com/specimen/Tsukimi+Rounded
1810,Tuffy,Sans Serif,Sans Serif,Display,clean modern minimal professional readable neutral geometric humanist grotesque headline hero decorative large-text attention italic russian cyrillic slavic cyrillic extended greek greek extended english western european extended-latin european multilingual international,400 | 400i | 700 | 700i,,cyrillic | cyrillic-ext | greek | greek-ext | latin | latin-ext | phoenician,Thatcher Ulrich,1870,241,No,2025-04-17,2025-04-23,https://fonts.google.com/specimen/Tuffy
1811,Tulpen One,Display,Sans Serif,Display,bold decorative headline attention-grabbing creative expressive geometric humanist grotesque headline hero decorative large-text attention english western european,400,,latin,Naima Ben Ayed,1522,1626,No,2011-08-03,2025-06-02,https://fonts.google.com/specimen/Tulpen+One
1812,Turret Road,Display,Sans Serif,Display,bold decorative headline attention-grabbing creative expressive geometric humanist grotesque headline hero decorative large-text attention versatile multi-weight flexible english western european extended-latin european,200 | 300 | 400 | 500 | 700 | 800,,latin | latin-ext,Dale Sattler,806,910,No,2019-09-03,2025-09-16,https://fonts.google.com/specimen/Turret+Road
1813,Twinkle Star,Handwriting,,Display | Handwriting,personal casual friendly warm handwritten script organic  headline hero decorative large-text attention script cursive hand-drawn artistic informal english western european extended-latin european vietnamese,400,,latin | latin-ext | vietnamese,Robert Leuschke,1635,1699,No,2021-11-26,2025-09-11,https://fonts.google.com/specimen/Twinkle+Star
1814,Ubuntu,Sans Serif,Sans Serif,,clean modern minimal professional readable neutral geometric humanist grotesque italic russian cyrillic slavic cyrillic extended greek greek extended english western european extended-latin european multilingual international top-popular trending most-used,300 | 300i | 400 | 400i | 500 | 500i | 700 | 700i,,cyrillic | cyrillic-ext | greek | greek-ext | latin | latin-ext,Dalton Maag,28,1430,No,2010-12-15,2025-09-02,https://fonts.google.com/specimen/Ubuntu
1815,Ubuntu Condensed,Sans Serif,Sans Serif,,clean modern minimal professional readable neutral geometric humanist grotesque russian cyrillic slavic cyrillic extended greek greek extended english western european extended-latin european multilingual international,400,,cyrillic | cyrillic-ext | greek | greek-ext | latin | latin-ext,Dalton Maag,309,1719,No,2011-10-05,2025-09-02,https://fonts.google.com/specimen/Ubuntu+Condensed
1816,Ubuntu Mono,Monospace,Sans Serif,Monospace,code developer technical fixed-width terminal programming geometric humanist grotesque mono fixed-width tabular data code italic russian cyrillic slavic cyrillic extended greek greek extended english western european extended-latin european multilingual international,400 | 400i | 700 | 700i,,cyrillic | cyrillic-ext | greek | greek-ext | latin | latin-ext,Dalton Maag,414,595,No,2011-10-05,2025-09-02,https://fonts.google.com/specimen/Ubuntu+Mono
1817,Ubuntu Sans,Sans Serif,Sans Serif,,clean modern minimal professional readable neutral geometric humanist grotesque versatile multi-weight flexible italic variable variable-font responsive variable-weight variable-width russian cyrillic slavic cyrillic extended greek greek extended english western european extended-latin european multilingual international,100 | 100i | 200 | 200i | 300 | 300i | 400 | 400i | 500 | 500i | 600 | 600i | 700 | 700i | 800 | 800i,wdth: - | wght: -,cyrillic | cyrillic-ext | greek | greek-ext | latin | latin-ext,Dalton Maag,600,94,No,2024-05-01,2025-09-02,https://fonts.google.com/specimen/Ubuntu+Sans
1818,Ubuntu Sans Mono,Monospace,,Monospace,code developer technical fixed-width terminal programming  mono fixed-width tabular data code italic variable variable-font responsive variable-weight russian cyrillic slavic cyrillic extended greek greek extended english western european extended-latin european multilingual international,400 | 400i | 500 | 500i | 600 | 600i | 700 | 700i,wght: -,cyrillic | cyrillic-ext | greek | greek-ext | latin | latin-ext,Dalton Maag,1668,803,No,2024-05-01,2025-09-02,https://fonts.google.com/specimen/Ubuntu+Sans+Mono
1819,Uchen,Serif,Serif,Display,elegant traditional classic refined literary editorial transitional oldstyle didone headline hero decorative large-text attention english western european tibetan,400,,latin | tibetan,Christopher J. Fynn,1583,1567,No,2019-12-07,2025-09-16,https://fonts.google.com/specimen/Uchen
1820,Ultra,Serif,Serif,Display,elegant traditional classic refined literary editorial transitional oldstyle didone headline hero decorative large-text attention english western european extended-latin european,400,,latin | latin-ext,Astigmatic,469,1990,No,2011-05-09,2025-06-02,https://fonts.google.com/specimen/Ultra
1821,Unbounded,Sans Serif,Sans Serif,,clean modern minimal professional readable neutral geometric humanist grotesque versatile multi-weight flexible variable variable-font responsive variable-weight russian cyrillic slavic cyrillic extended english western european extended-latin european vietnamese well-known common,200 | 300 | 400 | 500 | 600 | 700 | 800 | 900,wght: -,cyrillic | cyrillic-ext | latin | latin-ext | vietnamese,NaN,183,773,No,2022-11-07,2025-09-11,https://fonts.google.com/specimen/Unbounded
1822,Uncial Antiqua,Display,,Display,bold decorative headline attention-grabbing creative expressive  headline hero decorative large-text attention english western european extended-latin european,400,,latin | latin-ext,Astigmatic,823,2111,No,2011-12-19,2025-09-16,https://fonts.google.com/specimen/Uncial+Antiqua
1823,Underdog,Display,,Display,bold decorative headline attention-grabbing creative expressive  headline hero decorative large-text attention russian cyrillic slavic english western european extended-latin european,400,,cyrillic | latin | latin-ext,Sergey Steblina | Jovanny Lemonad,1245,1340,No,2012-09-23,2025-09-10,https://fonts.google.com/specimen/Underdog
1824,Unica One,Display,Sans Serif,Display,bold decorative headline attention-grabbing creative expressive geometric humanist grotesque headline hero decorative large-text attention english western european extended-latin european vietnamese,400,,latin | latin-ext | vietnamese,Eduardo Tunni,456,1726,No,2012-10-26,2025-09-08,https://fonts.google.com/specimen/Unica+One
1825,UnifrakturCook,Display,,Handwriting | Display,bold decorative headline attention-grabbing creative expressive  script cursive hand-drawn artistic informal headline hero decorative large-text attention english western european,700,,latin,j. 'mach' wust,1004,325,No,2010-12-07,2025-09-04,https://fonts.google.com/specimen/UnifrakturCook
1826,UnifrakturMaguntia,Display,,Handwriting | Display,bold decorative headline attention-grabbing creative expressive  script cursive hand-drawn artistic informal headline hero decorative large-text attention english western european,400,,latin,j. 'mach' wust,637,1612,No,2010-11-30,2025-09-02,https://fonts.google.com/specimen/UnifrakturMaguntia
1827,Unkempt,Display,,Display | Handwriting,bold decorative headline attention-grabbing creative expressive  headline hero decorative large-text attention script cursive hand-drawn artistic informal english western european,400 | 700,,latin,Sideshow,864,209,No,2011-12-05,2025-06-02,https://fonts.google.com/specimen/Unkempt
1828,Unlock,Display,Serif,Display,bold decorative headline attention-grabbing creative expressive transitional oldstyle didone headline hero decorative large-text attention english western european extended-latin european,400,,latin | latin-ext,Eduardo Tunni,1268,607,No,2011-11-30,2025-09-08,https://fonts.google.com/specimen/Unlock
1829,Unna,Serif,Serif,Display,elegant traditional classic refined literary editorial transitional oldstyle didone headline hero decorative large-text attention italic english western european extended-latin european well-known common,400 | 400i | 700 | 700i,,latin | latin-ext,Omnibus-Type,217,1981,No,2011-07-20,2025-09-11,https://fonts.google.com/specimen/Unna
1830,UoqMunThenKhung,Serif,Serif,,elegant traditional classic refined literary editorial transitional oldstyle didone chinese traditional russian cyrillic slavic english western european,400,,chinese-traditional | cyrillic | latin | symbols2,Moonlit Owen,1877,372,No,2025-06-23,2025-06-25,https://fonts.google.com/specimen/UoqMunThenKhung
1831,Updock,Handwriting,,Handwriting | Display,personal casual friendly warm handwritten script organic  script cursive hand-drawn artistic informal headline hero decorative large-text attention english western european extended-latin european vietnamese,400,,latin | latin-ext | vietnamese,Robert Leuschke,1544,1422,No,2022-03-23,2025-09-02,https://fonts.google.com/specimen/Updock
1832,Urbanist,Sans Serif,Sans Serif,Display,clean modern minimal professional readable neutral geometric humanist grotesque headline hero decorative large-text attention versatile multi-weight flexible italic variable variable-font responsive variable-weight english western european extended-latin european popular widely-used,100 | 100i | 200 | 200i | 300 | 300i | 400 | 400i | 500 | 500i | 600 | 600i | 700 | 700i | 800 | 800i | 900 | 900i,wght: -,latin | latin-ext,Corey Hu,121,1615,No,2021-06-02,2025-09-16,https://fonts.google.com/specimen/Urbanist
1833,VT323,Monospace,,Monospace,code developer technical fixed-width terminal programming  mono fixed-width tabular data code english western european extended-latin european vietnamese,400,,latin | latin-ext | vietnamese,Peter Hull,375,1737,No,2011-03-02,2025-09-16,https://fonts.google.com/specimen/VT323
1834,Vampiro One,Display,,Display,bold decorative headline attention-grabbing creative expressive  headline hero decorative large-text attention english western european extended-latin european,400,,latin | latin-ext,Riccardo De Franceschi,1156,1551,No,2012-11-26,2025-09-04,https://fonts.google.com/specimen/Vampiro+One
1835,Varela,Sans Serif,Sans Serif,,clean modern minimal professional readable neutral geometric humanist grotesque english western european extended-latin european,400,,latin | latin-ext,Joe Prince,451,1602,No,2011-06-29,2025-09-10,https://fonts.google.com/specimen/Varela
1836,Varela Round,Sans Serif,Sans Serif,,clean modern minimal professional readable neutral geometric humanist grotesque hebrew RTL israeli english western european extended-latin european vietnamese well-known common,400,,hebrew | latin | latin-ext | vietnamese,Joe Prince,156,1249,No,2011-07-13,2025-09-11,https://fonts.google.com/specimen/Varela+Round
1837,Varta,Sans Serif,Sans Serif,,clean modern minimal professional readable neutral geometric humanist grotesque variable variable-font responsive variable-weight english western european extended-latin european vietnamese,300 | 400 | 500 | 600 | 700,wght: -,latin | latin-ext | vietnamese,Joana Correia | Viktoriya Grabowska | Eben Sorkin,1119,304,No,2020-06-11,2025-09-10,https://fonts.google.com/specimen/Varta
1838,Vast Shadow,Serif,Slab Serif,Display,elegant traditional classic refined literary editorial slab mechanical sturdy strong headline hero decorative large-text attention english western european,400,,latin,Nicole Fally,924,1597,No,2011-10-12,2025-09-10,https://fonts.google.com/specimen/Vast+Shadow
1839,Vazirmatn,Sans Serif,Sans Serif,,clean modern minimal professional readable neutral geometric humanist grotesque versatile multi-weight flexible variable variable-font responsive variable-weight arabic RTL middle-east english western european extended-latin european,100 | 200 | 300 | 400 | 500 | 600 | 700 | 800 | 900,wght: -,arabic | latin | latin-ext,Saber Rastikerdar,591,2290,No,2022-03-16,2025-09-10,https://fonts.google.com/specimen/Vazirmatn
1840,Vend Sans,Sans Serif,Sans Serif,,clean modern minimal professional readable neutral geometric humanist grotesque italic variable variable-font responsive variable-weight english western european extended-latin european,300 | 300i | 400 | 400i | 500 | 500i | 600 | 600i | 700 | 700i,wght: -,latin | latin-ext,Bloom Type Foundry | Baptiste Guesnon,1296,1511,No,2025-08-25,2025-08-26,https://fonts.google.com/specimen/Vend+Sans
1841,Vesper Libre,Serif,Serif,,elegant traditional classic refined literary editorial transitional oldstyle didone hindi devanagari indian english western european extended-latin european,400 | 500 | 700 | 900,,devanagari | latin | latin-ext,Mota Italic,834,454,No,2014-07-14,2025-09-04,https://fonts.google.com/specimen/Vesper+Libre
1842,Viaoda Libre,Display,Serif,Display,bold decorative headline attention-grabbing creative expressive transitional oldstyle didone headline hero decorative large-text attention russian cyrillic slavic cyrillic extended english western european extended-latin european vietnamese,400,,cyrillic | cyrillic-ext | latin | latin-ext | vietnamese,Gydient | ViệtAnh Nguyễn,938,1387,No,2019-11-05,2025-09-08,https://fonts.google.com/specimen/Viaoda+Libre
1843,Vibes,Display,,Display,bold decorative headline attention-grabbing creative expressive  headline hero decorative large-text attention arabic RTL middle-east english western european,400,,arabic | latin,AbdElmomen Kadhim (blueMix),1645,900,No,2019-04-23,2025-09-10,https://fonts.google.com/specimen/Vibes
1844,Vibur,Handwriting,,Handwriting,personal casual friendly warm handwritten script organic  script cursive hand-drawn artistic informal english western european,400,,latin,Johan Kallas,900,570,No,2010-12-15,2025-09-10,https://fonts.google.com/specimen/Vibur
1845,Victor Mono,Monospace,Sans Serif,Monospace,code developer technical fixed-width terminal programming geometric humanist grotesque mono fixed-width tabular data code versatile multi-weight flexible italic variable variable-font responsive variable-weight russian cyrillic slavic cyrillic extended greek english western european extended-latin european vietnamese multilingual international,100 | 100i | 200 | 200i | 300 | 300i | 400 | 400i | 500 | 500i | 600 | 600i | 700 | 700i,wght: -,cyrillic | cyrillic-ext | greek | latin | latin-ext | vietnamese,Rune Bjørnerås,1299,554,No,2023-06-20,2025-09-04,https://fonts.google.com/specimen/Victor+Mono
1846,Vidaloka,Serif,Serif,,elegant traditional classic refined literary editorial transitional oldstyle didone english western european,400,,latin,Cyreal,443,1444,No,2011-08-17,2025-09-16,https://fonts.google.com/specimen/Vidaloka
1847,Viga,Sans Serif,Sans Serif,,clean modern minimal professional readable neutral geometric humanist grotesque english western european extended-latin european well-known common,400,,latin | latin-ext,Fontstage,276,767,No,2011-12-07,2025-09-16,https://fonts.google.com/specimen/Viga
1848,Vina Sans,Display,Sans Serif,Display,bold decorative headline attention-grabbing creative expressive geometric humanist grotesque headline hero decorative large-text attention english western european extended-latin european vietnamese,400,,latin | latin-ext | vietnamese,Nguyen Type,669,384,No,2023-03-15,2025-09-04,https://fonts.google.com/specimen/Vina+Sans
1849,Voces,Sans Serif,Sans Serif,,clean modern minimal professional readable neutral geometric humanist grotesque english western european extended-latin european,400,,latin | latin-ext,Ana Paula Megda | Pablo Ugerman,951,261,No,2012-02-22,2025-09-16,https://fonts.google.com/specimen/Voces
1850,Volkhov,Serif,Serif,,elegant traditional classic refined literary editorial transitional oldstyle didone italic english western european,400 | 400i | 700 | 700i,,latin,Cyreal,431,1289,No,2011-08-17,2025-09-10,https://fonts.google.com/specimen/Volkhov
1851,Vollkorn,Serif,Serif,,elegant traditional classic refined literary editorial transitional oldstyle didone versatile multi-weight flexible italic variable variable-font responsive variable-weight russian cyrillic slavic cyrillic extended greek english western european extended-latin european vietnamese multilingual international well-known common,400 | 400i | 500 | 500i | 600 | 600i | 700 | 700i | 800 | 800i | 900 | 900i,wght: -,cyrillic | cyrillic-ext | greek | latin | latin-ext | vietnamese,Friedrich Althausen,197,1621,No,2010-09-08,2025-09-11,https://fonts.google.com/specimen/Vollkorn
1852,Vollkorn SC,Serif,Serif,,elegant traditional classic refined literary editorial transitional oldstyle didone russian cyrillic slavic cyrillic extended english western european extended-latin european vietnamese,400 | 600 | 700 | 900,,cyrillic | cyrillic-ext | latin | latin-ext | vietnamese,Friedrich Althausen,1009,937,No,2017-09-08,2025-09-11,https://fonts.google.com/specimen/Vollkorn+SC
1853,Voltaire,Sans Serif,Sans Serif,Display,clean modern minimal professional readable neutral geometric humanist grotesque headline hero decorative large-text attention english western european extended-latin european vietnamese,400,,latin | latin-ext | vietnamese,Yvonne Schüttler,872,611,No,2011-08-17,2025-09-10,https://fonts.google.com/specimen/Voltaire
1854,Vujahday Script,Handwriting,,Handwriting | Display,personal casual friendly warm handwritten script organic  script cursive hand-drawn artistic informal headline hero decorative large-text attention english western european extended-latin european vietnamese,400,,latin | latin-ext | vietnamese,Robert Leuschke,878,1619,No,2021-11-18,2025-09-04,https://fonts.google.com/specimen/Vujahday+Script
1855,WDXL Lubrifont JP N,Sans Serif,Sans Serif,,clean modern minimal professional readable neutral geometric humanist grotesque russian cyrillic slavic japanese kanji hiragana katakana english western european extended-latin european,400,,cyrillic | japanese | latin | latin-ext | symbols2,NightFurySL2001,1656,2077,No,2025-06-11,2026-01-06,https://fonts.google.com/specimen/WDXL+Lubrifont+JP+N
1856,WDXL Lubrifont SC,Sans Serif,Sans Serif,,clean modern minimal professional readable neutral geometric humanist grotesque chinese simplified mandarin russian cyrillic slavic english western european extended-latin european,400,,chinese-simplified | cyrillic | latin | latin-ext | symbols2,NightFurySL2001,1661,380,No,2025-06-11,2026-01-06,https://fonts.google.com/specimen/WDXL+Lubrifont+SC
1857,WDXL Lubrifont TC,Sans Serif,Sans Serif,,clean modern minimal professional readable neutral geometric humanist grotesque chinese traditional russian cyrillic slavic english western european extended-latin european,400,,chinese-traditional | cyrillic | latin | latin-ext | symbols2,NightFurySL2001,1724,2276,No,2025-05-20,2026-01-06,https://fonts.google.com/specimen/WDXL+Lubrifont+TC
1858,Waiting for the Sunrise,Handwriting,,Display | Handwriting,personal casual friendly warm handwritten script organic  headline hero decorative large-text attention script cursive hand-drawn artistic informal english western european extended-latin european,400,,latin | latin-ext,Kimberly Geswein,758,2082,No,2011-04-14,2025-09-16,https://fonts.google.com/specimen/Waiting+for+the+Sunrise
1859,Wallpoet,Display,Sans Serif,Display,bold decorative headline attention-grabbing creative expressive geometric humanist grotesque headline hero decorative large-text attention english western european,400,,latin,Lars Berggren,671,366,No,2011-04-27,2025-06-02,https://fonts.google.com/specimen/Wallpoet
1860,Walter Turncoat,Handwriting,,Display | Handwriting,personal casual friendly warm handwritten script organic  headline hero decorative large-text attention script cursive hand-drawn artistic informal english western european,400,,latin,Sideshow,901,1948,No,2011-01-06,2025-06-02,https://fonts.google.com/specimen/Walter+Turncoat
1861,Warnes,Display,,Handwriting | Display,bold decorative headline attention-grabbing creative expressive  script cursive hand-drawn artistic informal headline hero decorative large-text attention english western european extended-latin european,400,,latin | latin-ext,Eduardo Tunni,1832,1862,No,2012-09-07,2025-09-08,https://fonts.google.com/specimen/Warnes
1862,Water Brush,Handwriting,,Display | Handwriting,personal casual friendly warm handwritten script organic  headline hero decorative large-text attention script cursive hand-drawn artistic informal english western european extended-latin european vietnamese,400,,latin | latin-ext | vietnamese,Robert Leuschke,1412,889,No,2022-04-07,2025-09-11,https://fonts.google.com/specimen/Water+Brush
1863,Waterfall,Handwriting,,Handwriting | Display,personal casual friendly warm handwritten script organic  script cursive hand-drawn artistic informal headline hero decorative large-text attention english western european extended-latin european vietnamese,400,,latin | latin-ext | vietnamese,Robert Leuschke,1050,2230,No,2021-11-18,2025-09-04,https://fonts.google.com/specimen/Waterfall
1864,Wavefont,Display,,Symbols | Display,bold decorative headline attention-grabbing creative expressive  icon symbol emoji pictograph headline hero decorative large-text attention versatile multi-weight flexible variable variable-font responsive variable-weight,100 | 1000 | 200 | 300 | 400 | 500 | 600 | 700 | 800 | 900,ROND: - | YELA: - | wght: -,,Dmitry Ivanov,1933,2113,No,2023-06-15,2025-09-17,https://fonts.google.com/specimen/Wavefont
1865,Wellfleet,Serif,Slab Serif,,elegant traditional classic refined literary editorial slab mechanical sturdy strong english western european extended-latin european,400,,latin | latin-ext,Riccardo De Franceschi,1529,1965,No,2012-01-11,2025-09-10,https://fonts.google.com/specimen/Wellfleet
1866,Wendy One,Sans Serif,Sans Serif,Display,clean modern minimal professional readable neutral geometric humanist grotesque headline hero decorative large-text attention english western european extended-latin european,400,,latin | latin-ext,Alejandro Inler,1040,1545,No,2012-12-13,2025-09-04,https://fonts.google.com/specimen/Wendy+One
1867,Whisper,Handwriting,,Display | Handwriting,personal casual friendly warm handwritten script organic  headline hero decorative large-text attention script cursive hand-drawn artistic informal english western european extended-latin european vietnamese,400,,latin | latin-ext | vietnamese,Robert Leuschke,479,2190,No,2022-03-23,2025-09-10,https://fonts.google.com/specimen/Whisper
1868,WindSong,Handwriting,,Display | Handwriting,personal casual friendly warm handwritten script organic  headline hero decorative large-text attention script cursive hand-drawn artistic informal english western european extended-latin european vietnamese,400 | 500,,latin | latin-ext | vietnamese,Robert Leuschke,873,680,No,2021-05-28,2025-09-16,https://fonts.google.com/specimen/WindSong
1869,Winky Rough,Sans Serif,Sans Serif,Display,clean modern minimal professional readable neutral geometric humanist grotesque headline hero decorative large-text attention versatile multi-weight flexible italic variable variable-font responsive variable-weight english western european extended-latin european,300 | 300i | 400 | 400i | 500 | 500i | 600 | 600i | 700 | 700i | 800 | 800i | 900 | 900i,wght: -,latin | latin-ext,Typofactur,1731,1985,No,2025-04-07,2025-09-16,https://fonts.google.com/specimen/Winky+Rough
1870,Winky Sans,Sans Serif,Sans Serif,Display,clean modern minimal professional readable neutral geometric humanist grotesque headline hero decorative large-text attention versatile multi-weight flexible italic variable variable-font responsive variable-weight english western european extended-latin european,300 | 300i | 400 | 400i | 500 | 500i | 600 | 600i | 700 | 700i | 800 | 800i | 900 | 900i,wght: -,latin | latin-ext,Typofactur,1391,2250,No,2025-03-13,2025-09-02,https://fonts.google.com/specimen/Winky+Sans
1871,Wire One,Sans Serif,Sans Serif,Display,clean modern minimal professional readable neutral geometric humanist grotesque headline hero decorative large-text attention english western european,400,,latin,Cyreal,1048,1365,No,2011-05-18,2025-09-16,https://fonts.google.com/specimen/Wire+One
1872,Wittgenstein,Serif,Serif,,elegant traditional classic refined literary editorial transitional oldstyle didone versatile multi-weight flexible italic variable variable-font responsive variable-weight english western european extended-latin european,400 | 400i | 500 | 500i | 600 | 600i | 700 | 700i | 800 | 800i | 900 | 900i,wght: -,latin | latin-ext,Jörg Drees,1465,197,No,2024-06-04,2025-09-08,https://fonts.google.com/specimen/Wittgenstein
1873,Wix Madefor Display,Sans Serif,Sans Serif,Display,clean modern minimal professional readable neutral geometric humanist grotesque headline hero decorative large-text attention variable variable-font responsive variable-weight russian cyrillic slavic cyrillic extended english western european extended-latin european vietnamese,400 | 500 | 600 | 700 | 800,wght: -,cyrillic | cyrillic-ext | latin | latin-ext | vietnamese,Dalton Maag,496,1980,No,2023-02-05,2025-09-10,https://fonts.google.com/specimen/Wix+Madefor+Display
1874,Wix Madefor Text,Sans Serif,Sans Serif,,clean modern minimal professional readable neutral geometric humanist grotesque italic variable variable-font responsive variable-weight russian cyrillic slavic cyrillic extended english western european extended-latin european vietnamese,400 | 400i | 500 | 500i | 600 | 600i | 700 | 700i | 800 | 800i,wght: -,cyrillic | cyrillic-ext | latin | latin-ext | vietnamese,Dalton Maag,495,1680,No,2023-01-10,2025-09-10,https://fonts.google.com/specimen/Wix+Madefor+Text
1875,Work Sans,Sans Serif,Sans Serif,,clean modern minimal professional readable neutral geometric humanist grotesque versatile multi-weight flexible italic variable variable-font responsive variable-weight english western european extended-latin european vietnamese top-popular trending most-used,100 | 100i | 200 | 200i | 300 | 300i | 400 | 400i | 500 | 500i | 600 | 600i | 700 | 700i | 800 | 800i | 900 | 900i,wght: -,latin | latin-ext | vietnamese,Wei Huang,34,1204,No,2015-07-08,2025-09-11,https://fonts.google.com/specimen/Work+Sans
1876,Workbench,Monospace,Sans Serif,Display,code developer technical fixed-width terminal programming geometric humanist grotesque headline hero decorative large-text attention variable variable-font responsive english western european,400,BLED: - | SCAN: -,latin | math | symbols,Jens Kutílek,1682,1415,No,2024-01-23,2025-09-11,https://fonts.google.com/specimen/Workbench
1877,Xanh Mono,Monospace,,Monospace,code developer technical fixed-width terminal programming  mono fixed-width tabular data code italic english western european extended-latin european vietnamese,400 | 400i,,latin | latin-ext | vietnamese,Yellow Type | Lâm Bảo | Duy Dao,978,487,No,2020-08-10,2025-09-08,https://fonts.google.com/specimen/Xanh+Mono
1878,Yaldevi,Sans Serif,Sans Serif,,clean modern minimal professional readable neutral geometric humanist grotesque versatile multi-weight flexible variable variable-font responsive variable-weight english western european extended-latin european sinhala sri-lankan,200 | 300 | 400 | 500 | 600 | 700,wght: -,latin | latin-ext | sinhala,Mooniak,1434,2144,No,2021-06-28,2025-09-10,https://fonts.google.com/specimen/Yaldevi
1879,Yanone Kaffeesatz,Sans Serif,Sans Serif,Display,clean modern minimal professional readable neutral geometric humanist grotesque headline hero decorative large-text attention versatile multi-weight flexible variable variable-font responsive variable-weight russian cyrillic slavic cyrillic extended english western european extended-latin european vietnamese multilingual international well-known common,200 | 300 | 400 | 500 | 600 | 700,wght: -,cyrillic | cyrillic-ext | latin | latin-ext | math | symbols | vietnamese,Yanone | Cyreal,225,1268,No,2010-05-11,2025-09-16,https://fonts.google.com/specimen/Yanone+Kaffeesatz
1880,Yantramanav,Sans Serif,Sans Serif,Display,clean modern minimal professional readable neutral geometric humanist grotesque headline hero decorative large-text attention versatile multi-weight flexible hindi devanagari indian english western european extended-latin european,100 | 300 | 400 | 500 | 700 | 900,,devanagari | latin | latin-ext,Erin McLaughlin,307,1322,No,2015-06-03,2025-09-16,https://fonts.google.com/specimen/Yantramanav
1881,Yarndings 12,Display,,Symbols | Display,bold decorative headline attention-grabbing creative expressive  icon symbol emoji pictograph headline hero decorative large-text attention english western european,400,,latin | math | symbols,Sarah Cadigan-Fried,2030,592,No,2024-03-20,2025-09-17,https://fonts.google.com/specimen/Yarndings+12
1882,Yarndings 12 Charted,Display,,Symbols | Display,bold decorative headline attention-grabbing creative expressive  icon symbol emoji pictograph headline hero decorative large-text attention english western european,400,,latin | math | symbols,Sarah Cadigan-Fried,2038,443,No,2024-03-20,2025-09-17,https://fonts.google.com/specimen/Yarndings+12+Charted
1883,Yarndings 20,Display,,Symbols | Display,bold decorative headline attention-grabbing creative expressive  icon symbol emoji pictograph headline hero decorative large-text attention english western european,400,,latin | math | symbols,Sarah Cadigan-Fried,2018,942,No,2024-03-20,2025-09-17,https://fonts.google.com/specimen/Yarndings+20
1884,Yarndings 20 Charted,Display,,Symbols | Display,bold decorative headline attention-grabbing creative expressive  icon symbol emoji pictograph headline hero decorative large-text attention english western european,400,,latin | math | symbols,Sarah Cadigan-Fried,2041,410,No,2024-03-20,2025-09-17,https://fonts.google.com/specimen/Yarndings+20+Charted
1885,Yatra One,Display,,Display,bold decorative headline attention-grabbing creative expressive  headline hero decorative large-text attention hindi devanagari indian english western european extended-latin european,400,,devanagari | latin | latin-ext,Catherine Leigh Schmidt,602,2095,No,2016-06-15,2025-09-04,https://fonts.google.com/specimen/Yatra+One
1886,Yellowtail,Handwriting,,Handwriting | Display,personal casual friendly warm handwritten script organic  script cursive hand-drawn artistic informal headline hero decorative large-text attention english western european extended-latin european well-known common,400,,latin | latin-ext,Astigmatic,247,1845,No,2011-07-20,2025-09-08,https://fonts.google.com/specimen/Yellowtail
1887,Yeon Sung,Display,,Display,bold decorative headline attention-grabbing creative expressive  headline hero decorative large-text attention korean hangul english western european,400,,korean | latin,Woowahan brothers,1254,278,No,2018-02-23,2025-09-04,https://fonts.google.com/specimen/Yeon+Sung
1888,Yeseva One,Display,Serif,Display,bold decorative headline attention-grabbing creative expressive transitional oldstyle didone headline hero decorative large-text attention russian cyrillic slavic cyrillic extended english western european extended-latin european vietnamese,400,,cyrillic | cyrillic-ext | latin | latin-ext | vietnamese,Jovanny Lemonad,401,1117,No,2011-07-13,2025-09-16,https://fonts.google.com/specimen/Yeseva+One
1889,Yesteryear,Handwriting,,Display | Handwriting,personal casual friendly warm handwritten script organic  headline hero decorative large-text attention script cursive hand-drawn artistic informal english western european extended-latin european,400,,latin | latin-ext,Astigmatic,711,1216,No,2011-12-19,2025-09-11,https://fonts.google.com/specimen/Yesteryear
1890,Yomogi,Handwriting,,Handwriting,personal casual friendly warm handwritten script organic  script cursive hand-drawn artistic informal russian cyrillic slavic japanese kanji hiragana katakana english western european extended-latin european vietnamese,400,,cyrillic | japanese | latin | latin-ext | vietnamese,Satsuyako,1206,1706,No,2021-04-14,2025-09-16,https://fonts.google.com/specimen/Yomogi
1891,Young Serif,Serif,Serif,,elegant traditional classic refined literary editorial transitional oldstyle didone english western european extended-latin european,400,,latin | latin-ext,Bastien Sozeau,608,2311,No,2023-09-26,2025-05-30,https://fonts.google.com/specimen/Young+Serif
1892,Yrsa,Serif,Serif,,elegant traditional classic refined literary editorial transitional oldstyle didone italic variable variable-font responsive variable-weight english western european extended-latin european vietnamese,300 | 300i | 400 | 400i | 500 | 500i | 600 | 600i | 700 | 700i,wght: -,latin | latin-ext | vietnamese,Rosetta | Anna Giedryś | David Březina,494,1920,No,2016-06-15,2025-09-16,https://fonts.google.com/specimen/Yrsa
1893,Ysabeau,Sans Serif,Sans Serif,,clean modern minimal professional readable neutral geometric humanist grotesque versatile multi-weight flexible italic variable variable-font responsive variable-weight russian cyrillic slavic cyrillic extended greek english western european extended-latin european vietnamese multilingual international,1 | 100 | 1000 | 1000i | 100i | 1i | 200 | 200i | 300 | 300i | 400 | 400i | 500 | 500i | 600 | 600i | 700 | 700i | 800 | 800i | 900 | 900i,wght: -,cyrillic | cyrillic-ext | greek | latin | latin-ext | math | symbols | vietnamese,Christian Thalmann,1403,1940,No,2023-04-19,2025-09-11,https://fonts.google.com/specimen/Ysabeau
1894,Ysabeau Infant,Sans Serif,Sans Serif,,clean modern minimal professional readable neutral geometric humanist grotesque versatile multi-weight flexible italic variable variable-font responsive variable-weight russian cyrillic slavic cyrillic extended greek english western european extended-latin european vietnamese multilingual international,1 | 100 | 1000 | 1000i | 100i | 1i | 200 | 200i | 300 | 300i | 400 | 400i | 500 | 500i | 600 | 600i | 700 | 700i | 800 | 800i | 900 | 900i,wght: -,cyrillic | cyrillic-ext | greek | latin | latin-ext | math | symbols | vietnamese,Christian Thalmann,1377,438,No,2023-06-21,2025-09-16,https://fonts.google.com/specimen/Ysabeau+Infant
1895,Ysabeau Office,Sans Serif,Sans Serif,,clean modern minimal professional readable neutral geometric humanist grotesque versatile multi-weight flexible italic variable variable-font responsive variable-weight russian cyrillic slavic cyrillic extended greek english western european extended-latin european vietnamese multilingual international,1 | 100 | 1000 | 1000i | 100i | 1i | 200 | 200i | 300 | 300i | 400 | 400i | 500 | 500i | 600 | 600i | 700 | 700i | 800 | 800i | 900 | 900i,wght: -,cyrillic | cyrillic-ext | greek | latin | latin-ext | math | symbols | vietnamese,Christian Thalmann,767,831,No,2023-06-21,2025-09-10,https://fonts.google.com/specimen/Ysabeau+Office
1896,Ysabeau SC,Sans Serif,Sans Serif,,clean modern minimal professional readable neutral geometric humanist grotesque versatile multi-weight flexible variable variable-font responsive variable-weight russian cyrillic slavic cyrillic extended greek english western european extended-latin european vietnamese multilingual international,1 | 100 | 1000 | 200 | 300 | 400 | 500 | 600 | 700 | 800 | 900,wght: -,cyrillic | cyrillic-ext | greek | latin | latin-ext | math | symbols | vietnamese,Christian Thalmann,1152,864,No,2023-06-21,2025-09-16,https://fonts.google.com/specimen/Ysabeau+SC
1897,Yuji Boku,Serif,Serif,,elegant traditional classic refined literary editorial transitional oldstyle didone russian cyrillic slavic japanese kanji hiragana katakana english western european extended-latin european,400,,cyrillic | japanese | latin | latin-ext,Kinuta Font Factory,1365,407,No,2021-09-26,2025-09-04,https://fonts.google.com/specimen/Yuji+Boku
1898,Yuji Hentaigana Akari,Handwriting,,Handwriting,personal casual friendly warm handwritten script organic  script cursive hand-drawn artistic informal japanese kanji hiragana katakana english western european extended-latin european,400,,japanese | latin | latin-ext,Kinuta Font Factory,1842,168,No,2021-06-10,2025-09-11,https://fonts.google.com/specimen/Yuji+Hentaigana+Akari
1899,Yuji Hentaigana Akebono,Handwriting,,Handwriting,personal casual friendly warm handwritten script organic  script cursive hand-drawn artistic informal japanese kanji hiragana katakana english western european extended-latin european,400,,japanese | latin | latin-ext,Kinuta Font Factory,2007,1698,No,2021-06-10,2025-09-16,https://fonts.google.com/specimen/Yuji+Hentaigana+Akebono
1900,Yuji Mai,Serif,Serif,,elegant traditional classic refined literary editorial transitional oldstyle didone russian cyrillic slavic japanese kanji hiragana katakana english western european extended-latin european,400,,cyrillic | japanese | latin | latin-ext,Kinuta Font Factory,614,2138,No,2021-09-26,2025-09-16,https://fonts.google.com/specimen/Yuji+Mai
1901,Yuji Syuku,Serif,Serif,,elegant traditional classic refined literary editorial transitional oldstyle didone russian cyrillic slavic japanese kanji hiragana katakana english western european extended-latin european,400,,cyrillic | japanese | latin | latin-ext,Kinuta Font Factory,1035,1554,No,2021-09-26,2025-09-16,https://fonts.google.com/specimen/Yuji+Syuku
1902,Yusei Magic,Sans Serif,Sans Serif,,clean modern minimal professional readable neutral geometric humanist grotesque japanese kanji hiragana katakana english western european extended-latin european,400,,japanese | latin | latin-ext,Tanukizamurai,774,1657,No,2020-12-14,2025-09-08,https://fonts.google.com/specimen/Yusei+Magic
1903,ZCOOL KuaiLe,Sans Serif,Sans Serif,,clean modern minimal professional readable neutral geometric humanist grotesque chinese simplified mandarin english western european,400,,chinese-simplified | latin,Liu Bingke | Yang Kang | Wu Shaojie,561,329,No,2018-12-10,2026-02-17,https://fonts.google.com/specimen/ZCOOL+KuaiLe
1904,ZCOOL QingKe HuangYou,Sans Serif,Sans Serif,,clean modern minimal professional readable neutral geometric humanist grotesque chinese simplified mandarin english western european,400,,chinese-simplified | latin,Zheng Qingke,977,326,No,2018-12-10,2025-09-10,https://fonts.google.com/specimen/ZCOOL+QingKe+HuangYou
1905,ZCOOL XiaoWei,Sans Serif,Sans Serif,,clean modern minimal professional readable neutral geometric humanist grotesque chinese simplified mandarin english western european,400,,chinese-simplified | latin,Li Dawei,751,305,No,2018-12-10,2025-09-04,https://fonts.google.com/specimen/ZCOOL+XiaoWei
1906,Zain,Sans Serif,Sans Serif,,clean modern minimal professional readable neutral geometric humanist grotesque versatile multi-weight flexible italic arabic RTL middle-east english western european,200 | 300 | 300i | 400 | 400i | 700 | 800 | 900,,arabic | latin,Boutros Fonts,903,1393,No,2024-07-17,2025-10-29,https://fonts.google.com/specimen/Zain
1907,Zalando Sans,Sans Serif,Sans Serif,,clean modern minimal professional readable neutral geometric humanist grotesque versatile multi-weight flexible italic variable variable-font responsive variable-weight variable-width english western european extended-latin european,200 | 200i | 300 | 300i | 400 | 400i | 500 | 500i | 600 | 600i | 700 | 700i | 800 | 800i | 900 | 900i,wdth: - | wght: -,latin | latin-ext,Jakob Ekelund | KH Type | Zalando,950,1361,No,2025-09-11,2025-09-16,https://fonts.google.com/specimen/Zalando+Sans
1908,Zalando Sans Expanded,Sans Serif,Sans Serif,,clean modern minimal professional readable neutral geometric humanist grotesque versatile multi-weight flexible italic variable variable-font responsive variable-weight english western european extended-latin european,200 | 200i | 300 | 300i | 400 | 400i | 500 | 500i | 600 | 600i | 700 | 700i | 800 | 800i | 900 | 900i,wght: -,latin | latin-ext,Jakob Ekelund | KH Type | Zalando,680,545,No,2025-09-11,2025-09-16,https://fonts.google.com/specimen/Zalando+Sans+Expanded
1909,Zalando Sans SemiExpanded,Sans Serif,Sans Serif,,clean modern minimal professional readable neutral geometric humanist grotesque versatile multi-weight flexible italic variable variable-font responsive variable-weight english western european extended-latin european,200 | 200i | 300 | 300i | 400 | 400i | 500 | 500i | 600 | 600i | 700 | 700i | 800 | 800i | 900 | 900i,wght: -,latin | latin-ext,Jakob Ekelund | KH Type | Zalando,1171,338,No,2025-09-11,2025-09-16,https://fonts.google.com/specimen/Zalando+Sans+SemiExpanded
1910,Zen Antique,Serif,Serif,,elegant traditional classic refined literary editorial transitional oldstyle didone russian cyrillic slavic greek japanese kanji hiragana katakana english western european extended-latin european,400,,cyrillic | greek | japanese | latin | latin-ext,Yoshimichi Ohira,802,2142,No,2021-08-31,2025-09-08,https://fonts.google.com/specimen/Zen+Antique
1911,Zen Antique Soft,Serif,Serif,,elegant traditional classic refined literary editorial transitional oldstyle didone russian cyrillic slavic greek japanese kanji hiragana katakana english western european extended-latin european,400,,cyrillic | greek | japanese | latin | latin-ext,Yoshimichi Ohira,991,1944,No,2021-08-31,2025-09-10,https://fonts.google.com/specimen/Zen+Antique+Soft
1912,Zen Dots,Display,Sans Serif,Display,bold decorative headline attention-grabbing creative expressive geometric humanist grotesque headline hero decorative large-text attention english western european extended-latin european,400,,latin | latin-ext,Yoshimichi Ohira,940,2234,No,2021-03-11,2025-09-04,https://fonts.google.com/specimen/Zen+Dots
1913,Zen Kaku Gothic Antique,Sans Serif,Sans Serif,,clean modern minimal professional readable neutral geometric humanist grotesque russian cyrillic slavic japanese kanji hiragana katakana english western european extended-latin european,300 | 400 | 500 | 700 | 900,,cyrillic | japanese | latin | latin-ext,Yoshimichi Ohira,492,522,No,2021-08-31,2025-09-04,https://fonts.google.com/specimen/Zen+Kaku+Gothic+Antique
1914,Zen Kaku Gothic New,Sans Serif,Sans Serif,,clean modern minimal professional readable neutral geometric humanist grotesque russian cyrillic slavic japanese kanji hiragana katakana english western european extended-latin european well-known common,300 | 400 | 500 | 700 | 900,,cyrillic | japanese | latin | latin-ext,Yoshimichi Ohira,172,941,No,2021-08-31,2025-09-16,https://fonts.google.com/specimen/Zen+Kaku+Gothic+New
1915,Zen Kurenaido,Sans Serif,Sans Serif,,clean modern minimal professional readable neutral geometric humanist grotesque russian cyrillic slavic greek japanese kanji hiragana katakana english western european extended-latin european,400,,cyrillic | greek | japanese | latin | latin-ext,Yoshimichi Ohira,969,1858,No,2021-08-31,2025-09-10,https://fonts.google.com/specimen/Zen+Kurenaido
1916,Zen Loop,Display,,Display | Handwriting,bold decorative headline attention-grabbing creative expressive  headline hero decorative large-text attention script cursive hand-drawn artistic informal italic english western european extended-latin european,400 | 400i,,latin | latin-ext,Yoshimichi Ohira,1618,86,No,2021-03-10,2025-09-11,https://fonts.google.com/specimen/Zen+Loop
1917,Zen Maru Gothic,Sans Serif,Sans Serif,Display,clean modern minimal professional readable neutral geometric humanist grotesque headline hero decorative large-text attention russian cyrillic slavic greek japanese kanji hiragana katakana english western european extended-latin european well-known common,300 | 400 | 500 | 700 | 900,,cyrillic | greek | japanese | latin | latin-ext,Yoshimichi Ohira,212,1147,No,2021-08-31,2025-06-25,https://fonts.google.com/specimen/Zen+Maru+Gothic
1918,Zen Old Mincho,Serif,Serif,,elegant traditional classic refined literary editorial transitional oldstyle didone russian cyrillic slavic greek japanese kanji hiragana katakana english western european extended-latin european,400 | 500 | 600 | 700 | 900,,cyrillic | greek | japanese | latin | latin-ext,Yoshimichi Ohira,366,935,No,2021-08-31,2025-09-02,https://fonts.google.com/specimen/Zen+Old+Mincho
1919,Zen Tokyo Zoo,Display,,Display,bold decorative headline attention-grabbing creative expressive  headline hero decorative large-text attention english western european extended-latin european,400,,latin | latin-ext,Yoshimichi Ohira,1325,468,No,2021-04-30,2025-09-10,https://fonts.google.com/specimen/Zen+Tokyo+Zoo
1920,Zeyada,Handwriting,,Display | Handwriting,personal casual friendly warm handwritten script organic  headline hero decorative large-text attention script cursive hand-drawn artistic informal english western european extended-latin european well-known common,400,,latin | latin-ext,Kimberly Geswein,296,882,No,2011-06-08,2025-09-16,https://fonts.google.com/specimen/Zeyada
1921,Zhi Mang Xing,Handwriting,,Handwriting,personal casual friendly warm handwritten script organic  script cursive hand-drawn artistic informal chinese simplified mandarin english western european,400,,chinese-simplified | latin,Wei Zhimang,1146,254,No,2019-03-17,2025-09-08,https://fonts.google.com/specimen/Zhi+Mang+Xing
1922,Zilla Slab,Serif,Serif,,elegant traditional classic refined literary editorial transitional oldstyle didone italic english western european extended-latin european well-known common,300 | 300i | 400 | 400i | 500 | 500i | 600 | 600i | 700 | 700i,,latin | latin-ext,Typotheque,164,510,No,2017-06-28,2025-09-04,https://fonts.google.com/specimen/Zilla+Slab
1923,Zilla Slab Highlight,Serif,Slab Serif,,elegant traditional classic refined literary editorial slab mechanical sturdy strong english western european extended-latin european,400 | 700,,latin | latin-ext,Typotheque,1250,1883,No,2017-07-26,2025-09-11,https://fonts.google.com/specimen/Zilla+Slab+Highlight
